id,title,description,link,image_link,additional_image_link,availability,price,sale_price,condition,brand,gtin,mpn,identifier_exists,google_product_category,product_type,category,shipping,shipping_weight,custom_label_0,custom_label_1,custom_label_2,custom_label_3,custom_label_4
black-profile-shower-partition,Black Profile Soft-Close Sliding Shower Door Price ₹660–1320/sqft 2026 | Designer Matte-Black Sliding Shower Partition — Live Calculator | Woodenmax,"Black profile soft-close sliding shower door — designer matte-black sliding shower partition priced ₹660–₹1,320/sqft. 10mm toughened glass, soft-close roller system rated 50,000 cycles, 16x45 imported aluminium. Black / Gold / Rose Gold / Mill finish. Indicative ₹/sq.ft from Woodenmax live calculators (taxes per final quote). Final BOQ after site verification.",https://woodenmax.in/products/shower-partitions/black-profile-shower-partition,https://woodenmax.in/images/products/shower-partitions/black-profile-shower-glass-partition.webp,"https://woodenmax.in/images/products/shower-partitions/premium-black-profile-bathroom-shower-glass-sliding-soft-close-door.webp, https://woodenmax.in/images/products/shower-partitions/frameless-shower-glass-door-openable-sliding-india.webp, https://woodenmax.in/images/products/shower-partitions/slim-gold-profile-fluted-shower-glass-partition.webp, https://woodenmax.in/images/products/shower-partitions/frosted-glass-bathroom-door-aluminium-frame-openable-india.webp",in stock,660.00 INR,,new,Woodenmax,,,no,1779,Home & Garden > Bathroom > Shower Partitions,Home > Bathroom Shower,IN::Standard:0.00 INR,,shower-partitions,mid,sqft,live-calculator,2026
frameless-shower-partition,Luxury Frameless Shower Enclosure — Walk-in Frameless Shower Glass Door Price ₹440–1320/sqft 2026 | Live Calculator | Woodenmax,"Luxury frameless shower enclosure & walk-in frameless shower glass door priced ₹440–₹1,320/sqft. 10mm toughened glass, hinged or sliding, L-corner & straight configurations. Hotel-grade imported hinges / clamps / handles. Live calculator. Indicative ₹/sq.ft from Woodenmax live calculators (taxes per final quote). Final BOQ after site verification.",https://woodenmax.in/products/shower-partitions/frameless-shower-partition,https://woodenmax.in/images/products/shower-partitions/frameless-shower-glass-door-openable-sliding-india.webp,"https://woodenmax.in/images/products/shower-partitions/slim-gold-profile-fluted-shower-glass-partition.webp, https://woodenmax.in/images/products/shower-partitions/black-profile-shower-glass-partition.webp, https://woodenmax.in/images/products/shower-partitions/premium-black-profile-bathroom-shower-glass-sliding-soft-close-door.webp, https://woodenmax.in/images/products/shower-partitions/frosted-glass-bathroom-door-aluminium-frame-openable-india.webp",in stock,440.00 INR,,new,Woodenmax,,,no,1779,Home & Garden > Bathroom > Shower Partitions,Home > Bathroom Shower,IN::Standard:0.00 INR,,shower-partitions,mid,sqft,live-calculator,2026
frosted-glass-bathroom-door,Fold & Slide Frosted Glass Bathroom Door — Space-Saving Frosted Glass Shower Partition Price ₹22K–99K 2026 | Live Calculator | Woodenmax,"Fold & slide frosted glass bathroom door — space-saving frosted glass shower partition priced ₹22,000–₹99,000. 95% opening, 8mm toughened frosted privacy glass, compact aluminium frame. Ideal for city & apartment bathrooms. Indicative ₹/sq.ft from Woodenmax live calculators (taxes per final quote). Final BOQ after site verification.",https://woodenmax.in/products/shower-partitions/frosted-glass-bathroom-door,https://woodenmax.in/images/products/shower-partitions/frosted-glass-bathroom-door-aluminium-frame-openable-india.webp,"https://woodenmax.in/images/products/shower-partitions/black-profile-shower-glass-partition.webp, https://woodenmax.in/images/products/shower-partitions/premium-black-profile-bathroom-shower-glass-sliding-soft-close-door.webp, https://woodenmax.in/images/products/shower-partitions/frameless-shower-glass-door-openable-sliding-india.webp, https://woodenmax.in/images/products/shower-partitions/slim-gold-profile-fluted-shower-glass-partition.webp",in stock,22000.00 INR,,new,Woodenmax,,,no,1779,Home & Garden > Bathroom > Shower Partitions,Home > Bathroom Shower,IN::Standard:0.00 INR,,shower-partitions,luxury,sqft,live-calculator,2026
premium-black-profile-shower,Premium Black Profile Openable Shower — Designer Matte-Black Hinged Shower Partition ₹660–1320/sqft 2026 | Live Calculator | Woodenmax,"Premium black profile openable shower — designer matte-black hinged shower partition priced ₹660–₹1,320/sqft. 10mm toughened glass, imported 16x45 / 16x35 slim aluminium profiles, towel handle & 3-pc hinges. Matt black, gold, rose-gold, mill finish. Indicative ₹/sq.ft from Woodenmax live calculators (taxes per final quote). Final BOQ after site verification.",https://woodenmax.in/products/shower-partitions/premium-black-profile-shower,https://woodenmax.in/images/products/shower-partitions/premium-black-profile-bathroom-shower-glass-sliding-soft-close-door.webp,"https://woodenmax.in/images/products/shower-partitions/frameless-shower-glass-door-openable-sliding-india.webp, https://woodenmax.in/images/products/shower-partitions/slim-gold-profile-fluted-shower-glass-partition.webp, https://woodenmax.in/images/products/shower-partitions/black-profile-shower-glass-partition.webp, https://woodenmax.in/images/products/shower-partitions/frosted-glass-bathroom-door-aluminium-frame-openable-india.webp",in stock,660.00 INR,,new,Woodenmax,,,no,1779,Home & Garden > Bathroom > Shower Partitions,Home > Bathroom Shower,IN::Standard:0.00 INR,,shower-partitions,mid,sqft,live-calculator,2026
shower-partitions,Bathroom Shower Partitions & Luxury Frameless Shower Glass Enclosures Price ₹440–1320/sqft 2026 | Live Calculator — Hub | Woodenmax,"Bathroom shower partitions & luxury frameless shower glass enclosures — price ₹440–1320/sqft. Compare frameless walk-in shower, hinged shower partitions, soft-close sliding shower, black profile shower doors, slim gold-frame fluted shower & fold-and-slide frosted glass bathroom doors. 8–10mm toughened glass, hotel-grade imported hardware. Live ₹ calculator. Indicative ₹/sq.ft from Woodenmax live calculators (taxes per final quote). Final BOQ after site verification.",https://woodenmax.in/products/shower-partitions,https://woodenmax.in/images/products/shower-partitions/frameless-shower-glass-door-openable-sliding-india.webp,"https://woodenmax.in/images/products/shower-partitions/premium-black-profile-bathroom-shower-glass-sliding-soft-close-door.webp, https://woodenmax.in/images/products/shower-partitions/black-profile-shower-glass-partition.webp, https://woodenmax.in/images/products/shower-partitions/frosted-glass-bathroom-door-aluminium-frame-openable-india.webp, https://woodenmax.in/images/products/shower-partitions/slim-gold-profile-fluted-shower-glass-partition.webp",in stock,440.00 INR,,new,Woodenmax,,,no,1779,Home & Garden > Bathroom > Shower Partitions,Home > Bathroom Shower,IN::Standard:0.00 INR,,shower-partitions,mid,sqft,live-calculator,2026
slim-frame-shower-partition,Slim Gold-Frame Fluted Shower Partition — Designer Fluted Glass Gold Shower Enclosure Price ₹935–1320/sqft 2026 | Live Calculator | Woodenmax,"Slim gold-frame fluted shower partition — designer fluted glass gold shower enclosure priced ₹935–₹1,320/sqft. 8–10mm toughened fluted / clear glass, slim brass-gold profile, hinged or sliding. Mediterranean-luxury bathroom style. Indicative ₹/sq.ft from Woodenmax live calculators (taxes per final quote). Final BOQ after site verification.",https://woodenmax.in/products/shower-partitions/slim-frame-shower-partition,https://woodenmax.in/images/products/shower-partitions/slim-gold-profile-fluted-shower-glass-partition.webp,"https://woodenmax.in/images/products/shower-partitions/frameless-shower-glass-door-openable-sliding-india.webp, https://woodenmax.in/images/products/shower-partitions/premium-black-profile-bathroom-shower-glass-sliding-soft-close-door.webp, https://woodenmax.in/images/products/shower-partitions/black-profile-shower-glass-partition.webp, https://woodenmax.in/images/products/shower-partitions/frosted-glass-bathroom-door-aluminium-frame-openable-india.webp",in stock,935.00 INR,,new,Woodenmax,,,no,1779,Home & Garden > Bathroom > Shower Partitions,Home > Bathroom Shower,IN::Standard:0.00 INR,,shower-partitions,mid,sqft,live-calculator,2026
aluminium-mirror-frame-designs,Black Oval Imported Profile Mirror — Motion Sensor | WoodenMax,"Black imported profile oval mirror, vertical pattern, motion sensor, Saint-Gobain glass max 5mm. V120 ₹1,050/sqft, V220 ₹1,150. Packing ₹500/pc. Indicative ₹/sq.ft from Woodenmax live calculators (taxes per final quote). Final BOQ after site verification.",https://woodenmax.in/products/mirror-profiles/aluminium-mirror-frame-designs,https://woodenmax.in/images/products/mirror-profiles/matt-black-aluminium-mirror-frame-profile.webp,,in stock,1050.00 INR,,new,Woodenmax,,,no,119,Home & Garden > Building Materials,Home > Building Materials,IN::Standard:0.00 INR,,mirror-profiles,premium,sqft,live-calculator,2026
backlit-mirror-profile-price,Touch Backlit Mirror Price — Rectangle LED Mirror | WoodenMax,"Rectangle touch backlit mirror — connectors at joints, V120 ₹850/sqft, V220 ₹950/sqft. Custom sizes. WoodenMax India. Indicative ₹/sq.ft from Woodenmax live calculators (taxes per final quote). Final BOQ after site verification.",https://woodenmax.in/products/mirror-profiles/backlit-mirror-profile-price,https://woodenmax.in/images/products/mirror-profiles/backlit-led-mirror-profile-bedroom-design.webp,,in stock,850.00 INR,,new,Woodenmax,,,no,119,Home & Garden > Building Materials,Home > Building Materials,IN::Standard:0.00 INR,,mirror-profiles,mid,sqft,live-calculator,2026
custom-mirror-profile,Custom Height Mirror Profile — Up to 7 ft | WoodenMax,"Custom mirror profile height up to 7 ft, min width 2 ft. V120 ₹1,750/sqft, V220 ₹1,900/sqft. Same LED options. WoodenMax. Indicative ₹/sq.ft from Woodenmax live calculators (taxes per final quote). Final BOQ after site verification.",https://woodenmax.in/products/mirror-profiles/custom-mirror-profile,https://woodenmax.in/images/products/mirror-profiles/custom-shape-led-mirror-profile-design.webp,,in stock,1750.00 INR,,new,Woodenmax,,,no,119,Home & Garden > Building Materials,Home > Building Materials,IN::Standard:0.00 INR,,mirror-profiles,premium,sqft,live-calculator,2026
index,"Aluminium Mirror Profiles Price India — LED, Touch & Motion Sensor | WoodenMax","LED mirror profile ₹720–1,850/ft, plain aluminium ₹450–820/ft, touch sensor from ₹8,500, motion sensor from ₹9,200 — WoodenMax fabricates & installs across Delhi, Jaipur, Hyderabad. Free estimate. Indicative ₹/sq.ft from Woodenmax live calculators (taxes per final quote). Final BOQ after site verification.",https://woodenmax.in/products/mirror-profiles/index,https://woodenmax.in/images/products/mirror-profiles/led-aluminium-mirror-profile-bathroom-price-india.webp,"https://woodenmax.in/images/products/mirror-profiles/double-strip-led-mirror-profile-premium.webp, https://woodenmax.in/images/products/mirror-profiles/aluminium-mirror-frame-profile-gold-finish.webp, https://woodenmax.in/images/products/mirror-profiles/touch-sensor-led-mirror-bathroom-india.webp, https://woodenmax.in/images/products/mirror-profiles/motion-sensor-mirror-auto-on-bathroom.webp, https://woodenmax.in/images/products/mirror-profiles/led-bathroom-mirror-waterproof-profile.webp, https://woodenmax.in/images/products/mirror-profiles/wooden-finish-mirror-profile-wardrobe-design.webp, https://woodenmax.in/images/products/mirror-profiles/backlit-led-mirror-profile-bedroom-design.webp, https://woodenmax.in/images/products/mirror-profiles/round-led-mirror-profile-bathroom-design.webp, https://woodenmax.in/images/products/mirror-profiles/rectangular-backlit-mirror-profile-india.webp, https://woodenmax.in/images/products/mirror-profiles/aluminium-mirror-profile-price-per-foot-india.webp",in stock,450.00 INR,,new,Woodenmax,,,no,119,Home & Garden > Building Materials,Home > Building Materials,IN::Standard:0.00 INR,,mirror-profiles,mid,sqft,live-calculator,2026
led-bathroom-mirror-profile,LED Bathroom Backlit Mirror — Large Rectangle | WoodenMax,"Large rectangle backlit bathroom mirror — normal profile, touch-ready, V120 ₹850/sqft, V220 ₹950/sqft. Sizes 1.5×2.5 ft to 3×5 ft. WoodenMax. Indicative ₹/sq.ft from Woodenmax live calculators (taxes per final quote). Final BOQ after site verification.",https://woodenmax.in/products/mirror-profiles/led-bathroom-mirror-profile,https://woodenmax.in/images/products/mirror-profiles/led-bathroom-mirror-waterproof-profile.webp,,in stock,850.00 INR,,new,Woodenmax,,,no,119,Home & Garden > Building Materials,Home > Building Materials,IN::Standard:0.00 INR,,mirror-profiles,mid,sqft,live-calculator,2026
led-mirror-profile-delhi,D-Type Half Round LED Mirror Price | WoodenMax,"D-type half-round LED mirror — 2 connectors with banding, V120 ₹950/sqft, V220 ₹1,050/sqft. Supply Delhi NCR & pan-India. Indicative ₹/sq.ft from Woodenmax live calculators (taxes per final quote). Final BOQ after site verification.",https://woodenmax.in/products/mirror-profiles/led-mirror-profile-delhi,https://woodenmax.in/images/products/mirror-profiles/led-mirror-profile-installation-hyderabad.webp,,in stock,950.00 INR,,new,Woodenmax,,,no,119,Home & Garden > Building Materials,Home > Building Materials,IN::Standard:0.00 INR,,mirror-profiles,mid,sqft,live-calculator,2026
led-mirror-profile-hyderabad,LED Mirror Profile Price Hyderabad — Aluminium Mirror Frame | WoodenMax,"LED mirror profile Hyderabad factory direct ₹720–1,850/ft. Same-week fabrication for standard sizes. Indicative ₹/sq.ft from Woodenmax live calculators (taxes per final quote). Final BOQ after site verification.",https://woodenmax.in/products/mirror-profiles/led-mirror-profile-hyderabad,https://woodenmax.in/images/products/mirror-profiles/led-mirror-profile-installation-hyderabad.webp,,in stock,720.00 INR,,new,Woodenmax,,,no,119,Home & Garden > Building Materials,Home > Building Materials,IN::Standard:0.00 INR,,mirror-profiles,mid,sqft,live-calculator,2026
led-mirror-profile-price,C-Type LED Mirror Price — More Than Half Round | WoodenMax,"C-type (more than half-round) LED mirror with imported profile, V120 ₹950/sqft, V220 ₹1,050/sqft. Connectors & banding. WoodenMax India. Indicative ₹/sq.ft from Woodenmax live calculators (taxes per final quote). Final BOQ after site verification.",https://woodenmax.in/products/mirror-profiles/led-mirror-profile-price,https://woodenmax.in/images/products/mirror-profiles/double-strip-led-mirror-profile-premium.webp,,in stock,950.00 INR,,new,Woodenmax,,,no,119,Home & Garden > Building Materials,Home > Building Materials,IN::Standard:0.00 INR,,mirror-profiles,mid,sqft,live-calculator,2026
mirror-profile-price-per-foot,Custom Beveled Mirror Price — Glass Only & Add-On Profile/LED | WoodenMax,"Customised beveled mirror ₹850/sqft (glass only). Add profile +₹250/sqft, LED V120 +₹120, V220 +₹200. WoodenMax. Indicative ₹/sq.ft from Woodenmax live calculators (taxes per final quote). Final BOQ after site verification.",https://woodenmax.in/products/mirror-profiles/mirror-profile-price-per-foot,https://woodenmax.in/images/products/mirror-profiles/aluminium-mirror-profile-price-per-foot-india.webp,,in stock,250.00 INR,,new,Woodenmax,,,no,119,Home & Garden > Building Materials,Home > Building Materials,IN::Standard:0.00 INR,,mirror-profiles,budget,sqft,live-calculator,2026
mirror-profile-without-led,Plain Aluminium Mirror Profile Price — Without LED Frame | WoodenMax,"Plain aluminium mirror profile ₹450–820/ft. Silver, black, gold, wooden finish. Custom sizes. WoodenMax Delhi, Hyderabad, Jaipur. Indicative ₹/sq.ft from Woodenmax live calculators (taxes per final quote). Final BOQ after site verification.",https://woodenmax.in/products/mirror-profiles/mirror-profile-without-led,https://woodenmax.in/images/products/mirror-profiles/aluminium-mirror-frame-profile-gold-finish.webp,,in stock,450.00 INR,,new,Woodenmax,,,no,119,Home & Garden > Building Materials,Home > Building Materials,IN::Standard:0.00 INR,,mirror-profiles,mid,sqft,live-calculator,2026
motion-sensor-mirror-profile,Luxury Custom Backlit Mirror — Motion & Touch Sensor | WoodenMax,"Highly customised luxury mirror — dual glass shapes, beveling, backlight without profile. V120 ₹1,850/sqft. Motion ₹1,220/glass. Touch ₹850/pc. Indicative ₹/sq.ft from Woodenmax live calculators (taxes per final quote). Final BOQ after site verification.",https://woodenmax.in/products/mirror-profiles/motion-sensor-mirror-profile,https://woodenmax.in/images/products/mirror-profiles/motion-sensor-mirror-auto-on-bathroom.webp,,in stock,1850.00 INR,,new,Woodenmax,,,no,119,Home & Garden > Building Materials,Home > Building Materials,IN::Standard:0.00 INR,,mirror-profiles,premium,sqft,live-calculator,2026
rectangular-mirror-profile,Rectangular Touch LED Mirror — Square & Rectangle | WoodenMax,"Rectangular or square touch LED mirror — same rates as standard round line. V120/V220, 3A touch. Live calculator. WoodenMax.",https://woodenmax.in/products/mirror-profiles/rectangular-mirror-profile,https://woodenmax.in/images/products/mirror-profiles/rectangular-backlit-mirror-profile-india.webp,,in stock,550.00 INR,,new,Woodenmax,,,no,119,Home & Garden > Building Materials,Home > Building Materials,IN::Standard:0.00 INR,,mirror-profiles,mid,sqft,live-calculator,2026
round-mirror-profile,Round Slim Profile Touch LED Mirror Price | WoodenMax,Round touch LED mirror with slim aluminium profile — same line as standard round +₹100/sq.ft. Live calculator. WoodenMax India.,https://woodenmax.in/products/mirror-profiles/round-mirror-profile,https://woodenmax.in/images/products/mirror-profiles/round-led-mirror-profile-bathroom-design.webp,,in stock,100.00 INR,,new,Woodenmax,,,no,119,Home & Garden > Building Materials,Home > Building Materials,IN::Standard:0.00 INR,,mirror-profiles,budget,sqft,live-calculator,2026
touch-sensor-mirror-profile,Touch Round LED Mirror Price — Standard Profile | WoodenMax,Round touch LED mirror with standard aluminium profile. Sizes 2×2 to 4×4 ft. Live calculator — per piece amount. WoodenMax India.,https://woodenmax.in/products/mirror-profiles/touch-sensor-mirror-profile,https://woodenmax.in/images/products/mirror-profiles/touch-sensor-led-mirror-bathroom-india.webp,,in stock,550.00 INR,,new,Woodenmax,,,no,119,Home & Garden > Building Materials,Home > Building Materials,IN::Standard:0.00 INR,,mirror-profiles,mid,sqft,live-calculator,2026
wardrobe-mirror-profile,Wooden Finish Round Wardrobe Mirror — Touch LED | WoodenMax,Wooden colour coating round wardrobe mirror with touch sensor. Sizes 2×2 to 4×4 ft. V120 with wooden coating. Live calculator. WoodenMax.,https://woodenmax.in/products/mirror-profiles/wardrobe-mirror-profile,https://woodenmax.in/images/products/mirror-profiles/wooden-finish-mirror-profile-wardrobe-design.webp,,in stock,550.00 INR,,new,Woodenmax,,,no,119,Home & Garden > Building Materials,Home > Building Materials,IN::Standard:0.00 INR,,mirror-profiles,mid,sqft,live-calculator,2026
elevation-cladding,Elevation Cladding — HPL Exterior Cladding & ACP Elevation Panels Price ₹132+/sqft 2026 | Facade Calculator | Woodenmax,"Elevation cladding India 2026 — HPL exterior cladding ₹341–₹537/sqft, ACP elevation panels ₹312–₹601/sqft, HPL + ACP combo facades priced live. FunderMax / Greenlam HPL, PVDF ACP, FR Grade B for Railways / Airports / Govt projects. Live facade calculator. Indicative ₹/sq.ft from Woodenmax live calculators (taxes per final quote). Final BOQ after site verification.",https://woodenmax.in/products/elevation-cladding,https://woodenmax.in/images/products/elevation-cladding/hpl-acp-elevation-house-cladding.webp,https://woodenmax.in/images/products/elevation-cladding/hpl-exterior-cladding-natural-finish.webp,in stock,132.00 INR,,new,Woodenmax,,,no,503775,Home & Garden > Building Materials > Cladding & Facade,Home > Cladding & ACP/HPL,IN::Standard:0.00 INR,,elevation-cladding,budget,sqft,live-calculator,2026
hpl-acp-elevation-cladding,HPL + ACP Elevation Cladding Combo — PVDF ACP Facade & HPL Ceiling Panels Price ₹312–₹601/sqft 2026 | Live Calculator | Woodenmax,"HPL + ACP elevation cladding combo — PVDF ACP facade panels (3mm ₹312 / 4mm ₹359 / 6mm ₹451) + wooden HPL ceilings / beam covers / balcony soffits. FR Grade B 4mm ACP ₹601/sqft for Railways, Airports & Govt projects. 4x4 grid aluminium framework, concealed fixing, 15–25 year life. Indicative ₹/sq.ft from Woodenmax live calculators (taxes per final quote). Final BOQ after site verification.",https://woodenmax.in/products/elevation-cladding/hpl-acp-elevation-cladding,https://woodenmax.in/images/products/acp-sheets-pic/acp-elevation-cladding-aluminium-composite-panel-for-commercial-buildings.webp,"https://woodenmax.in/images/products/acp-sheets-pic/hotel-exterior-hpl-acp-cladding.webp, https://woodenmax.in/images/products/acp-sheets-pic/hpl-exterior-cladding-premium-wood-finish.webp, https://woodenmax.in/images/products/acp-sheets-pic/premium-hpl-acp-cladding-for-commercial-building.webp, https://woodenmax.in/images/products/elevation-cladding/hpl-exterior-cladding-natural-finish.webp, https://woodenmax.in/images/products/metal-louvers/wooden-finish-aluminium-louvers-elevation.webp, https://woodenmax.in/images/products/structural-glazing-building-elevation.webp, https://woodenmax.in/images/products/metal-louvers/aluminium-louver-canopy-elevation-facade.webp, https://woodenmax.in/images/products/elevation-cladding/hpl-acp-elevation-house-cladding.webp",in stock,312.00 INR,,new,Woodenmax,,,no,503775,Home & Garden > Building Materials > Cladding & Facade,Home > Cladding & ACP/HPL,IN::Standard:0.00 INR,,elevation-cladding,budget,sqft,live-calculator,2026
hpl-exterior-cladding,HPL Exterior Cladding — FunderMax / Greenlam Wooden HPL Facade Panels Price ₹341–₹727/sqft 2026 | Live Calculator | Woodenmax,"HPL exterior cladding — FunderMax / Greenlam / Newmika wooden HPL facade panels priced ₹341–₹727/sqft (incl. installation). 6mm thickness, 30+ wood & plain colors, 50x25mm aluminium framework, powder-coated fasteners, 15–25 year life. For villas, resorts, offices, cafés, gates & ceilings. Indicative ₹/sq.ft from Woodenmax live calculators (taxes per final quote). Final BOQ after site verification.",https://woodenmax.in/products/elevation-cladding/hpl-exterior-cladding,https://woodenmax.in/images/products/hpl-sheet-pic/hpl-acp-exterior-cladding-india.webp,"https://woodenmax.in/images/products/hpl-sheet-pic/bungalow-hpl-acp-facade.webp, https://woodenmax.in/images/products/hpl-sheet-pic/wood-texture-hpl-acp-cladding.webp, https://woodenmax.in/images/products/hpl-sheet-pic/walnut-finish-hpl-acp-exterior-panels.webp, https://woodenmax.in/images/products/hpl-sheet-pic/balcony-hpl-acp-wall-cladding.webp, https://woodenmax.in/images/products/hpl-sheet-pic/best-hpl-acp-cladding-manufacturer-india.webp, https://woodenmax.in/images/products/elevation-cladding/hpl-exterior-cladding-natural-finish.webp, https://woodenmax.in/images/products/elevation-cladding/hpl-acp-elevation-house-cladding.webp, https://woodenmax.in/images/products/metal-louvers/wooden-finish-aluminium-louvers-elevation.webp, https://woodenmax.in/images/products/structural-glazing-building-elevation.webp, https://woodenmax.in/images/products/metal-louvers/aluminium-louver-canopy-elevation-facade.webp",in stock,341.00 INR,,new,Woodenmax,,,no,503775,Home & Garden > Building Materials > Cladding & Facade,Home > Cladding & ACP/HPL,IN::Standard:0.00 INR,,elevation-cladding,budget,sqft,live-calculator,2026
fold-bifold-aluminium-doors,Bi-Fold Door ( Folding Sliding Window System ) Price ₹1750-2850/sqft 2026 | Free Calculator | Woodenmax,"Bi-fold aluminium glass door price ₹1750-2850/sqft. 50-52mm slim profiles, 95% opening space. Balcony, partition. Live price calculator. Indicative ₹/sq.ft from Woodenmax live calculators (taxes per final quote). Final BOQ after site verification.",https://woodenmax.in/products/folding-systems/fold-bifold-aluminium-doors,https://woodenmax.in/images/products/fold-%26-befold-pic/fold-bifold-aluminium-glass-door-balcony-india.webp,"https://woodenmax.in/images/products/fold-%26-befold-pic/aluminium-bifold-glass-door-for-balcony-opening.webp, https://woodenmax.in/images/products/fold-%26-befold-pic/folding-glass-door-aluminium-frame-interior-partition-system.webp, https://woodenmax.in/images/products/fold-%26-befold-pic/living-room-folding-glass-door-partition.webp, https://woodenmax.in/images/products/fold-%26-befold-pic/outdoor-indoor-folding-aluminium-glass-door.webp, https://woodenmax.in/images/products/fold-%26-befold-pic/slim-profile-aluminium-bifold-glass-door.webp, https://woodenmax.in/images/products/fold-sliding-window-pic/fold-sliding-window-system-slim-aluminium-profiles.webp, https://woodenmax.in/images/products/telescope-windows/telescopic-slim-profile-soft-close-fluted-glass-kitchen-partition.webp, https://woodenmax.in/images/products/aluminium-windows/2-track-aluminium-french-sliding-door-window.webp, https://woodenmax.in/images/products/shower-partitions/frosted-glass-bathroom-door-aluminium-frame-openable-india.webp",in stock,1750.00 INR,,new,Woodenmax,,,no,4634,Home & Garden > Building Materials > Doors,Home > Folding Doors,IN::Standard:0.00 INR,,folding-systems,premium,sqft,live-calculator,2026
fold-sliding-window-system,Fold & Slide Window ( Collapsible Window ) Price ₹1550-2150/sqft 2026 | Free Calculator | Woodenmax,"Fold & sliding collapsible window system price ₹1550-2150/sqft. Imported slim profiles, mortice lock. Gates, entrance, windows. Price calculator. Indicative ₹/sq.ft from Woodenmax live calculators (taxes per final quote). Final BOQ after site verification.",https://woodenmax.in/products/folding-systems/fold-sliding-window-system,https://woodenmax.in/images/products/fold-sliding-window-pic/fold-sliding-window-system-slim-aluminium-profiles.webp,"https://woodenmax.in/images/products/fold-sliding-window-pic/garden-access-bifold-aluminium-glass-door.webp, https://woodenmax.in/images/products/fold-sliding-window-pic/showroom-front-aluminium-bifold-glass-door.webp, https://woodenmax.in/images/products/fold-sliding-window-pic/terrace-folding-aluminium-glass-door.webp, https://woodenmax.in/images/products/fold-sliding-window-pic/whatsapp-image-2025-12-30-at-7-19-23-pm-2.webp, https://woodenmax.in/images/products/fold-%26-befold-pic/fold-bifold-aluminium-glass-door-balcony-india.webp, https://woodenmax.in/images/products/telescope-windows/telescopic-slim-profile-soft-close-fluted-glass-kitchen-partition.webp, https://woodenmax.in/images/products/aluminium-windows/3-track-aluminium-sliding-window-with-mesh.webp, https://woodenmax.in/images/products/shower-partitions/frosted-glass-bathroom-door-aluminium-frame-openable-india.webp",in stock,1550.00 INR,,new,Woodenmax,,,no,4634,Home & Garden > Building Materials > Doors,Home > Folding Doors,IN::Standard:0.00 INR,,folding-systems,premium,sqft,live-calculator,2026
folding-systems,Folding Door Price ₹1550-2850/sqft (2026) | Instant Quote | Woodenmax,"Folding door price ₹1550-2850/sqft. Bi-fold slim ₹1750-2850, fold & slide collapsible ₹1550-2150. 50-52mm aluminium profiles, 95% opening. Live calculator. Indicative ₹/sq.ft from Woodenmax live calculators (taxes per final quote). Final BOQ after site verification.",https://woodenmax.in/products/folding-systems,https://woodenmax.in/images/products/folding-systems/folding-aluminium-balcony-door-toughened-glass-india.webp,https://woodenmax.in/images/products/folding-systems/fold-and-sliding-window-imported-profiles.webp,in stock,1550.00 INR,,new,Woodenmax,,,no,4634,Home & Garden > Building Materials > Doors,Home > Folding Doors,IN::Standard:0.00 INR,,folding-systems,premium,sqft,live-calculator,2026
telescope-windows,Telescopic Door ( Kitchen Partition Door ) Price ₹1650-2250/sqft 2026 | Price Calculator | Woodenmax,"Telescopic sliding door price ₹1650-2250/sqft. Kitchen partition, hall divider, soft-close. 1+1 to 4+1 panels. Live calculator for quotes. Indicative ₹/sq.ft from Woodenmax live calculators (taxes per final quote). Final BOQ after site verification.",https://woodenmax.in/products/telescope-windows,https://woodenmax.in/images/products/telescope-windows/telescopic-slim-profile-soft-close-fluted-glass-kitchen-partition.webp,,in stock,1650.00 INR,,new,Woodenmax,,,no,4634,Home & Garden > Building Materials > Doors,Home > Doors & Partitions,IN::Standard:0.00 INR,,telescope-windows,premium,sqft,live-calculator,2026
telescopic-slim-sliding-door,Telescopic Slim Sliding Door Price ₹950+/sqft 2026 | Style Door & Instant Quote | Woodenmax,"Telescopic slim sliding door (glass style door / instant door type quote) from ₹1650/sqft. Soft-close, fluted or clear glass, kitchen & hall partition. 1+1 to 4+1 panels. Live calculator — instant price. Indicative ₹/sq.ft from Woodenmax live calculators (taxes per final quote). Final BOQ after site verification.",https://woodenmax.in/products/telescope-windows/telescopic-slim-sliding-door,https://woodenmax.in/images/products/telescope-windows/telescopic-slim-profile-soft-close-fluted-glass-kitchen-partition.webp,"https://woodenmax.in/images/products/telescope-windows/aluminium-telescopic-sliding-window.webp, https://woodenmax.in/images/products/telescope-windows/large-opening-telescopic-sliding-window.webp, https://woodenmax.in/images/products/telescope-windows/multi-panel-telescopic-window.webp, https://woodenmax.in/images/products/telescope-windows/synchro-sliding-window.webp, https://woodenmax.in/images/products/fold-%26-befold-pic/fold-bifold-aluminium-glass-door-balcony-india.webp, https://woodenmax.in/images/products/fold-sliding-window-pic/fold-sliding-window-system-slim-aluminium-profiles.webp, https://woodenmax.in/images/products/aluminium-windows/2-track-aluminium-french-sliding-door-window.webp, https://woodenmax.in/images/products/shower-partitions/frameless-shower-glass-door-openable-sliding-india.webp",in stock,950.00 INR,,new,Woodenmax,,,no,4634,Home & Garden > Building Materials > Doors,Home > Doors & Partitions,IN::Standard:0.00 INR,,telescope-windows,mid,sqft,live-calculator,2026
aluminium-facade-louver-price,Aluminium Facade Louver Price per Sqft 2026 — Building Exterior | WoodenMax,"Facade aluminium louver ₹580–820/sqft installed. Profiles 50×25 to 150×50 mm. Gap, finish & bracket BOQ. WoodenMax Delhi, Hyderabad, Jaipur. Indicative ₹/sq.ft from Woodenmax live calculators (taxes per final quote). Final BOQ after site verification.",https://woodenmax.in/products/metal-louvers/aluminium-facade-louver-price,https://woodenmax.in/images/products/metal-louvers/aluminium-facade-louver-75x38mm-wooden-finish-delhi.webp,,in stock,580.00 INR,,new,Woodenmax,,,no,503775,Home & Garden > Building Materials > Facade Louvers,Home > Louvers & Façade,IN::Standard:0.00 INR,,metal-louvers,mid,sqft,live-calculator,2026
aluminium-louver-design-building,Aluminium Louver Design for Building Exterior — 30+ Ideas & Price | WoodenMax,"30+ aluminium louver building exterior design ideas with ₹/sqft rates. Horizontal, vertical, curved, canopy & wooden finish. WoodenMax gallery. Indicative ₹/sq.ft from Woodenmax live calculators (taxes per final quote). Final BOQ after site verification.",https://woodenmax.in/products/metal-louvers/aluminium-louver-design-building,https://woodenmax.in/images/products/metal-louvers/commercial-building-aluminium-louver-installation.webp,,in stock,520.00 INR,,new,Woodenmax,,,no,503775,Home & Garden > Building Materials > Facade Louvers,Home > Louvers & Façade,IN::Standard:0.00 INR,,metal-louvers,mid,sqft,live-calculator,2026
aluminium-louvre-100x50mm-price,100x50mm Aluminium Louvre Price India 2026 — Heavy Duty | WoodenMax,100×50 mm heavy-duty aluminium louver ₹680–950/sqft. Villa & commercial elevation. 1.4 mm wall. WoodenMax. Indicative ₹/sq.ft from Woodenmax live calculators (taxes per final quote). Final BOQ after site verification.,https://woodenmax.in/products/metal-louvers/aluminium-louvre-100x50mm-price,https://woodenmax.in/images/products/metal-louvers/elevation-louvers-rafters-3d.webp,,in stock,680.00 INR,,new,Woodenmax,,,no,503775,Home & Garden > Building Materials > Facade Louvers,Home > Louvers & Façade,IN::Standard:0.00 INR,,metal-louvers,mid,sqft,live-calculator,2026
aluminium-louvre-75x38mm-price,75x38mm Aluminium Louvre Price India 2026 — Specs per Sqft | WoodenMax,"75×38 mm aluminium louver ₹580–750/sqft. Gap 25/38 mm, 1.2 mm wall. Most popular facade profile. WoodenMax specs & rates. Indicative ₹/sq.ft from Woodenmax live calculators (taxes per final quote). Final BOQ after site verification.",https://woodenmax.in/products/metal-louvers/aluminium-louvre-75x38mm-price,https://woodenmax.in/images/products/metal-louvers/aluminium-louver-75x38mm-profile-close-up.webp,,in stock,580.00 INR,,new,Woodenmax,,,no,503775,Home & Garden > Building Materials > Facade Louvers,Home > Louvers & Façade,IN::Standard:0.00 INR,,metal-louvers,mid,sqft,live-calculator,2026
ceiling-pergola-louvers,Ceiling Louvers & Rafters — Aluminium Ceiling Rafters Pergola Price ₹554/sqft 2026 | Live Calculator | Woodenmax,"Ceiling louvers & rafters — 25x75mm aluminium ceiling rafters pergola priced ₹554/sqft. Resort-feel outdoor ceiling louvers for backyard, terrace, poolside, farmhouse and porch soffits. Powder-coat / PVDF / wooden texture. Live ₹ calculator. Indicative ₹/sq.ft from Woodenmax live calculators (taxes per final quote). Final BOQ after site verification.",https://woodenmax.in/products/metal-louvers/ceiling-pergola-louvers,https://woodenmax.in/images/products/metal-louvers/aluminium-ceiling-louvers-pergola-backyard.webp,,in stock,554.00 INR,,new,Woodenmax,,,no,503775,Home & Garden > Building Materials > Facade Louvers,Home > Louvers & Façade,IN::Standard:0.00 INR,,metal-louvers,mid,sqft,live-calculator,2026
commercial-building-louvers,Commercial Building Aluminium Louver Price India — Bulk Rates | WoodenMax,Commercial building louver bulk ₹450–820/sqft with 5–15% volume discounts. Pan-India supply. WoodenMax facade division. Indicative ₹/sq.ft from Woodenmax live calculators (taxes per final quote). Final BOQ after site verification.,https://woodenmax.in/products/metal-louvers/commercial-building-louvers,https://woodenmax.in/images/products/metal-louvers/commercial-building-aluminium-louver-installation.webp,,in stock,450.00 INR,,new,Woodenmax,,,no,503775,Home & Garden > Building Materials > Facade Louvers,Home > Louvers & Façade,IN::Standard:0.00 INR,,metal-louvers,mid,sqft,live-calculator,2026
curved-architectural-louvers,Architectural Louvers — Sleek Curved Facade Aluminium Louvers Price ₹570/sqft 2026 | Live Calculator | Woodenmax,"Architectural aluminium louvers — sleek 60x40mm curved facade louvers priced ₹570/sqft. Custom-cut, bent & profiled for signature elevations, entry arches and award-winning facades. PVDF / powder-coat / anodised. Live ₹ calculator. Indicative ₹/sq.ft from Woodenmax live calculators (taxes per final quote). Final BOQ after site verification.",https://woodenmax.in/products/metal-louvers/curved-architectural-louvers,https://woodenmax.in/images/products/metal-louvers/architectural-curved-aluminium-louvers-facade.webp,,in stock,570.00 INR,,new,Woodenmax,,,no,503775,Home & Garden > Building Materials > Facade Louvers,Home > Louvers & Façade,IN::Standard:0.00 INR,,metal-louvers,mid,sqft,live-calculator,2026
index,"Aluminium Louver Price per Sqft India 2026 — Facade, Ventilation & Motorized | WoodenMax","Aluminium louver ₹450–1,450/sqft installed. Facade, ventilation, wooden finish, motorized & perforated panels. WoodenMax fabricates in Hyderabad — free site visit Delhi, Jaipur, Hyderabad. Indicative ₹/sq.ft from Woodenmax live calculators (taxes per final quote). Final BOQ after site verification.",https://woodenmax.in/products/metal-louvers/index,https://woodenmax.in/images/products/metal-louvers/building-exterior-aluminium-louver-cladding-india.webp,"https://woodenmax.in/images/products/metal-louvers/aluminium-facade-louver-75x38mm-wooden-finish-delhi.webp, https://woodenmax.in/images/products/metal-louvers/fixed-aluminium-luxury-louver-ventilation-panel.webp, https://woodenmax.in/images/products/metal-louvers/aluminium-louver-curved-architectural-design.webp, https://woodenmax.in/images/products/metal-louvers/Aluminium-elevation-twisted-louvers.webp, https://woodenmax.in/images/products/metal-louvers/black-powder-coat-aluminium-louver-facade.webp, https://woodenmax.in/images/products/metal-louvers/commercial-building-aluminium-louver-installation.webp, https://woodenmax.in/images/products/metal-louvers/aluminium-louver-installation-ncr-project.webp, https://woodenmax.in/images/products/metal-louvers/residential-aluminium-facade-louver-hyderabad.webp, https://woodenmax.in/images/products/metal-louvers/wooden-finish-aluminium-louver-building-exterior.webp, https://woodenmax.in/images/products/metal-louvers/aluminium-louver-75x38mm-profile-close-up.webp",in stock,450.00 INR,,new,Woodenmax,,,no,503775,Home & Garden > Building Materials > Facade Louvers,Home > Louvers & Façade,IN::Standard:0.00 INR,,metal-louvers,mid,sqft,live-calculator,2026
louver-canopy-facade,Duct Shaft Louvers & Canopy Louvers — Aluminium Louver Canopy / Duct Shaft Screening Price ₹601/sqft 2026 | Live Calculator | Woodenmax,"Duct shaft louvers & aluminium louver canopy — 50x50mm 6063-T6 louvers priced ₹601/sqft. Engineered duct shaft screening, AHU louvers, entry canopy, gate canopy & balcony facade sunshade. PVDF / powder-coat / anodised. Live ₹ calculator. Indicative ₹/sq.ft from Woodenmax live calculators (taxes per final quote). Final BOQ after site verification.",https://woodenmax.in/products/metal-louvers/louver-canopy-facade,https://woodenmax.in/images/products/metal-louvers/aluminium-louver-canopy-elevation-facade.webp,,in stock,601.00 INR,,new,Woodenmax,,,no,503775,Home & Garden > Building Materials > Facade Louvers,Home > Louvers & Façade,IN::Standard:0.00 INR,,metal-louvers,mid,sqft,live-calculator,2026
louver-installation-guide,"Aluminium Louver Installation Guide — Process, Timeline & Cost | WoodenMax","Aluminium louver installation steps, timeline, tools & cost factors. WoodenMax NCR & Hyderabad installation teams. Indicative ₹/sq.ft from Woodenmax live calculators (taxes per final quote). Final BOQ after site verification.",https://woodenmax.in/products/metal-louvers/louver-installation-guide,https://woodenmax.in/images/products/metal-louvers/aluminium-louver-installation-ncr-project.webp,,in stock,520.00 INR,,new,Woodenmax,,,no,503775,Home & Garden > Building Materials > Facade Louvers,Home > Louvers & Façade,IN::Standard:0.00 INR,,metal-louvers,mid,sqft,live-calculator,2026
louver-price-delhi,Aluminium Louver Price Delhi NCR 2026 — Supply & Installation | WoodenMax,"Aluminium louver Delhi NCR ₹450–1,450/sqft. Gurgaon, Noida, Faridabad install. WoodenMax NCR facade team. Indicative ₹/sq.ft from Woodenmax live calculators (taxes per final quote). Final BOQ after site verification.",https://woodenmax.in/products/metal-louvers/louver-price-delhi,https://woodenmax.in/images/products/metal-louvers/aluminium-louver-installation-ncr-project.webp,,in stock,450.00 INR,,new,Woodenmax,,,no,503775,Home & Garden > Building Materials > Facade Louvers,Home > Louvers & Façade,IN::Standard:0.00 INR,,metal-louvers,mid,sqft,live-calculator,2026
louver-price-hyderabad,Aluminium Louver Price Hyderabad 2026 — Factory Direct Facade | WoodenMax,"Aluminium louver Hyderabad factory direct ₹450–1,450/sqft. Fastest lead times. Residential & commercial facade at Aaghapura plant. Indicative ₹/sq.ft from Woodenmax live calculators (taxes per final quote). Final BOQ after site verification.",https://woodenmax.in/products/metal-louvers/louver-price-hyderabad,https://woodenmax.in/images/products/metal-louvers/residential-aluminium-facade-louver-hyderabad.webp,,in stock,450.00 INR,,new,Woodenmax,,,no,503775,Home & Garden > Building Materials > Facade Louvers,Home > Louvers & Façade,IN::Standard:0.00 INR,,metal-louvers,mid,sqft,live-calculator,2026
louver-price-jaipur,Aluminium Louver Price Jaipur 2026 — Facade & Ventilation | WoodenMax,"Aluminium louver Jaipur ₹450–1,450/sqft. Villa facades, haveli-style elevations, commercial vents. WoodenMax Rajasthan projects. Indicative ₹/sq.ft from Woodenmax live calculators (taxes per final quote). Final BOQ after site verification.",https://woodenmax.in/products/metal-louvers/louver-price-jaipur,https://woodenmax.in/images/products/metal-louvers/wooden-finish-aluminium-louver-building-exterior.webp,,in stock,450.00 INR,,new,Woodenmax,,,no,503775,Home & Garden > Building Materials > Facade Louvers,Home > Louvers & Façade,IN::Standard:0.00 INR,,metal-louvers,mid,sqft,live-calculator,2026
metal-louvers,"Architectural Aluminium Louvers & Rafters India (2026) | Elevation, Ceiling, Duct Shaft, Canopy Louvers — Price Hub | Woodenmax","Architectural aluminium louvers & rafters India 2026 — elevation louvers/rafters, ceiling louvers & rafters, duct shaft louvers and canopy sunshades in one hub. Compare reference rates per piece & per sqft; live calculators on each product page. Indicative ₹/sq.ft from Woodenmax live calculators (taxes per final quote). Final BOQ after site verification.",https://woodenmax.in/products/metal-louvers,https://woodenmax.in/images/products/metal-louvers/wooden-finish-aluminium-louvers-elevation.webp,"https://woodenmax.in/images/products/metal-louvers/architectural-curved-aluminium-louvers-facade.webp, https://woodenmax.in/images/products/metal-louvers/aluminium-ceiling-louvers-pergola-backyard.webp, https://woodenmax.in/images/products/metal-louvers/aluminium-louver-canopy-elevation-facade.webp, https://woodenmax.in/images/products/aluminium-pergola/glass-pergola-manufacturer.webp, https://woodenmax.in/images/products/profile-pergola/aluminium-pergola-hyderabad.webp, https://woodenmax.in/images/products/skylight/automatic-roof-system-manufacturer.webp, https://woodenmax.in/images/products/retractble-pergola/automatic-pergola.webp, https://woodenmax.in/images/products/profile-and-iron-canopy/aluminium-glass-entrance-pergola-india.webp",in stock,520.00 INR,,new,Woodenmax,,,no,503775,Home & Garden > Building Materials > Facade Louvers,Home > Louvers & Façade,IN::Standard:0.00 INR,,metal-louvers,mid,sqft,live-calculator,2026
motorized-louver-price-india,Motorized Aluminium Louver Price India 2026 — Electric Louvre | WoodenMax,"Motorized aluminium louver ₹1,100–1,450/sqft with motor, controller & install. Premium sun-control facades. WoodenMax India. Indicative ₹/sq.ft from Woodenmax live calculators (taxes per final quote). Final BOQ after site verification.",https://woodenmax.in/products/metal-louvers/motorized-louver-price-india,https://woodenmax.in/images/products/metal-louvers/Aluminium-elevation-twisted-louvers.webp,,in stock,1100.00 INR,,new,Woodenmax,,,no,503775,Home & Garden > Building Materials > Facade Louvers,Home > Louvers & Façade,IN::Standard:0.00 INR,,metal-louvers,premium,sqft,live-calculator,2026
perforated-aluminium-panel-price,Perforated Aluminium Panel Price per Sqft India 2026 | WoodenMax,"Perforated aluminium facade panel ₹620–880/sqft. Round, square & custom CNC patterns. Black, wood, anodized finishes. WoodenMax. Indicative ₹/sq.ft from Woodenmax live calculators (taxes per final quote). Final BOQ after site verification.",https://woodenmax.in/products/metal-louvers/perforated-aluminium-panel-price,https://woodenmax.in/images/products/metal-louvers/black-powder-coat-aluminium-louver-facade.webp,,in stock,620.00 INR,,new,Woodenmax,,,no,503775,Home & Garden > Building Materials > Facade Louvers,Home > Louvers & Façade,IN::Standard:0.00 INR,,metal-louvers,mid,sqft,live-calculator,2026
wooden-finish-aluminium-louvers,Wooden Finish Aluminium Rafters & Elevation Louvers Price ₹520/sqft 2026 | Termite-Free Wood Look — Live Calculator | Woodenmax,"Wooden finish aluminium rafters (elevation rafters / wood-look elevation louvers) priced at ₹520/sqft. 100x50x1.2mm 6063-T6 profile with UV-stable wood-texture coating — termite-free replacement for timber rafters on villa facades, balconies and parapets. Live ₹ calculator. Indicative ₹/sq.ft from Woodenmax live calculators (taxes per final quote). Final BOQ after site verification.",https://woodenmax.in/products/metal-louvers/wooden-finish-aluminium-louvers,https://woodenmax.in/images/products/metal-louvers/wooden-finish-aluminium-louvers-elevation.webp,,in stock,520.00 INR,,new,Woodenmax,,,no,503775,Home & Garden > Building Materials > Facade Louvers,Home > Louvers & Façade,IN::Standard:0.00 INR,,metal-louvers,mid,sqft,live-calculator,2026
glass-elevation,Glass Elevation ( Structural Glazing ) Price ₹800-1200/sqft 2026 | Instant Quote | Woodenmax,"Glass elevation price ₹800-1200/sqft. Curtain wall, structural glazing, spider glazing. Reflector glass facade. Free price calculator. Indicative ₹/sq.ft from Woodenmax live calculators (taxes per final quote). Final BOQ after site verification.",https://woodenmax.in/products/glass-elevation,https://woodenmax.in/images/products/Glazing/architectural-glass-elevation.webp,"https://woodenmax.in/images/products/Glazing/curtain-wall-glazing-system.webp, https://woodenmax.in/images/products/Glazing/structural-glazing-facade.webp, https://woodenmax.in/images/products/Glazing/elevation-glass-facade.webp, https://woodenmax.in/images/products/Glazing/commercial-glazing-facade.webp, https://woodenmax.in/images/products/Glazing/aluminium-curtain-wall-glass-elevatio.webp, https://woodenmax.in/images/products/structural-glazing-building-elevation.webp, https://woodenmax.in/images/products/balcony-glass-railing-system/luxury-balcony-glass-railing.webp, https://woodenmax.in/images/products/aluminium-windows/3-track-aluminium-sliding-window-with-mesh.webp, https://woodenmax.in/images/products/elevation-cladding/hpl-acp-elevation-house-cladding.webp, https://woodenmax.in/images/products/metal-louvers/wooden-finish-aluminium-louvers-elevation.webp",in stock,800.00 INR,,new,Woodenmax,,,no,124,Home & Garden > Building Materials > Glass Facade & Windows,Home > Glass Elevation,IN::Standard:0.00 INR,,glass-elevation,mid,sqft,live-calculator,2026
glass-elevation-price-bangalore,Glass Elevation Price in Bengaluru 2026 | ₹850-3400/sqft | WoodenMax,"Live aluminium window price in Bengaluru from ₹850/sqft to ₹3400/sqft. Calculator, finishes, install timelines, free site visit. Free transport on orders ≥ ₹15 L. Indicative ₹/sq.ft from Woodenmax live calculators (taxes per final quote). Final BOQ after site verification.",https://woodenmax.in/products/glass-elevation/glass-elevation-price-bangalore,https://woodenmax.in/images/products/Glazing/architectural-glass-elevation.webp,,in stock,850.00 INR,,new,Woodenmax,,,no,124,Home & Garden > Building Materials > Glass Facade & Windows,Home > Glass Elevation,IN::Standard:0.00 INR,,glass-elevation,mid,sqft,live-calculator,2026
glass-elevation-price-chandigarh,Glass Elevation Price in Chandigarh 2026 | ₹850-3400/sqft | WoodenMax,"Live aluminium window price in Chandigarh from ₹850/sqft to ₹3400/sqft. Calculator, finishes, install timelines, free site visit. Transparent transport pricing. Indicative ₹/sq.ft from Woodenmax live calculators (taxes per final quote). Final BOQ after site verification.",https://woodenmax.in/products/glass-elevation/glass-elevation-price-chandigarh,https://woodenmax.in/images/products/Glazing/architectural-glass-elevation.webp,,in stock,850.00 INR,,new,Woodenmax,,,no,124,Home & Garden > Building Materials > Glass Facade & Windows,Home > Glass Elevation,IN::Standard:0.00 INR,,glass-elevation,mid,sqft,live-calculator,2026
glass-elevation-price-delhi,Glass Elevation Price in Delhi NCR 2026 | ₹850-3400/sqft | WoodenMax,"Live aluminium window price in Delhi NCR from ₹850/sqft to ₹3400/sqft. Calculator, finishes, install timelines, free site visit. Transparent transport pricing. Indicative ₹/sq.ft from Woodenmax live calculators (taxes per final quote). Final BOQ after site verification.",https://woodenmax.in/products/glass-elevation/glass-elevation-price-delhi,https://woodenmax.in/images/products/Glazing/architectural-glass-elevation.webp,,in stock,850.00 INR,,new,Woodenmax,,,no,124,Home & Garden > Building Materials > Glass Facade & Windows,Home > Glass Elevation,IN::Standard:0.00 INR,,glass-elevation,mid,sqft,live-calculator,2026
glass-elevation-price-mumbai,Glass Elevation Price in Mumbai 2026 | ₹850-3400/sqft | WoodenMax,"Live aluminium window price in Mumbai from ₹850/sqft to ₹3400/sqft. Calculator, finishes, install timelines, free site visit. Free transport on orders ≥ ₹15 L. Indicative ₹/sq.ft from Woodenmax live calculators (taxes per final quote). Final BOQ after site verification.",https://woodenmax.in/products/glass-elevation/glass-elevation-price-mumbai,https://woodenmax.in/images/products/Glazing/architectural-glass-elevation.webp,,in stock,850.00 INR,,new,Woodenmax,,,no,124,Home & Garden > Building Materials > Glass Facade & Windows,Home > Glass Elevation,IN::Standard:0.00 INR,,glass-elevation,mid,sqft,live-calculator,2026
glass-elevation-price-pune,Glass Elevation Price in Pune 2026 | ₹850-3400/sqft | WoodenMax,"Live aluminium window price in Pune from ₹850/sqft to ₹3400/sqft. Calculator, finishes, install timelines, free site visit. Free transport on orders ≥ ₹15 L. Indicative ₹/sq.ft from Woodenmax live calculators (taxes per final quote). Final BOQ after site verification.",https://woodenmax.in/products/glass-elevation/glass-elevation-price-pune,https://woodenmax.in/images/products/Glazing/architectural-glass-elevation.webp,,in stock,850.00 INR,,new,Woodenmax,,,no,124,Home & Garden > Building Materials > Glass Facade & Windows,Home > Glass Elevation,IN::Standard:0.00 INR,,glass-elevation,mid,sqft,live-calculator,2026
glass-elevation-price-vijayawada,Glass Elevation Price in Vijayawada 2026 | ₹850-3400/sqft | WoodenMax,"Live aluminium window price in Vijayawada from ₹850/sqft to ₹3400/sqft. Calculator, finishes, install timelines, free site visit. Free transport on orders ≥ ₹15 L. Indicative ₹/sq.ft from Woodenmax live calculators (taxes per final quote). Final BOQ after site verification.",https://woodenmax.in/products/glass-elevation/glass-elevation-price-vijayawada,https://woodenmax.in/images/products/Glazing/architectural-glass-elevation.webp,,in stock,850.00 INR,,new,Woodenmax,,,no,124,Home & Garden > Building Materials > Glass Facade & Windows,Home > Glass Elevation,IN::Standard:0.00 INR,,glass-elevation,mid,sqft,live-calculator,2026
glass-elevation-price-visakhapatnam,Glass Elevation Price in Visakhapatnam 2026 | ₹850-3400/sqft | WoodenMax,"Live aluminium window price in Visakhapatnam from ₹850/sqft to ₹3400/sqft. Calculator, finishes, install timelines, free site visit. Free transport on orders ≥ ₹15 L. Indicative ₹/sq.ft from Woodenmax live calculators (taxes per final quote). Final BOQ after site verification.",https://woodenmax.in/products/glass-elevation/glass-elevation-price-visakhapatnam,https://woodenmax.in/images/products/Glazing/architectural-glass-elevation.webp,,in stock,850.00 INR,,new,Woodenmax,,,no,124,Home & Garden > Building Materials > Glass Facade & Windows,Home > Glass Elevation,IN::Standard:0.00 INR,,glass-elevation,mid,sqft,live-calculator,2026
glass-elevation-price-warangal,Glass Elevation Price in Warangal 2026 | ₹850-3400/sqft | WoodenMax,"Live aluminium window price in Warangal from ₹850/sqft to ₹3400/sqft. Calculator, finishes, install timelines, free site visit. Free transport on orders ≥ ₹15 L. Indicative ₹/sq.ft from Woodenmax live calculators (taxes per final quote). Final BOQ after site verification.",https://woodenmax.in/products/glass-elevation/glass-elevation-price-warangal,https://woodenmax.in/images/products/Glazing/architectural-glass-elevation.webp,,in stock,850.00 INR,,new,Woodenmax,,,no,124,Home & Garden > Building Materials > Glass Facade & Windows,Home > Glass Elevation,IN::Standard:0.00 INR,,glass-elevation,mid,sqft,live-calculator,2026
balcony-glass-railing,"Balcony Frameless Glass Railing — U-Channel / Base-Rail Balcony Glass Balustrade ₹1,850–2,850/rft 2026 | Live Calculator | Woodenmax","Balcony frameless glass railing — U-channel / base-rail balcony glass balustrade priced ₹1,850–₹2,850 per running foot (rft). 12mm toughened or laminated 5+5 / 6+6 glass, 80x40 / 100x45 / 121x45 aluminium profiles, SS304 brackets & wooden / SS handrails. Terrace, deck, Juliet balcony & pool-deck systems. Indicative ₹/sq.ft from Woodenmax live calculators (taxes per final quote). Final BOQ after site verification.",https://woodenmax.in/products/glass-railing/balcony-glass-railing,https://woodenmax.in/images/products/balcony-glass-railing-system/luxury-balcony-glass-railing.webp,"https://woodenmax.in/images/products/balcony-glass-railing-system/luxury-balcony-glass-railing-2.webp, https://woodenmax.in/images/products/balcony-glass-railing-system/modern-balcony-glass-railing.webp, https://woodenmax.in/images/products/balcony-glass-railing-system/architectural-glass-railing-system.webp, https://woodenmax.in/images/products/balcony-glass-railing-system/glass-railing-terrace-with-profile.webp, https://woodenmax.in/images/products/balcony-glass-railing-system/outdoor-glass-railing-staicase-balcony-with-profile.webp, https://woodenmax.in/images/products/balcony-glass-railing-system/glass-stair-railing-staicase-ramp-with-aluminium-profile.webp, https://woodenmax.in/images/products/staircase-glass-railing/luxury-frameless-glass-staircase.webp, https://woodenmax.in/images/products/shower-partitions/frameless-shower-glass-door-openable-sliding-india.webp, https://woodenmax.in/images/products/aluminium-windows/3-track-aluminium-sliding-window-with-mesh.webp",in stock,1850.00 INR,,new,Woodenmax,,,no,499949,Home & Garden > Building Materials > Glass Railings,Home > Glass Railing,IN::Standard:0.00 INR,,glass-railing,premium,rft,live-calculator,2026
glass-railing,Frameless Glass Railing Systems — Balcony ₹1850–2850/rft & Staircase ₹2450–3350/rft India 2026 | Live Calculator — Hub | Woodenmax,"Frameless glass railing systems — balcony glass railing ₹1,850–₹2,850/rft and staircase glass railing ₹2,450–₹3,350/rft. Slim U-channel & base-rail profiles, SS304 brackets, 12mm toughened or laminated 6+6 glass, aluminium / wooden / SS handrails. Live calculator for instant quote. Indicative ₹/sq.ft from Woodenmax live calculators (taxes per final quote). Final BOQ after site verification.",https://woodenmax.in/products/glass-railing,https://woodenmax.in/images/products/balcony-glass-railing-system/luxury-balcony-glass-railing.webp,https://woodenmax.in/images/products/staircase-glass-railing/luxury-frameless-glass-staircase.webp,in stock,1850.00 INR,,new,Woodenmax,,,no,499949,Home & Garden > Building Materials > Glass Railings,Home > Glass Railing,IN::Standard:0.00 INR,,glass-railing,premium,rft,live-calculator,2026
staircase-glass-railing,"Staircase Frameless Glass Railing — Stud / Pillar / Spigot Glass Staircase Balustrade ₹2,450–3,350/rft 2026 | Live Calculator | Woodenmax","Staircase frameless glass railing — stud / pillar / spigot glass staircase balustrade priced ₹2,450–₹3,350 per running foot (rft). Laminated 5+5 / 6+6 or 12mm toughened glass, wooden / SS / aluminium handrails, SS304 hardware. Indoor, outdoor, curved & luxury villa staircases. Indicative ₹/sq.ft from Woodenmax live calculators (taxes per final quote). Final BOQ after site verification.",https://woodenmax.in/products/glass-railing/staircase-glass-railing,https://woodenmax.in/images/products/staircase-glass-railing/luxury-frameless-glass-staircase.webp,"https://woodenmax.in/images/products/staircase-glass-railing/interior-glass-staircase-railing.webp, https://woodenmax.in/images/products/staircase-glass-railing/glass-stair-railing-with-aluminium-profile.webp, https://woodenmax.in/images/products/staircase-glass-railing/outdoor-glass-railing-with-profile.webp, https://woodenmax.in/images/products/staircase-glass-railing/minimal-glass-railing-balcony-design.webp, https://woodenmax.in/images/products/balcony-glass-railing-system/luxury-balcony-glass-railing.webp, https://woodenmax.in/images/products/shower-partitions/frameless-shower-glass-door-openable-sliding-india.webp, https://woodenmax.in/images/products/aluminium-windows/3-track-aluminium-sliding-window-with-mesh.webp",in stock,2450.00 INR,,new,Woodenmax,,,no,499949,Home & Garden > Building Materials > Glass Railings,Home > Glass Railing,IN::Standard:0.00 INR,,glass-railing,luxury,rft,live-calculator,2026
aluminium-window-grills,Aluminium Window Grill ( Safety Grill ) Price ₹385-495/sqft 2026 | Instant Quote | Woodenmax,"Aluminium window grill price ₹385-495/sqft. Rust-proof, lightweight, customizable designs. Live calculator for instant quotes. 2026 rates India. Indicative ₹/sq.ft from Woodenmax live calculators (taxes per final quote). Final BOQ after site verification.",https://woodenmax.in/products/grills/aluminium-window-grills,https://woodenmax.in/images/products/Grills/aluminium-window-grill-design-modern.webp,,in stock,385.00 INR,,new,Woodenmax,,,no,502973,Home & Garden > Building Materials > Safety Grills,Home > Safety Grills,IN::Standard:0.00 INR,,grills,budget,sqft,live-calculator,2026
balcony-safety-grills,Balcony Safety Grill ( Balcony Grill Design ) Price ₹440-605/sqft 2026 | Live Calculator | Woodenmax,"Balcony safety grill price ₹440-605/sqft. Child-safe, pet-safe aluminium grills for high-rise balconies. Live calculator for instant quotes. 2026 rates. Indicative ₹/sq.ft from Woodenmax live calculators (taxes per final quote). Final BOQ after site verification.",https://woodenmax.in/products/grills/balcony-safety-grills,https://woodenmax.in/images/products/Grills/aluminium-child-safety-balcony-grill.webp,,in stock,440.00 INR,,new,Woodenmax,,,no,502973,Home & Garden > Building Materials > Safety Grills,Home > Safety Grills,IN::Standard:0.00 INR,,grills,mid,sqft,live-calculator,2026
grills,Aluminium & Iron Grill Price ₹220-660/sqft (2026) | Compare 5 Types | Woodenmax,"Aluminium grill price ₹220-660/sqft. Compare 5 types: window grills, balcony safety, iron, staircase. Live calculator for instant quotes. 2026 rates. Indicative ₹/sq.ft from Woodenmax live calculators (taxes per final quote). Final BOQ after site verification.",https://woodenmax.in/products/grills,https://woodenmax.in/images/products/Grills/aluminium-window-grill-design-modern.webp,"https://woodenmax.in/images/products/Grills/aluminium-child-safety-balcony-grill.webp, https://woodenmax.in/images/products/Grills/window%20grill%20design.webp, https://woodenmax.in/images/products/Grills/aluminium%20grill%20fabricators%20near%20me.webp, https://woodenmax.in/images/products/Grills/safety%20grill%20for%20balcony%20with%20children.webp, https://woodenmax.in/images/products/Grills/aluminium%20balcony%20grill%20price%20per%20sqft.webp",in stock,220.00 INR,,new,Woodenmax,,,no,502973,Home & Garden > Building Materials > Safety Grills,Home > Safety Grills,IN::Standard:0.00 INR,,grills,budget,sqft,live-calculator,2026
iron-safety-grills,Iron Grill ( Iron Window Grill ) Price ₹220-330/sqft 2026 | Instant Quote | Woodenmax,"Iron grill price ₹220-330/sqft. Traditional iron safety grills with ornamental designs. Budget-friendly, high strength. Live calculator. 2026 rates India. Indicative ₹/sq.ft from Woodenmax live calculators (taxes per final quote). Final BOQ after site verification.",https://woodenmax.in/products/grills/iron-safety-grills,https://woodenmax.in/images/products/Grills/aluminium%20grill%20fabricators%20near%20me.webp,,in stock,220.00 INR,,new,Woodenmax,,,no,502973,Home & Garden > Building Materials > Safety Grills,Home > Safety Grills,IN::Standard:0.00 INR,,grills,budget,sqft,live-calculator,2026
staircase-balustrade-grills,Staircase Grill ( Staircase Railing ) Price ₹495-660/sqft 2026 | Price Calculator | Woodenmax,"Staircase balustrade grill price ₹495-660/sqft. Premium aluminium balustrades for staircases and ramps. Elegant designs, maximum safety. Live calculator. 2026. Indicative ₹/sq.ft from Woodenmax live calculators (taxes per final quote). Final BOQ after site verification.",https://woodenmax.in/products/grills/staircase-balustrade-grills,https://woodenmax.in/images/products/Grills/safety%20grill%20for%20balcony%20with%20children.webp,,in stock,495.00 INR,,new,Woodenmax,,,no,502973,Home & Garden > Building Materials > Safety Grills,Home > Safety Grills,IN::Standard:0.00 INR,,grills,mid,sqft,live-calculator,2026
window-safety-grills,Window Safety Grill ( Aluminium Grill ) Price ₹330-440/sqft 2026 | Price Calculator | Woodenmax,"Window safety grill price ₹330-440/sqft. Heavy-duty aluminium grills for ground floor security. Thick profiles, reinforced joints. Live calculator. 2026 rates. Indicative ₹/sq.ft from Woodenmax live calculators (taxes per final quote). Final BOQ after site verification.",https://woodenmax.in/products/grills/window-safety-grills,https://woodenmax.in/images/products/Grills/window%20grill%20design.webp,,in stock,330.00 INR,,new,Woodenmax,,,no,502973,Home & Garden > Building Materials > Safety Grills,Home > Safety Grills,IN::Standard:0.00 INR,,grills,budget,sqft,live-calculator,2026
2-track-aluminium-window-price,2 Track Aluminium Window Price ₹1200–1400/sqft (2026) + Calculator | WoodenMax,"2 track aluminium sliding window price India 2026. ₹/sqft range, live size calculator, glass & hardware breakdown. Compare tracks & get quote. Indicative ₹/sq.ft from Woodenmax live calculators (taxes per final quote). Final BOQ after site verification.",https://woodenmax.in/products/aluminium-windows/2-track-aluminium-window-price,https://woodenmax.in/images/products/2%20Track%20Aluminium%20Window/2-track-aluminium-sliding-window-modern-home.webp,"https://woodenmax.in/images/products/2%20Track%20Aluminium%20Window/budget-aluminium-window-2-track-design.webp, https://woodenmax.in/images/products/2%20Track%20Aluminium%20Window/2-track-window-frame-glass-detail.webp",in stock,1200.00 INR,,new,Woodenmax,,,no,124,Home & Garden > Building Materials > Windows,Home > Windows & Façade,IN::Standard:0.00 INR,,aluminium-windows,premium,sqft,live-calculator,2026
2-track-french-sliding-door,2 Track Aluminium Sliding Door ( Sliding Window ) ₹1850-2250/sqft 2026 Price | Woodenmax,"2 track aluminium sliding door price ₹1850-2250/sqft. Glass arch panel, imported hardware, 10-year warranty. Live calculator for instant quote. Indicative ₹/sq.ft from Woodenmax live calculators (taxes per final quote). Final BOQ after site verification.",https://woodenmax.in/products/aluminium-windows/2-track-french-sliding-door,https://woodenmax.in/images/products/aluminium-windows/2-track-aluminium-french-sliding-door-window.webp,"https://woodenmax.in/images/products/2track%20hardwares%20pic/2track-sliding-window-inside.webp, https://woodenmax.in/images/products/2track%20hardwares%20pic/Aluminium-sliding-window-outside.webp, https://woodenmax.in/images/products/2track%20hardwares%20pic/handle-sliding-window.webp, https://woodenmax.in/images/products/2track%20hardwares%20pic/mortise-window-lock.webp, https://woodenmax.in/images/products/2track%20hardwares%20pic/touch-type-lock.webp, https://woodenmax.in/images/products/2track%20hardwares%20pic/touch-type-window-lock.webp, https://woodenmax.in/images/products/aluminium-windows/3-track-aluminium-sliding-window-with-mesh.webp, https://woodenmax.in/images/products/aluminium-windows/french-aluminium-door-georgian-bar.webp, https://woodenmax.in/images/products/aluminium-windows/slim-entrance-aluminium-glass-door.webp, https://woodenmax.in/images/products/aluminium-windows/top-hung-aluminium-casement-window.webp",in stock,1850.00 INR,,new,Woodenmax,,,no,124,Home & Garden > Building Materials > Windows,Home > Windows & Façade,IN::Standard:0.00 INR,,aluminium-windows,premium,sqft,live-calculator,2026
3-track-sliding-window,Aluminium 3 Track Sliding Window with Mesh ( 27mm Series ) ₹550-950/sqft 2026 Price | Woodenmax,"Aluminium 3 track sliding window with mesh price ₹550-950/sqft (2 track ₹550-850, 3 track with mesh ₹650-950). 27mm Domal aluminium series, live price calculator. India Indicative ₹/sq.ft from Woodenmax live calculators (taxes per final quote). Final BOQ after site verification.",https://woodenmax.in/products/aluminium-windows/3-track-sliding-window,https://woodenmax.in/images/products/aluminium-windows/3-track-aluminium-sliding-window-with-mesh.webp,"https://woodenmax.in/images/products/3track-sliding-window/inside-sliding-window-maximum-opning.webp, https://woodenmax.in/images/products/3track-sliding-window/outside-sliding-window-with-mess.webp, https://woodenmax.in/images/products/3track-sliding-window/tranding-sliding-window-handle-lock.webp, https://woodenmax.in/images/products/3track-sliding-window/small-luxury-type-sliding-window-lock.webp, https://woodenmax.in/images/products/3track-sliding-window/touch-type-lock.webp, https://woodenmax.in/images/products/3track-sliding-window/touch-type-window-lock.webp, https://woodenmax.in/images/products/aluminium-windows/2-track-aluminium-french-sliding-door-window.webp, https://woodenmax.in/images/products/aluminium-windows/top-hung-aluminium-casement-window.webp, https://woodenmax.in/images/products/aluminium-windows/luxury-aluminium-elevation-windows-doors-villa.webp",in stock,550.00 INR,,new,Woodenmax,,,no,124,Home & Garden > Building Materials > Windows,Home > Windows & Façade,IN::Standard:0.00 INR,,aluminium-windows,mid,sqft,live-calculator,2026
4-track-sliding-window-price,4 Track Aluminium Sliding Window Price ₹650–1200/sqft (2026) | Calculator | Woodenmax,"4 track aluminium sliding window price guide India. Multi-panel sliding cost, mesh options, live Domal-series calculator — upgrade path to premium 29mm. Indicative ₹/sq.ft from Woodenmax live calculators (taxes per final quote). Final BOQ after site verification.",https://woodenmax.in/products/aluminium-windows/4-track-sliding-window-price,https://woodenmax.in/images/products/4%20Track%20Sliding%20Window/4-track-aluminium-sliding-window-wide-opening.webp,"https://woodenmax.in/images/products/4%20Track%20Sliding%20Window/4-track-window-design-living-room.webp, https://woodenmax.in/images/products/4%20Track%20Sliding%20Window/multi-track-aluminium-window-system.webp",in stock,650.00 INR,,new,Woodenmax,,,no,124,Home & Garden > Building Materials > Windows,Home > Windows & Façade,IN::Standard:0.00 INR,,aluminium-windows,mid,sqft,live-calculator,2026
aluminium-casement-window-price,Aluminium Casement Window Price ₹750–1050/sqft (2026) + Calculator | WoodenMax,"Aluminium casement window price India — outward opening, mesh & multipoint options. Live calculator, cost breakdown, vs sliding comparison. Indicative ₹/sq.ft from Woodenmax live calculators (taxes per final quote). Final BOQ after site verification.",https://woodenmax.in/products/aluminium-windows/aluminium-casement-window-price,https://woodenmax.in/images/products/Casement%20Window/modern-casement-window-home.webp,"https://woodenmax.in/images/products/Casement%20Window/aluminium-casement-window-open-style.webp, https://woodenmax.in/images/products/Casement%20Window/casement-window-side-hinged-design.webp",in stock,750.00 INR,,new,Woodenmax,,,no,124,Home & Garden > Building Materials > Windows,Home > Windows & Façade,IN::Standard:0.00 INR,,aluminium-windows,mid,sqft,live-calculator,2026
aluminium-sliding-window,Aluminium Sliding Window ( Premium 2 Track Window ) ₹1200-1400/sqft 2026 | Instant Quote | Woodenmax,"Premium 29mm 2-track aluminium sliding window — live sqft calculator, ₹1200–1400/sqft India reference, mesh & DGU options, imported hardware. English specs & instant budget estimate. Indicative ₹/sq.ft from Woodenmax live calculators (taxes per final quote). Final BOQ after site verification.",https://woodenmax.in/products/aluminium-windows/aluminium-sliding-window,https://woodenmax.in/images/products/aluminium-window-pic/sliding-window-with-mosqutonett.webp,"https://woodenmax.in/images/products/aluminium-window-pic/balcony-sliding-window-slim-interlock.webp, https://woodenmax.in/images/products/aluminium-window-pic/handle-sliding-window.webp, https://woodenmax.in/images/products/aluminium-window-pic/luxuty-slim-handle-lock.webp, https://woodenmax.in/images/products/aluminium-window-pic/touch-type-window-lock.webp, https://woodenmax.in/images/products/aluminium-windows/3-track-aluminium-sliding-window-with-mesh.webp, https://woodenmax.in/images/products/aluminium-windows/slim-entrance-aluminium-glass-door.webp, https://woodenmax.in/images/products/aluminium-windows/luxury-aluminium-elevation-windows-doors-villa.webp",in stock,1200.00 INR,,new,Woodenmax,,,no,124,Home & Garden > Building Materials > Windows,Home > Windows & Façade,IN::Standard:0.00 INR,,aluminium-windows,premium,sqft,live-calculator,2026
aluminium-system-window-price,Aluminium System Window Price ₹1180–2680/sqft (2026) | WoodenMax,"Aluminium system window price in India 2026: brand-grade profiles, DGU options, and realistic ₹/sqft bands for premium facades. Live 30mm system sliding calculator + expert quote. Certified system window packages in India for this topic are often planned between ₹1180 and ₹2680 per sq.ft (2026, b… Indicative ₹/sq.ft from Woodenmax live calculators (taxes per final quote). Final BOQ after site verification.",https://woodenmax.in/products/aluminium-windows/aluminium-system-window-price,https://woodenmax.in/images/products/Aluminium%20System%20Window%20Price/aluminium-system-window-modern-design.webp,https://woodenmax.in/images/products/Aluminium%20System%20Window%20Price/system-window-frame-detail-premium.webp,in stock,1180.00 INR,,new,Woodenmax,,,no,124,Home & Garden > Building Materials > Windows,Home > Windows & Façade,IN::Standard:0.00 INR,,aluminium-windows,premium,sqft,live-calculator,2026
aluminium-window-price-bangalore,Aluminium Window Price in Bengaluru 2026 | ₹550-2250/sqft | WoodenMax,"Live aluminium window price in Bengaluru from ₹550/sqft to ₹2250/sqft. Calculator, finishes, install timelines, free site visit. Free transport on orders ≥ ₹15 L. Indicative ₹/sq.ft from Woodenmax live calculators (taxes per final quote). Final BOQ after site verification.",https://woodenmax.in/products/aluminium-windows/aluminium-window-price-bangalore,https://woodenmax.in/images/products/2%20Track%20Aluminium%20Window/2-track-aluminium-sliding-window-modern-home.webp,,in stock,550.00 INR,,new,Woodenmax,,,no,124,Home & Garden > Building Materials > Windows,Home > Windows & Façade,IN::Standard:0.00 INR,,aluminium-windows,mid,sqft,live-calculator,2026
aluminium-window-price-chandigarh,Aluminium Window Price in Chandigarh 2026 | ₹550-2250/sqft | WoodenMax,"Live aluminium window price in Chandigarh from ₹550/sqft to ₹2250/sqft. Calculator, finishes, install timelines, free site visit. Transparent transport pricing. Indicative ₹/sq.ft from Woodenmax live calculators (taxes per final quote). Final BOQ after site verification.",https://woodenmax.in/products/aluminium-windows/aluminium-window-price-chandigarh,https://woodenmax.in/images/products/2%20Track%20Aluminium%20Window/2-track-aluminium-sliding-window-modern-home.webp,,in stock,550.00 INR,,new,Woodenmax,,,no,124,Home & Garden > Building Materials > Windows,Home > Windows & Façade,IN::Standard:0.00 INR,,aluminium-windows,mid,sqft,live-calculator,2026
aluminium-window-price-delhi,Aluminium Window Price in Delhi NCR 2026 | ₹550-2250/sqft | WoodenMax,"Live aluminium window price in Delhi NCR from ₹550/sqft to ₹2250/sqft. Calculator, finishes, install timelines, free site visit. Transparent transport pricing. Indicative ₹/sq.ft from Woodenmax live calculators (taxes per final quote). Final BOQ after site verification.",https://woodenmax.in/products/aluminium-windows/aluminium-window-price-delhi,https://woodenmax.in/images/products/2%20Track%20Aluminium%20Window/2-track-aluminium-sliding-window-modern-home.webp,,in stock,550.00 INR,,new,Woodenmax,,,no,124,Home & Garden > Building Materials > Windows,Home > Windows & Façade,IN::Standard:0.00 INR,,aluminium-windows,mid,sqft,live-calculator,2026
aluminium-window-price-hyderabad,Aluminium Window Price in Hyderabad (2026) ₹/sqft + Calculator | WoodenMax,"Aluminium window price in Hyderabad — local intent guide, typical ₹/sqft bands, installation notes, and live calculator. Template you can copy for other cities. Indicative ₹/sq.ft from Woodenmax live calculators (taxes per final quote). Final BOQ after site verification.",https://woodenmax.in/products/aluminium-windows/aluminium-window-price-hyderabad,https://woodenmax.in/images/products/City%20Price%20Page/window-project-site-installation.webp,https://woodenmax.in/images/products/City%20Price%20Page/best-aluminium-window-for-home-design.webp,in stock,869.00 INR,,new,Woodenmax,,,no,124,Home & Garden > Building Materials > Windows,Home > Windows & Façade,IN::Standard:0.00 INR,,aluminium-windows,mid,sqft,live-calculator,2026
aluminium-window-price-mumbai,Aluminium Window Price in Mumbai 2026 | ₹550-2250/sqft | WoodenMax,"Live aluminium window price in Mumbai from ₹550/sqft to ₹2250/sqft. Calculator, finishes, install timelines, free site visit. Free transport on orders ≥ ₹15 L. Indicative ₹/sq.ft from Woodenmax live calculators (taxes per final quote). Final BOQ after site verification.",https://woodenmax.in/products/aluminium-windows/aluminium-window-price-mumbai,https://woodenmax.in/images/products/2%20Track%20Aluminium%20Window/2-track-aluminium-sliding-window-modern-home.webp,,in stock,550.00 INR,,new,Woodenmax,,,no,124,Home & Garden > Building Materials > Windows,Home > Windows & Façade,IN::Standard:0.00 INR,,aluminium-windows,mid,sqft,live-calculator,2026
aluminium-window-price-pune,Aluminium Window Price in Pune 2026 | ₹550-2250/sqft | WoodenMax,"Live aluminium window price in Pune from ₹550/sqft to ₹2250/sqft. Calculator, finishes, install timelines, free site visit. Free transport on orders ≥ ₹15 L. Indicative ₹/sq.ft from Woodenmax live calculators (taxes per final quote). Final BOQ after site verification.",https://woodenmax.in/products/aluminium-windows/aluminium-window-price-pune,https://woodenmax.in/images/products/2%20Track%20Aluminium%20Window/2-track-aluminium-sliding-window-modern-home.webp,,in stock,550.00 INR,,new,Woodenmax,,,no,124,Home & Garden > Building Materials > Windows,Home > Windows & Façade,IN::Standard:0.00 INR,,aluminium-windows,mid,sqft,live-calculator,2026
aluminium-window-price-vijayawada,Aluminium Window Price in Vijayawada 2026 | ₹550-2250/sqft | WoodenMax,"Live aluminium window price in Vijayawada from ₹550/sqft to ₹2250/sqft. Calculator, finishes, install timelines, free site visit. Free transport on orders ≥ ₹15 L. Indicative ₹/sq.ft from Woodenmax live calculators (taxes per final quote). Final BOQ after site verification.",https://woodenmax.in/products/aluminium-windows/aluminium-window-price-vijayawada,https://woodenmax.in/images/products/2%20Track%20Aluminium%20Window/2-track-aluminium-sliding-window-modern-home.webp,,in stock,550.00 INR,,new,Woodenmax,,,no,124,Home & Garden > Building Materials > Windows,Home > Windows & Façade,IN::Standard:0.00 INR,,aluminium-windows,mid,sqft,live-calculator,2026
aluminium-window-price-visakhapatnam,Aluminium Window Price in Visakhapatnam 2026 | ₹550-2250/sqft | WoodenMax,"Live aluminium window price in Visakhapatnam from ₹550/sqft to ₹2250/sqft. Calculator, finishes, install timelines, free site visit. Free transport on orders ≥ ₹15 L. Indicative ₹/sq.ft from Woodenmax live calculators (taxes per final quote). Final BOQ after site verification.",https://woodenmax.in/products/aluminium-windows/aluminium-window-price-visakhapatnam,https://woodenmax.in/images/products/2%20Track%20Aluminium%20Window/2-track-aluminium-sliding-window-modern-home.webp,,in stock,550.00 INR,,new,Woodenmax,,,no,124,Home & Garden > Building Materials > Windows,Home > Windows & Façade,IN::Standard:0.00 INR,,aluminium-windows,mid,sqft,live-calculator,2026
aluminium-window-price-warangal,Aluminium Window Price in Warangal 2026 | ₹550-2250/sqft | WoodenMax,"Live aluminium window price in Warangal from ₹550/sqft to ₹2250/sqft. Calculator, finishes, install timelines, free site visit. Free transport on orders ≥ ₹15 L. Indicative ₹/sq.ft from Woodenmax live calculators (taxes per final quote). Final BOQ after site verification.",https://woodenmax.in/products/aluminium-windows/aluminium-window-price-warangal,https://woodenmax.in/images/products/2%20Track%20Aluminium%20Window/2-track-aluminium-sliding-window-modern-home.webp,,in stock,550.00 INR,,new,Woodenmax,,,no,124,Home & Garden > Building Materials > Windows,Home > Windows & Façade,IN::Standard:0.00 INR,,aluminium-windows,mid,sqft,live-calculator,2026
aluminium-windows,Aluminium Window Price ₹550-2250/sqft (2026) | Compare 9 Types | Woodenmax,"Aluminium window price ₹550-2250/sqft. Compare 9 types: sliding, casement, French door, slim entrance. Live calculator for instant quotes. 2026 rates. Indicative ₹/sq.ft from Woodenmax live calculators (taxes per final quote). Final BOQ after site verification.",https://woodenmax.in/products/aluminium-windows,https://woodenmax.in/images/products/aluminium-windows/top-hung-aluminium-casement-window.webp,"https://woodenmax.in/images/products/aluminium-windows/3-track-aluminium-sliding-window-with-mesh.webp, https://woodenmax.in/images/products/aluminium-windows/2-track-aluminium-french-sliding-door-window.webp, https://woodenmax.in/images/products/aluminium-windows/luxury-aluminium-elevation-windows-doors-villa.webp, https://woodenmax.in/images/products/2%20Track%20Aluminium%20Window/2-track-aluminium-sliding-window-modern-home.webp, https://woodenmax.in/images/products/slim%20aluminium%20window/slim-profile-window-modern-elevation.webp, https://woodenmax.in/images/products/aluminium-windows/slim-entrance-aluminium-glass-door.webp, https://woodenmax.in/images/products/Aluminium%20System%20Window%20Price/aluminium-system-window-modern-design.webp, https://woodenmax.in/images/products/What%20is%20System%20Window/system-window-components-breakdown.webp, https://woodenmax.in/images/products/System%20vs%20Normal%20Window/system-window-vs-normal-window-comparison.webp, https://woodenmax.in/images/products/System%20Window%20Brands/aluminium-system-window-brands-india.webp",in stock,550.00 INR,,new,Woodenmax,,,no,124,Home & Garden > Building Materials > Windows,Home > Windows & Façade,IN::Standard:0.00 INR,,aluminium-windows,mid,sqft,live-calculator,2026
french-door-georgian-bar,Luxury Aluminium French Door for Balcony & Entrance ₹1850-2250/sqft 2026 | Instant Quote | Woodenmax,"Luxury aluminium french door price ₹1850-2250/sqft. Openable glass door for balcony, living room & villa entrance; toughened glass, slim profile. Available with Georgian bar styling. Live calculator for instant quote. Indicative ₹/sq.ft from Woodenmax live calculators (taxes per final quote). Final BOQ after site verification.",https://woodenmax.in/products/aluminium-windows/french-door-georgian-bar,https://woodenmax.in/images/products/aluminium-windows/french-aluminium-door-georgian-bar.webp,"https://woodenmax.in/images/products/french-door-georgian-bar-pic/outside-georgian-bar-door.webp, https://woodenmax.in/images/products/french-door-georgian-bar-pic/french-doors-lock-handle.webp, https://woodenmax.in/images/products/french-door-georgian-bar-pic/doors-invisible-lock-latch.webp, https://woodenmax.in/images/products/french-door-georgian-bar-pic/slim-aluminium-profile-door-design.webp, https://woodenmax.in/images/products/french-door-georgian-bar-pic/Minimalist%20Black%20Aluminium%20System%20Window%20Design.webp, https://woodenmax.in/images/products/french-door-georgian-bar-pic/Custom-Made%20Aluminium%20System%20Window%20Installation.webp, https://woodenmax.in/images/products/aluminium-windows/2-track-aluminium-french-sliding-door-window.webp, https://woodenmax.in/images/products/aluminium-windows/aluminium-casement-door-georgian-grill.webp, https://woodenmax.in/images/products/aluminium-windows/3-track-aluminium-sliding-window-with-mesh.webp, https://woodenmax.in/images/products/aluminium-windows/slim-entrance-aluminium-glass-door.webp",in stock,1850.00 INR,,new,Woodenmax,,,no,124,Home & Garden > Building Materials > Windows,Home > Windows & Façade,IN::Standard:0.00 INR,,aluminium-windows,premium,sqft,live-calculator,2026
georgian-grill-casement-door,Luxury Aluminium Casement Door for Balcony & Entrance ₹1350-1850/sqft 2026 Price | Woodenmax,"Luxury aluminium casement door price ₹1350-1850/sqft. Openable aluminium door for balcony, entrance and kitchen; 40mm profile, multipoint lock, toughened glass. Available with Georgian grill styling. Live price calculator included. Indicative ₹/sq.ft from Woodenmax live calculators (taxes per final quote). Final BOQ after site verification.",https://woodenmax.in/products/aluminium-windows/georgian-grill-casement-door,https://woodenmax.in/images/products/aluminium-windows/aluminium-casement-door-georgian-grill.webp,"https://woodenmax.in/images/products/french-door-georgian-bar-pic/outside-georgian-bar-door.webp, https://woodenmax.in/images/products/french-door-georgian-bar-pic/slim-aluminium-profile-door-design.webp, https://woodenmax.in/images/products/french-door-georgian-bar-pic/french-doors-lock-handle.webp, https://woodenmax.in/images/products/french-door-georgian-bar-pic/doors-invisible-lock-latch.webp, https://woodenmax.in/images/products/french-door-georgian-bar-pic/Minimalist%20Black%20Aluminium%20System%20Window%20Design.webp, https://woodenmax.in/images/products/french-door-georgian-bar-pic/Custom-Made%20Aluminium%20System%20Window%20Installation.webp, https://woodenmax.in/images/products/aluminium-windows/french-aluminium-door-georgian-bar.webp, https://woodenmax.in/images/products/aluminium-windows/2-track-aluminium-french-sliding-door-window.webp, https://woodenmax.in/images/products/aluminium-windows/top-hung-aluminium-casement-window.webp, https://woodenmax.in/images/products/aluminium-windows/slim-entrance-aluminium-glass-door.webp",in stock,1350.00 INR,,new,Woodenmax,,,no,124,Home & Garden > Building Materials > Windows,Home > Windows & Façade,IN::Standard:0.00 INR,,aluminium-windows,premium,sqft,live-calculator,2026
slim-aluminium-window-price-luxury,Slim Aluminium Window Price ₹900–1500/sqft (2026) Luxury Series | WoodenMax,"Slim aluminium window price for luxury homes & villas. Minimal sightlines, premium coatings, calculator-based estimate and cost breakdown. Indicative ₹/sq.ft from Woodenmax live calculators (taxes per final quote). Final BOQ after site verification.",https://woodenmax.in/products/aluminium-windows/slim-aluminium-window-price-luxury,https://woodenmax.in/images/products/slim%20aluminium%20window/slim-aluminium-window-luxury-villa.webp,"https://woodenmax.in/images/products/slim%20aluminium%20window/minimal-slim-window-frame-design.webp, https://woodenmax.in/images/products/slim%20aluminium%20window/slim-profile-window-modern-elevation.webp",in stock,900.00 INR,,new,Woodenmax,,,no,124,Home & Garden > Building Materials > Windows,Home > Windows & Façade,IN::Standard:0.00 INR,,aluminium-windows,mid,sqft,live-calculator,2026
slim-entrance-glass-door,Slim Entrance Glass Door ( Window ) ₹1350-1850/sqft 2026 Price | Woodenmax,"Slim entrance glass door price ₹1350-1850/sqft. 40mm ultra-thin profile, 8mm toughened glass. Live calculator for instant cost estimate. Indicative ₹/sq.ft from Woodenmax live calculators (taxes per final quote). Final BOQ after site verification.",https://woodenmax.in/products/aluminium-windows/slim-entrance-glass-door,https://woodenmax.in/images/products/aluminium-windows/slim-entrance-aluminium-glass-door.webp,"https://woodenmax.in/images/products/slimline-glass-doors-pic/aluminium-glass-doors-minimal-profiles.webp, https://woodenmax.in/images/products/slimline-glass-doors-pic/entrance-glass-door-with-modern-design-mortice-lock.webp, https://woodenmax.in/images/products/slimline-glass-doors-pic/Heavy-Duty-System-Window-Frame-with-Toughened-Glass-elevation-doors.webp, https://woodenmax.in/images/products/slimline-glass-doors-pic/slim-profile-backyard-doors.webp, https://woodenmax.in/images/products/slimline-glass-doors-pic/top-tranding-luxury-design-balcony-glass-doors.webp, https://woodenmax.in/images/products/aluminium-windows/2-track-aluminium-french-sliding-door-window.webp, https://woodenmax.in/images/products/aluminium-windows/french-aluminium-door-georgian-bar.webp, https://woodenmax.in/images/products/aluminium-windows/aluminium-casement-door-georgian-grill.webp, https://woodenmax.in/images/products/aluminium-windows/top-hung-aluminium-casement-window.webp, https://woodenmax.in/images/products/aluminium-windows/3-track-aluminium-sliding-window-with-mesh.webp",in stock,1350.00 INR,,new,Woodenmax,,,no,124,Home & Garden > Building Materials > Windows,Home > Windows & Façade,IN::Standard:0.00 INR,,aluminium-windows,premium,sqft,live-calculator,2026
slim-system-window-price,Slim System Window Price ₹1350–3000/sqft (2026) | WoodenMax,"Slim system aluminium window price: minimal sight lines, 2026 India ₹/sqft for luxury villas, and premium casement-based calculator. Compare vs standard 29mm stacks. Certified system window packages in India for this topic are often planned between ₹1350 and ₹3000 per sq.ft (2026, before GST). Indicative ₹/sq.ft from Woodenmax live calculators (taxes per final quote). Final BOQ after site verification.",https://woodenmax.in/products/aluminium-windows/slim-system-window-price,https://woodenmax.in/images/products/Slim%20System%20Window/slim-system-window-luxury-villa.webp,https://woodenmax.in/images/products/Slim%20System%20Window/minimal-slim-window-frame-profile.webp,in stock,1350.00 INR,,new,Woodenmax,,,no,124,Home & Garden > Building Materials > Windows,Home > Windows & Façade,IN::Standard:0.00 INR,,aluminium-windows,premium,sqft,live-calculator,2026
slimline-aluminium-window,Slimline Aluminium Window ( Slim Profile Window ) ₹900-1400/sqft 2026 | Price Calculator | Woodenmax,"Slimline aluminium window price ₹900-1400/sqft. Black powder coating, Hindalco profiles, Saint-Gobain glass. Get a quote via enquiry form on this page. Indicative ₹/sq.ft from Woodenmax live calculators (taxes per final quote). Final BOQ after site verification.",https://woodenmax.in/products/aluminium-windows/slimline-aluminium-window,https://woodenmax.in/images/products/aluminium-windows/top-hung-aluminium-casement-window.webp,"https://woodenmax.in/images/products/slimline-profile-window-pic/woodenmax-profiles-windows-glass-pergola.webp, https://woodenmax.in/images/products/slimline-profile-window-pic/High-Quality%20Entrance%20Glass%20Wall%20%E2%80%93%20Clear%20View%20Design.webp, https://woodenmax.in/images/products/slimline-profile-window-pic/Clear%20Glass%20Hinged%20Door%20%E2%80%93%20Stylish%20Entrance%20Design.webp, https://woodenmax.in/images/products/slimline-profile-window-pic/Modern%20Entrance%20Glass%20Panel%20for%20Home%20Entry.webp, https://woodenmax.in/images/products/slimline-profile-window-pic/slim_security_glass_window_white_canopy_hpl_cladding_lucknow.webp, https://woodenmax.in/images/products/aluminium-windows/3-track-aluminium-sliding-window-with-mesh.webp, https://woodenmax.in/images/products/aluminium-windows/luxury-aluminium-elevation-windows-doors-villa.webp",in stock,900.00 INR,,new,Woodenmax,,,no,124,Home & Garden > Building Materials > Windows,Home > Windows & Façade,IN::Standard:0.00 INR,,aluminium-windows,mid,sqft,live-calculator,2026
system-casement-window-price,System Casement Window Price ₹1280–2920/sqft (2026) | WoodenMax,"Aluminium system casement window price in India: hinges, multipoint, wind load, and 2026 ₹/sqft ranges. Live premium casement calculator for vent-heavy facades. Certified system window packages in India for this topic are often planned between ₹1280 and ₹2920 per sq.ft (2026, before GST). Indicative ₹/sq.ft from Woodenmax live calculators (taxes per final quote). Final BOQ after site verification.",https://woodenmax.in/products/aluminium-windows/system-casement-window-price,https://woodenmax.in/images/products/System%20Casement%20Window/system-casement-window-open-style.webp,https://woodenmax.in/images/products/System%20Casement%20Window/premium-casement-window-hinge-detail.webp,in stock,1280.00 INR,,new,Woodenmax,,,no,124,Home & Garden > Building Materials > Windows,Home > Windows & Façade,IN::Standard:0.00 INR,,aluminium-windows,premium,sqft,live-calculator,2026
system-sliding-window-price,System Sliding Window Price ₹1200–2780/sqft (2026) | WoodenMax,"System sliding window price in India 2026: large openings, track hardware, and realistic ₹/sqft for premium 29mm class. Live sliding calculator and quote path. Certified system window packages in India for this topic are often planned between ₹1200 and ₹2780 per sq.ft (2026, before GST). Indicative ₹/sq.ft from Woodenmax live calculators (taxes per final quote). Final BOQ after site verification.",https://woodenmax.in/products/aluminium-windows/system-sliding-window-price,https://woodenmax.in/images/products/System%20Sliding%20Window/system-sliding-window-large-opening.webp,https://woodenmax.in/images/products/System%20Sliding%20Window/system-sliding-window-large-sliding-opening.webp,in stock,1200.00 INR,,new,Woodenmax,,,no,124,Home & Garden > Building Materials > Windows,Home > Windows & Façade,IN::Standard:0.00 INR,,aluminium-windows,premium,sqft,live-calculator,2026
top-hung-casement-window,Aluminium Top Hung Casement Window ( Openable Window ) ₹750-1050/sqft 2026 Price | Woodenmax,"Top hung casement window price ₹750-1050/sqft. 40mm outward opening, multipoint lock, mesh option. Live calculator for instant quote. Indicative ₹/sq.ft from Woodenmax live calculators (taxes per final quote). Final BOQ after site verification.",https://woodenmax.in/products/aluminium-windows/top-hung-casement-window,https://woodenmax.in/images/products/aluminium-windows/top-hung-aluminium-casement-window.webp,"https://woodenmax.in/images/products/top-hung-casment-window-pic/top-hung-aluminium-casement-window-lucknow.webp, https://woodenmax.in/images/products/top-hung-casment-window-pic/kitchen-casments-window.webp, https://woodenmax.in/images/products/top-hung-casment-window-pic/backyard-opnable-window.webp, https://woodenmax.in/images/products/top-hung-casment-window-pic/aluminium-profile-corner-window-fix.webp, https://woodenmax.in/images/products/top-hung-casment-window-pic/aluminium-profile-door-modern-design.webp, https://woodenmax.in/images/products/top-hung-casment-window-pic/woodenmax-profiles-windows-glass-pergola.webp, https://woodenmax.in/images/products/aluminium-windows/aluminium-casement-door-georgian-grill.webp, https://woodenmax.in/images/products/aluminium-windows/french-aluminium-door-georgian-bar.webp, https://woodenmax.in/images/products/aluminium-windows/slim-entrance-aluminium-glass-door.webp, https://woodenmax.in/images/products/aluminium-windows/3-track-aluminium-sliding-window-with-mesh.webp",in stock,750.00 INR,,new,Woodenmax,,,no,124,Home & Garden > Building Materials > Windows,Home > Windows & Façade,IN::Standard:0.00 INR,,aluminium-windows,mid,sqft,live-calculator,2026
aluminium-pergola,Aluminium Pergola Price per Sq Ft in India (2026) | Powder Coated Glass-Roof Terrace Structure | WoodenMax,"Aluminium pergola price India 2026 — 10x12 ft ₹1,80,000–₹2,10,000; 15x15 ft ₹3,35,000–₹3,95,000; 20x20 ft ₹6,00,000–₹7,00,000. 6063-T6 glass-roof terrace pergola with toughened/laminated glass, polycarbonate option & powder coating. Live calculator for exact BOQ. Hyderabad, Delhi, Bangalore & pan-India. Indicative ₹/sq.ft from Woodenmax live calculators (taxes per final quote). Final BOQ after site verification.",https://woodenmax.in/products/pergola/aluminium-pergola,https://woodenmax.in/images/products/aluminium-pergola/glass-pergola-manufacturer.webp,"https://woodenmax.in/images/products/aluminium-pergola/luxury-wood-glass-roof-pergola-design.webp, https://woodenmax.in/images/products/aluminium-pergola/luxury-wooden-glass-terrace-pergola.webp, https://woodenmax.in/images/products/aluminium-pergola/modern-outdoor-glass-structure.webp, https://woodenmax.in/images/products/aluminium-pergola/motorized-glass-pergola.webp, https://woodenmax.in/images/products/aluminium-pergola/terrece-luxury-glass-pergola.webp",in stock,180000.00 INR,,new,Woodenmax,,,no,703,Home & Garden > Outdoor Living > Pergolas,Home > Pergola Outdoor,IN::Standard:0.00 INR,,pergola,luxury,project,live-calculator,2026
glass-skylight,Glass Roof Pergola Price in India (2026) | Toughened & Laminated Glass Pergola Structure | WoodenMax,"Glass skylight pergola price India 2026 — 10x12 ft ₹2,40,000–₹2,90,000; 15x15 ft ₹4,50,000–₹5,40,000; 20x20 ft ₹8,00,000–₹9,65,000. Toughened & laminated 6+6 glass skylight & atrium roof, aluminium kerb, EPDM seals. Live ₹/sqft calculator for structure + glazing. Hyderabad, Delhi, Bangalore, pan-India. Indicative ₹/sq.ft from Woodenmax live calculators (taxes per final quote). Final BOQ after site verification.",https://woodenmax.in/products/pergola/glass-skylight,https://woodenmax.in/images/products/skylight/automatic-roof-system-manufacturer.webp,"https://woodenmax.in/images/products/skylight/automatic-skylight-system.webp, https://woodenmax.in/images/products/skylight/skylight-installation-india.webp, https://woodenmax.in/images/products/skylight/skylight-roof-hyderabad.webp, https://woodenmax.in/images/products/skylight/skylight-roof-system.webp",in stock,240000.00 INR,,new,Woodenmax,,,no,703,Home & Garden > Outdoor Living > Pergolas,Home > Pergola Outdoor,IN::Standard:0.00 INR,,pergola,luxury,project,live-calculator,2026
profile-iron-canopy,Iron Pergola & Heavy Canopy Price per Sq Ft (2026) | Steel & Aluminium Entrance | WoodenMax,"Iron pergola & canopy price in India: MS/steel and aluminium structures for entrance, parking, rooftop. Glass or polycarbonate roof from live calculator. Hyderabad, Delhi, pan-India. Indicative ₹/sq.ft from Woodenmax live calculators (taxes per final quote). Final BOQ after site verification.",https://woodenmax.in/products/pergola/profile-iron-canopy,https://woodenmax.in/images/products/profile-and-iron-canopy/aluminium-glass-entrance-pergola-india.webp,"https://woodenmax.in/images/products/profile-and-iron-canopy/iron-pergola-terrece-design.webp, https://woodenmax.in/images/products/profile-and-iron-canopy/luxury-wooden-car-parking-pergola.webp, https://woodenmax.in/images/products/profile-and-iron-canopy/modern-aluminium-polycarbonate-coffy-bar-pergola.webp, https://woodenmax.in/images/products/profile-and-iron-canopy/rooftop-pergola-canopy-structure.webp",in stock,1500.00 INR,,new,Woodenmax,,,no,703,Home & Garden > Outdoor Living > Pergolas,Home > Pergola Outdoor,IN::Standard:0.00 INR,,pergola,premium,sqft,live-calculator,2026
profile-pergola,Terrace Pergola Price per Sq Ft in India (2026) | Aluminium Louver Profile Pergola | WoodenMax,"Terrace pergola price & design: aluminium profile louver pergola with glass or polycarbonate roof, powder coating. Live ₹/sqft calculator. Cafés, villas, modern terrace pergola India. Indicative ₹/sq.ft from Woodenmax live calculators (taxes per final quote). Final BOQ after site verification.",https://woodenmax.in/products/pergola/profile-pergola,https://woodenmax.in/images/products/profile-pergola/aluminium-pergola-hyderabad.webp,"https://woodenmax.in/images/products/profile-pergola/best-pergola-company-india.webp, https://woodenmax.in/images/products/profile-pergola/custom-aluminium-louvers-pergola.webp, https://woodenmax.in/images/products/profile-pergola/decorative-iron-pergola.webp, https://woodenmax.in/images/products/profile-pergola/iron-pergola-installation.webp, https://woodenmax.in/images/products/profile-pergola/modern-outdoor-garden-pergola-design.webp",in stock,1500.00 INR,,new,Woodenmax,,,no,703,Home & Garden > Outdoor Living > Pergolas,Home > Pergola Outdoor,IN::Standard:0.00 INR,,pergola,premium,sqft,live-calculator,2026
retractable-pergola,Motorized Pergola Roof Price in India (2026) | Retractable Sliding Aluminium Automatic System | WoodenMax,"Retractable motorized pergola price in India 2026 — 10x12 ft ₹3,50,000–₹4,50,000; 15x15 ft ₹6,55,000–₹8,45,000; 20x20 ft ₹11,65,000–₹15,00,000. Aluminium sliding louvered roof, BLDC motor drive, rain & wind sensors, powder coating. Live calculator for exact BOQ by size. Indicative ₹/sq.ft from Woodenmax live calculators (taxes per final quote). Final BOQ after site verification.",https://woodenmax.in/products/pergola/retractable-pergola,https://woodenmax.in/images/products/retractble-pergola/automatic-pergola.webp,"https://woodenmax.in/images/products/retractble-pergola/folding-pergola-system.webp, https://woodenmax.in/images/products/retractble-pergola/motorized-rooftop-pergola.webp, https://woodenmax.in/images/products/retractble-pergola/sliding-roof-pergola.webp, https://woodenmax.in/images/products/retractble-pergola/villa-pergola-design.webp, https://woodenmax.in/images/products/retractble-pergola/waterproof-retractable-pergola.webp",in stock,350000.00 INR,,new,Woodenmax,,,no,703,Home & Garden > Outdoor Living > Pergolas,Home > Pergola Outdoor,IN::Standard:0.00 INR,,pergola,luxury,project,live-calculator,2026
aluminium-pergola-glass-roof-price-india,Aluminium Pergola Glass Roof Price India (2026) | Terrace Manufacturer | WoodenMax,"Aluminium pergola glass roof price India from manufacturer — 10×12 ft ₹1.8–2.1L, 15×15 ft ₹3.35–3.95L. 6063-T6 frame, toughened/laminated glass or polycarbonate. Links to live calculator. Hyderabad factory, pan-India install.",https://woodenmax.in/products/pergola/aluminium-pergola-glass-roof-price-india,https://woodenmax.in/images/products/aluminium-pergola/luxury-wooden-glass-terrace-pergola.webp,"https://woodenmax.in/images/products/aluminium-pergola/glass-pergola-manufacturer.webp",in stock,1300.00 INR,,new,Woodenmax,,,no,703,Home & Garden > Outdoor Living > Pergolas,Home > Pergola Outdoor,IN::Standard:0.00 INR,,pergola,mid,sqft,price-guide,2026
pricing-api-calculate,WoodenMax Live Pricing API | Woodenmax Aluminium Calculator,"Public pricing API for aluminium windows, louvers, and mirror profiles. Pass width, height, product id — get JSON breakdown with GST. Powered by Woodenmax Pricing Engine v1.0.",https://woodenmax.in/api/calculate,https://woodenmax.in/images/products/2 Track Aluminium Window/2-track-aluminium-sliding-window-modern-home.webp,,in stock,578.00 INR,,new,Woodenmax,,,no,Hardware > Building Materials,Services > Pricing API,Pricing API,IN::Standard:0.00 INR,,pricing-api,tool,api,live-calculator,2026
29mm-sliding-7x7-nomesh,29mm Premium Sliding Window 7×7 ft Without Mesh · 8mm Clear Tuff | Woodenmax,Premium series · Without mesh · 8mm clear tuff · Standard powder coat. Live package rate from WoodenMax calculator. GST 18% extra. Hyderabad factory. India-wide supply. Configure custom sizes on product page.,https://woodenmax.in/products/aluminium-windows/aluminium-sliding-window,https://woodenmax.in/images/products/Window%20Price%20Per%20Sqft/sliding-window-price-range-india-1200.webp,,in stock,51359.00 INR,,new,Woodenmax,,,no,Hardware > Building Materials,Home & Garden > aluminium-windows,aluminium-windows,IN::Standard:0.00 INR,,aluminium-windows,luxury,package,standard-size-package,2026
29mm-sliding-7x7-mesh,29mm Premium Sliding Window 7×7 ft With Mesh · 8mm Clear Tuff | Woodenmax,Premium series · With mesh · 8mm clear tuff · Standard powder coat. Live package rate from WoodenMax calculator. GST 18% extra. Hyderabad factory. India-wide supply. Configure custom sizes on product page.,https://woodenmax.in/products/aluminium-windows/aluminium-sliding-window,https://woodenmax.in/images/products/Window%20Price%20Per%20Sqft/sliding-window-price-range-india-1200.webp,,in stock,58204.00 INR,,new,Woodenmax,,,no,Hardware > Building Materials,Home & Garden > aluminium-windows,aluminium-windows,IN::Standard:0.00 INR,,aluminium-windows,luxury,package,standard-size-package,2026
29mm-sliding-8x8-nomesh,29mm Premium Sliding Window 8×8 ft Without Mesh · 8mm Clear Tuff | Woodenmax,Premium series · Without mesh · 8mm clear tuff · Standard powder coat. Live package rate from WoodenMax calculator. GST 18% extra. Hyderabad factory. India-wide supply. Configure custom sizes on product page.,https://woodenmax.in/products/aluminium-windows/aluminium-sliding-window,https://woodenmax.in/images/products/Window%20Price%20Per%20Sqft/sliding-window-price-range-india-1200.webp,,in stock,66226.00 INR,,new,Woodenmax,,,no,Hardware > Building Materials,Home & Garden > aluminium-windows,aluminium-windows,IN::Standard:0.00 INR,,aluminium-windows,luxury,package,standard-size-package,2026
29mm-sliding-8x8-mesh,29mm Premium Sliding Window 8×8 ft With Mesh · 8mm Clear Tuff | Woodenmax,Premium series · With mesh · 8mm clear tuff · Standard powder coat. Live package rate from WoodenMax calculator. GST 18% extra. Hyderabad factory. India-wide supply. Configure custom sizes on product page.,https://woodenmax.in/products/aluminium-windows/aluminium-sliding-window,https://woodenmax.in/images/products/Window%20Price%20Per%20Sqft/sliding-window-price-range-india-1200.webp,,in stock,75166.00 INR,,new,Woodenmax,,,no,Hardware > Building Materials,Home & Garden > aluminium-windows,aluminium-windows,IN::Standard:0.00 INR,,aluminium-windows,luxury,package,standard-size-package,2026
29mm-sliding-6x8-nomesh,29mm Premium Sliding Window 6×8 ft Without Mesh · 8mm Clear Tuff | Woodenmax,Premium series · Without mesh · 8mm clear tuff · Standard powder coat. Live package rate from WoodenMax calculator. GST 18% extra. Hyderabad factory. India-wide supply. Configure custom sizes on product page.,https://woodenmax.in/products/aluminium-windows/aluminium-sliding-window,https://woodenmax.in/images/products/Window%20Price%20Per%20Sqft/sliding-window-price-range-india-1200.webp,,in stock,50368.00 INR,,new,Woodenmax,,,no,Hardware > Building Materials,Home & Garden > aluminium-windows,aluminium-windows,IN::Standard:0.00 INR,,aluminium-windows,luxury,package,standard-size-package,2026
29mm-sliding-6x8-mesh,29mm Premium Sliding Window 6×8 ft With Mesh · 8mm Clear Tuff | Woodenmax,Premium series · With mesh · 8mm clear tuff · Standard powder coat. Live package rate from WoodenMax calculator. GST 18% extra. Hyderabad factory. India-wide supply. Configure custom sizes on product page.,https://woodenmax.in/products/aluminium-windows/aluminium-sliding-window,https://woodenmax.in/images/products/Window%20Price%20Per%20Sqft/sliding-window-price-range-india-1200.webp,,in stock,57074.00 INR,,new,Woodenmax,,,no,Hardware > Building Materials,Home & Garden > aluminium-windows,aluminium-windows,IN::Standard:0.00 INR,,aluminium-windows,luxury,package,standard-size-package,2026
29mm-sliding-10x8-nomesh,29mm Premium Sliding Window 10×8 ft Without Mesh · 8mm Clear Tuff | Woodenmax,Premium series · Without mesh · 8mm clear tuff · Standard powder coat. Live package rate from WoodenMax calculator. GST 18% extra. Hyderabad factory. India-wide supply. Configure custom sizes on product page.,https://woodenmax.in/products/aluminium-windows/aluminium-sliding-window,https://woodenmax.in/images/products/Window%20Price%20Per%20Sqft/sliding-window-price-range-india-1200.webp,,in stock,82083.00 INR,,new,Woodenmax,,,no,Hardware > Building Materials,Home & Garden > aluminium-windows,aluminium-windows,IN::Standard:0.00 INR,,aluminium-windows,luxury,package,standard-size-package,2026
29mm-sliding-10x8-mesh,29mm Premium Sliding Window 10×8 ft With Mesh · 8mm Clear Tuff | Woodenmax,Premium series · With mesh · 8mm clear tuff · Standard powder coat. Live package rate from WoodenMax calculator. GST 18% extra. Hyderabad factory. India-wide supply. Configure custom sizes on product page.,https://woodenmax.in/products/aluminium-windows/aluminium-sliding-window,https://woodenmax.in/images/products/Window%20Price%20Per%20Sqft/sliding-window-price-range-india-1200.webp,,in stock,93259.00 INR,,new,Woodenmax,,,no,Hardware > Building Materials,Home & Garden > aluminium-windows,aluminium-windows,IN::Standard:0.00 INR,,aluminium-windows,luxury,package,standard-size-package,2026
29mm-sliding-12x8-nomesh,29mm Premium Sliding Window 12×8 ft Without Mesh · 8mm Clear Tuff | Woodenmax,Premium series · Without mesh · 8mm clear tuff · Standard powder coat. Live package rate from WoodenMax calculator. GST 18% extra. Hyderabad factory. India-wide supply. Configure custom sizes on product page.,https://woodenmax.in/products/aluminium-windows/aluminium-sliding-window,https://woodenmax.in/images/products/Window%20Price%20Per%20Sqft/sliding-window-price-range-india-1200.webp,,in stock,97941.00 INR,,new,Woodenmax,,,no,Hardware > Building Materials,Home & Garden > aluminium-windows,aluminium-windows,IN::Standard:0.00 INR,,aluminium-windows,luxury,package,standard-size-package,2026
29mm-sliding-12x8-mesh,29mm Premium Sliding Window 12×8 ft With Mesh · 8mm Clear Tuff | Woodenmax,Premium series · With mesh · 8mm clear tuff · Standard powder coat. Live package rate from WoodenMax calculator. GST 18% extra. Hyderabad factory. India-wide supply. Configure custom sizes on product page.,https://woodenmax.in/products/aluminium-windows/aluminium-sliding-window,https://woodenmax.in/images/products/Window%20Price%20Per%20Sqft/sliding-window-price-range-india-1200.webp,,in stock,111352.00 INR,,new,Woodenmax,,,no,Hardware > Building Materials,Home & Garden > aluminium-windows,aluminium-windows,IN::Standard:0.00 INR,,aluminium-windows,luxury,package,standard-size-package,2026
system-sliding-30mm-7x7-nomesh,30mm System Sliding Sliding Window 7×7 ft Without Mesh · 8mm Clear Tuff | Woodenmax,Premium series · Without mesh · 8mm clear tuff · Standard powder coat. Live package rate from WoodenMax calculator. GST 18% extra. Hyderabad factory. India-wide supply. Configure custom sizes on product page.,https://woodenmax.in/products/aluminium-windows/aluminium-system-window-price,https://woodenmax.in/images/products/Window%20Price%20Per%20Sqft/sliding-window-price-range-india-1200.webp,,in stock,48920.00 INR,,new,Woodenmax,,,no,Hardware > Building Materials,Home & Garden > aluminium-windows,aluminium-windows,IN::Standard:0.00 INR,,aluminium-windows,luxury,package,standard-size-package,2026
system-sliding-30mm-7x7-mesh,30mm System Sliding Sliding Window 7×7 ft With Mesh · 8mm Clear Tuff | Woodenmax,Premium series · With mesh · 8mm clear tuff · Standard powder coat. Live package rate from WoodenMax calculator. GST 18% extra. Hyderabad factory. India-wide supply. Configure custom sizes on product page.,https://woodenmax.in/products/aluminium-windows/aluminium-system-window-price,https://woodenmax.in/images/products/Window%20Price%20Per%20Sqft/sliding-window-price-range-india-1200.webp,,in stock,55766.00 INR,,new,Woodenmax,,,no,Hardware > Building Materials,Home & Garden > aluminium-windows,aluminium-windows,IN::Standard:0.00 INR,,aluminium-windows,luxury,package,standard-size-package,2026
system-sliding-30mm-8x8-nomesh,30mm System Sliding Sliding Window 8×8 ft Without Mesh · 8mm Clear Tuff | Woodenmax,Premium series · Without mesh · 8mm clear tuff · Standard powder coat. Live package rate from WoodenMax calculator. GST 18% extra. Hyderabad factory. India-wide supply. Configure custom sizes on product page.,https://woodenmax.in/products/aluminium-windows/aluminium-system-window-price,https://woodenmax.in/images/products/Window%20Price%20Per%20Sqft/sliding-window-price-range-india-1200.webp,,in stock,63061.00 INR,,new,Woodenmax,,,no,Hardware > Building Materials,Home & Garden > aluminium-windows,aluminium-windows,IN::Standard:0.00 INR,,aluminium-windows,luxury,package,standard-size-package,2026
system-sliding-30mm-8x8-mesh,30mm System Sliding Sliding Window 8×8 ft With Mesh · 8mm Clear Tuff | Woodenmax,Premium series · With mesh · 8mm clear tuff · Standard powder coat. Live package rate from WoodenMax calculator. GST 18% extra. Hyderabad factory. India-wide supply. Configure custom sizes on product page.,https://woodenmax.in/products/aluminium-windows/aluminium-system-window-price,https://woodenmax.in/images/products/Window%20Price%20Per%20Sqft/sliding-window-price-range-india-1200.webp,,in stock,72002.00 INR,,new,Woodenmax,,,no,Hardware > Building Materials,Home & Garden > aluminium-windows,aluminium-windows,IN::Standard:0.00 INR,,aluminium-windows,luxury,package,standard-size-package,2026
system-sliding-30mm-6x8-nomesh,30mm System Sliding Sliding Window 6×8 ft Without Mesh · 8mm Clear Tuff | Woodenmax,Premium series · Without mesh · 8mm clear tuff · Standard powder coat. Live package rate from WoodenMax calculator. GST 18% extra. Hyderabad factory. India-wide supply. Configure custom sizes on product page.,https://woodenmax.in/products/aluminium-windows/aluminium-system-window-price,https://woodenmax.in/images/products/Window%20Price%20Per%20Sqft/sliding-window-price-range-india-1200.webp,,in stock,47978.00 INR,,new,Woodenmax,,,no,Hardware > Building Materials,Home & Garden > aluminium-windows,aluminium-windows,IN::Standard:0.00 INR,,aluminium-windows,luxury,package,standard-size-package,2026
system-sliding-30mm-6x8-mesh,30mm System Sliding Sliding Window 6×8 ft With Mesh · 8mm Clear Tuff | Woodenmax,Premium series · With mesh · 8mm clear tuff · Standard powder coat. Live package rate from WoodenMax calculator. GST 18% extra. Hyderabad factory. India-wide supply. Configure custom sizes on product page.,https://woodenmax.in/products/aluminium-windows/aluminium-system-window-price,https://woodenmax.in/images/products/Window%20Price%20Per%20Sqft/sliding-window-price-range-india-1200.webp,,in stock,54683.00 INR,,new,Woodenmax,,,no,Hardware > Building Materials,Home & Garden > aluminium-windows,aluminium-windows,IN::Standard:0.00 INR,,aluminium-windows,luxury,package,standard-size-package,2026
system-sliding-30mm-10x8-nomesh,30mm System Sliding Sliding Window 10×8 ft Without Mesh · 8mm Clear Tuff | Woodenmax,Premium series · Without mesh · 8mm clear tuff · Standard powder coat. Live package rate from WoodenMax calculator. GST 18% extra. Hyderabad factory. India-wide supply. Configure custom sizes on product page.,https://woodenmax.in/products/aluminium-windows/aluminium-system-window-price,https://woodenmax.in/images/products/Window%20Price%20Per%20Sqft/sliding-window-price-range-india-1200.webp,,in stock,78144.00 INR,,new,Woodenmax,,,no,Hardware > Building Materials,Home & Garden > aluminium-windows,aluminium-windows,IN::Standard:0.00 INR,,aluminium-windows,luxury,package,standard-size-package,2026
system-sliding-30mm-10x8-mesh,30mm System Sliding Sliding Window 10×8 ft With Mesh · 8mm Clear Tuff | Woodenmax,Premium series · With mesh · 8mm clear tuff · Standard powder coat. Live package rate from WoodenMax calculator. GST 18% extra. Hyderabad factory. India-wide supply. Configure custom sizes on product page.,https://woodenmax.in/products/aluminium-windows/aluminium-system-window-price,https://woodenmax.in/images/products/Window%20Price%20Per%20Sqft/sliding-window-price-range-india-1200.webp,,in stock,89320.00 INR,,new,Woodenmax,,,no,Hardware > Building Materials,Home & Garden > aluminium-windows,aluminium-windows,IN::Standard:0.00 INR,,aluminium-windows,luxury,package,standard-size-package,2026
system-sliding-30mm-12x8-nomesh,30mm System Sliding Sliding Window 12×8 ft Without Mesh · 8mm Clear Tuff | Woodenmax,Premium series · Without mesh · 8mm clear tuff · Standard powder coat. Live package rate from WoodenMax calculator. GST 18% extra. Hyderabad factory. India-wide supply. Configure custom sizes on product page.,https://woodenmax.in/products/aluminium-windows/aluminium-system-window-price,https://woodenmax.in/images/products/Window%20Price%20Per%20Sqft/sliding-window-price-range-india-1200.webp,,in stock,93227.00 INR,,new,Woodenmax,,,no,Hardware > Building Materials,Home & Garden > aluminium-windows,aluminium-windows,IN::Standard:0.00 INR,,aluminium-windows,luxury,package,standard-size-package,2026
system-sliding-30mm-12x8-mesh,30mm System Sliding Sliding Window 12×8 ft With Mesh · 8mm Clear Tuff | Woodenmax,Premium series · With mesh · 8mm clear tuff · Standard powder coat. Live package rate from WoodenMax calculator. GST 18% extra. Hyderabad factory. India-wide supply. Configure custom sizes on product page.,https://woodenmax.in/products/aluminium-windows/aluminium-system-window-price,https://woodenmax.in/images/products/Window%20Price%20Per%20Sqft/sliding-window-price-range-india-1200.webp,,in stock,106638.00 INR,,new,Woodenmax,,,no,Hardware > Building Materials,Home & Garden > aluminium-windows,aluminium-windows,IN::Standard:0.00 INR,,aluminium-windows,luxury,package,standard-size-package,2026
system-sliding-31mm-7x7-nomesh,31mm System Sliding Sliding Window 7×7 ft Without Mesh · 8mm Clear Tuff | Woodenmax,Premium series · Without mesh · 8mm clear tuff · Standard powder coat. Live package rate from WoodenMax calculator. GST 18% extra. Hyderabad factory. India-wide supply. Configure custom sizes on product page.,https://woodenmax.in/products/aluminium-windows/system-window-vs-normal-window,https://woodenmax.in/images/products/Window%20Price%20Per%20Sqft/sliding-window-price-range-india-1200.webp,,in stock,49634.00 INR,,new,Woodenmax,,,no,Hardware > Building Materials,Home & Garden > aluminium-windows,aluminium-windows,IN::Standard:0.00 INR,,aluminium-windows,luxury,package,standard-size-package,2026
system-sliding-31mm-7x7-mesh,31mm System Sliding Sliding Window 7×7 ft With Mesh · 8mm Clear Tuff | Woodenmax,Premium series · With mesh · 8mm clear tuff · Standard powder coat. Live package rate from WoodenMax calculator. GST 18% extra. Hyderabad factory. India-wide supply. Configure custom sizes on product page.,https://woodenmax.in/products/aluminium-windows/system-window-vs-normal-window,https://woodenmax.in/images/products/Window%20Price%20Per%20Sqft/sliding-window-price-range-india-1200.webp,,in stock,56480.00 INR,,new,Woodenmax,,,no,Hardware > Building Materials,Home & Garden > aluminium-windows,aluminium-windows,IN::Standard:0.00 INR,,aluminium-windows,luxury,package,standard-size-package,2026
system-sliding-31mm-8x8-nomesh,31mm System Sliding Sliding Window 8×8 ft Without Mesh · 8mm Clear Tuff | Woodenmax,Premium series · Without mesh · 8mm clear tuff · Standard powder coat. Live package rate from WoodenMax calculator. GST 18% extra. Hyderabad factory. India-wide supply. Configure custom sizes on product page.,https://woodenmax.in/products/aluminium-windows/system-window-vs-normal-window,https://woodenmax.in/images/products/Window%20Price%20Per%20Sqft/sliding-window-price-range-india-1200.webp,,in stock,63989.00 INR,,new,Woodenmax,,,no,Hardware > Building Materials,Home & Garden > aluminium-windows,aluminium-windows,IN::Standard:0.00 INR,,aluminium-windows,luxury,package,standard-size-package,2026
system-sliding-31mm-8x8-mesh,31mm System Sliding Sliding Window 8×8 ft With Mesh · 8mm Clear Tuff | Woodenmax,Premium series · With mesh · 8mm clear tuff · Standard powder coat. Live package rate from WoodenMax calculator. GST 18% extra. Hyderabad factory. India-wide supply. Configure custom sizes on product page.,https://woodenmax.in/products/aluminium-windows/system-window-vs-normal-window,https://woodenmax.in/images/products/Window%20Price%20Per%20Sqft/sliding-window-price-range-india-1200.webp,,in stock,72930.00 INR,,new,Woodenmax,,,no,Hardware > Building Materials,Home & Garden > aluminium-windows,aluminium-windows,IN::Standard:0.00 INR,,aluminium-windows,luxury,package,standard-size-package,2026
system-sliding-31mm-6x8-nomesh,31mm System Sliding Sliding Window 6×8 ft Without Mesh · 8mm Clear Tuff | Woodenmax,Premium series · Without mesh · 8mm clear tuff · Standard powder coat. Live package rate from WoodenMax calculator. GST 18% extra. Hyderabad factory. India-wide supply. Configure custom sizes on product page.,https://woodenmax.in/products/aluminium-windows/system-window-vs-normal-window,https://woodenmax.in/images/products/Window%20Price%20Per%20Sqft/sliding-window-price-range-india-1200.webp,,in stock,48677.00 INR,,new,Woodenmax,,,no,Hardware > Building Materials,Home & Garden > aluminium-windows,aluminium-windows,IN::Standard:0.00 INR,,aluminium-windows,luxury,package,standard-size-package,2026
system-sliding-31mm-6x8-mesh,31mm System Sliding Sliding Window 6×8 ft With Mesh · 8mm Clear Tuff | Woodenmax,Premium series · With mesh · 8mm clear tuff · Standard powder coat. Live package rate from WoodenMax calculator. GST 18% extra. Hyderabad factory. India-wide supply. Configure custom sizes on product page.,https://woodenmax.in/products/aluminium-windows/system-window-vs-normal-window,https://woodenmax.in/images/products/Window%20Price%20Per%20Sqft/sliding-window-price-range-india-1200.webp,,in stock,55383.00 INR,,new,Woodenmax,,,no,Hardware > Building Materials,Home & Garden > aluminium-windows,aluminium-windows,IN::Standard:0.00 INR,,aluminium-windows,luxury,package,standard-size-package,2026
system-sliding-31mm-10x8-nomesh,31mm System Sliding Sliding Window 10×8 ft Without Mesh · 8mm Clear Tuff | Woodenmax,Premium series · Without mesh · 8mm clear tuff · Standard powder coat. Live package rate from WoodenMax calculator. GST 18% extra. Hyderabad factory. India-wide supply. Configure custom sizes on product page.,https://woodenmax.in/products/aluminium-windows/system-window-vs-normal-window,https://woodenmax.in/images/products/Window%20Price%20Per%20Sqft/sliding-window-price-range-india-1200.webp,,in stock,79301.00 INR,,new,Woodenmax,,,no,Hardware > Building Materials,Home & Garden > aluminium-windows,aluminium-windows,IN::Standard:0.00 INR,,aluminium-windows,luxury,package,standard-size-package,2026
system-sliding-31mm-10x8-mesh,31mm System Sliding Sliding Window 10×8 ft With Mesh · 8mm Clear Tuff | Woodenmax,Premium series · With mesh · 8mm clear tuff · Standard powder coat. Live package rate from WoodenMax calculator. GST 18% extra. Hyderabad factory. India-wide supply. Configure custom sizes on product page.,https://woodenmax.in/products/aluminium-windows/system-window-vs-normal-window,https://woodenmax.in/images/products/Window%20Price%20Per%20Sqft/sliding-window-price-range-india-1200.webp,,in stock,90477.00 INR,,new,Woodenmax,,,no,Hardware > Building Materials,Home & Garden > aluminium-windows,aluminium-windows,IN::Standard:0.00 INR,,aluminium-windows,luxury,package,standard-size-package,2026
system-sliding-31mm-12x8-nomesh,31mm System Sliding Sliding Window 12×8 ft Without Mesh · 8mm Clear Tuff | Woodenmax,Premium series · Without mesh · 8mm clear tuff · Standard powder coat. Live package rate from WoodenMax calculator. GST 18% extra. Hyderabad factory. India-wide supply. Configure custom sizes on product page.,https://woodenmax.in/products/aluminium-windows/system-window-vs-normal-window,https://woodenmax.in/images/products/Window%20Price%20Per%20Sqft/sliding-window-price-range-india-1200.webp,,in stock,94613.00 INR,,new,Woodenmax,,,no,Hardware > Building Materials,Home & Garden > aluminium-windows,aluminium-windows,IN::Standard:0.00 INR,,aluminium-windows,luxury,package,standard-size-package,2026
system-sliding-31mm-12x8-mesh,31mm System Sliding Sliding Window 12×8 ft With Mesh · 8mm Clear Tuff | Woodenmax,Premium series · With mesh · 8mm clear tuff · Standard powder coat. Live package rate from WoodenMax calculator. GST 18% extra. Hyderabad factory. India-wide supply. Configure custom sizes on product page.,https://woodenmax.in/products/aluminium-windows/system-window-vs-normal-window,https://woodenmax.in/images/products/Window%20Price%20Per%20Sqft/sliding-window-price-range-india-1200.webp,,in stock,108024.00 INR,,new,Woodenmax,,,no,Hardware > Building Materials,Home & Garden > aluminium-windows,aluminium-windows,IN::Standard:0.00 INR,,aluminium-windows,luxury,package,standard-size-package,2026
system-sliding-35mm-gulf-7x7-nomesh,35mm Gulf Sliding Sliding Window 7×7 ft Without Mesh · 8mm Clear Tuff | Woodenmax,Premium series · Without mesh · 8mm clear tuff · Standard powder coat. Live package rate from WoodenMax calculator. GST 18% extra. Hyderabad factory. India-wide supply. Configure custom sizes on product page.,https://woodenmax.in/products/aluminium-windows/system-sliding-window-price,https://woodenmax.in/images/products/Window%20Price%20Per%20Sqft/sliding-window-price-range-india-1200.webp,,in stock,50732.00 INR,,new,Woodenmax,,,no,Hardware > Building Materials,Home & Garden > aluminium-windows,aluminium-windows,IN::Standard:0.00 INR,,aluminium-windows,luxury,package,standard-size-package,2026
system-sliding-35mm-gulf-7x7-mesh,35mm Gulf Sliding Sliding Window 7×7 ft With Mesh · 8mm Clear Tuff | Woodenmax,Premium series · With mesh · 8mm clear tuff · Standard powder coat. Live package rate from WoodenMax calculator. GST 18% extra. Hyderabad factory. India-wide supply. Configure custom sizes on product page.,https://woodenmax.in/products/aluminium-windows/system-sliding-window-price,https://woodenmax.in/images/products/Window%20Price%20Per%20Sqft/sliding-window-price-range-india-1200.webp,,in stock,57577.00 INR,,new,Woodenmax,,,no,Hardware > Building Materials,Home & Garden > aluminium-windows,aluminium-windows,IN::Standard:0.00 INR,,aluminium-windows,luxury,package,standard-size-package,2026
system-sliding-35mm-gulf-8x8-nomesh,35mm Gulf Sliding Sliding Window 8×8 ft Without Mesh · 8mm Clear Tuff | Woodenmax,Premium series · Without mesh · 8mm clear tuff · Standard powder coat. Live package rate from WoodenMax calculator. GST 18% extra. Hyderabad factory. India-wide supply. Configure custom sizes on product page.,https://woodenmax.in/products/aluminium-windows/system-sliding-window-price,https://woodenmax.in/images/products/Window%20Price%20Per%20Sqft/sliding-window-price-range-india-1200.webp,,in stock,65417.00 INR,,new,Woodenmax,,,no,Hardware > Building Materials,Home & Garden > aluminium-windows,aluminium-windows,IN::Standard:0.00 INR,,aluminium-windows,luxury,package,standard-size-package,2026
system-sliding-35mm-gulf-8x8-mesh,35mm Gulf Sliding Sliding Window 8×8 ft With Mesh · 8mm Clear Tuff | Woodenmax,Premium series · With mesh · 8mm clear tuff · Standard powder coat. Live package rate from WoodenMax calculator. GST 18% extra. Hyderabad factory. India-wide supply. Configure custom sizes on product page.,https://woodenmax.in/products/aluminium-windows/system-sliding-window-price,https://woodenmax.in/images/products/Window%20Price%20Per%20Sqft/sliding-window-price-range-india-1200.webp,,in stock,74358.00 INR,,new,Woodenmax,,,no,Hardware > Building Materials,Home & Garden > aluminium-windows,aluminium-windows,IN::Standard:0.00 INR,,aluminium-windows,luxury,package,standard-size-package,2026
system-sliding-35mm-gulf-6x8-nomesh,35mm Gulf Sliding Sliding Window 6×8 ft Without Mesh · 8mm Clear Tuff | Woodenmax,Premium series · Without mesh · 8mm clear tuff · Standard powder coat. Live package rate from WoodenMax calculator. GST 18% extra. Hyderabad factory. India-wide supply. Configure custom sizes on product page.,https://woodenmax.in/products/aluminium-windows/system-sliding-window-price,https://woodenmax.in/images/products/Window%20Price%20Per%20Sqft/sliding-window-price-range-india-1200.webp,,in stock,49753.00 INR,,new,Woodenmax,,,no,Hardware > Building Materials,Home & Garden > aluminium-windows,aluminium-windows,IN::Standard:0.00 INR,,aluminium-windows,luxury,package,standard-size-package,2026
system-sliding-35mm-gulf-6x8-mesh,35mm Gulf Sliding Sliding Window 6×8 ft With Mesh · 8mm Clear Tuff | Woodenmax,Premium series · With mesh · 8mm clear tuff · Standard powder coat. Live package rate from WoodenMax calculator. GST 18% extra. Hyderabad factory. India-wide supply. Configure custom sizes on product page.,https://woodenmax.in/products/aluminium-windows/system-sliding-window-price,https://woodenmax.in/images/products/Window%20Price%20Per%20Sqft/sliding-window-price-range-india-1200.webp,,in stock,56459.00 INR,,new,Woodenmax,,,no,Hardware > Building Materials,Home & Garden > aluminium-windows,aluminium-windows,IN::Standard:0.00 INR,,aluminium-windows,luxury,package,standard-size-package,2026
system-sliding-35mm-gulf-10x8-nomesh,35mm Gulf Sliding Sliding Window 10×8 ft Without Mesh · 8mm Clear Tuff | Woodenmax,Premium series · Without mesh · 8mm clear tuff · Standard powder coat. Live package rate from WoodenMax calculator. GST 18% extra. Hyderabad factory. India-wide supply. Configure custom sizes on product page.,https://woodenmax.in/products/aluminium-windows/system-sliding-window-price,https://woodenmax.in/images/products/Window%20Price%20Per%20Sqft/sliding-window-price-range-india-1200.webp,,in stock,81081.00 INR,,new,Woodenmax,,,no,Hardware > Building Materials,Home & Garden > aluminium-windows,aluminium-windows,IN::Standard:0.00 INR,,aluminium-windows,luxury,package,standard-size-package,2026
system-sliding-35mm-gulf-10x8-mesh,35mm Gulf Sliding Sliding Window 10×8 ft With Mesh · 8mm Clear Tuff | Woodenmax,Premium series · With mesh · 8mm clear tuff · Standard powder coat. Live package rate from WoodenMax calculator. GST 18% extra. Hyderabad factory. India-wide supply. Configure custom sizes on product page.,https://woodenmax.in/products/aluminium-windows/system-sliding-window-price,https://woodenmax.in/images/products/Window%20Price%20Per%20Sqft/sliding-window-price-range-india-1200.webp,,in stock,92257.00 INR,,new,Woodenmax,,,no,Hardware > Building Materials,Home & Garden > aluminium-windows,aluminium-windows,IN::Standard:0.00 INR,,aluminium-windows,luxury,package,standard-size-package,2026
system-sliding-35mm-gulf-12x8-nomesh,35mm Gulf Sliding Sliding Window 12×8 ft Without Mesh · 8mm Clear Tuff | Woodenmax,Premium series · Without mesh · 8mm clear tuff · Standard powder coat. Live package rate from WoodenMax calculator. GST 18% extra. Hyderabad factory. India-wide supply. Configure custom sizes on product page.,https://woodenmax.in/products/aluminium-windows/system-sliding-window-price,https://woodenmax.in/images/products/Window%20Price%20Per%20Sqft/sliding-window-price-range-india-1200.webp,,in stock,96745.00 INR,,new,Woodenmax,,,no,Hardware > Building Materials,Home & Garden > aluminium-windows,aluminium-windows,IN::Standard:0.00 INR,,aluminium-windows,luxury,package,standard-size-package,2026
system-sliding-35mm-gulf-12x8-mesh,35mm Gulf Sliding Sliding Window 12×8 ft With Mesh · 8mm Clear Tuff | Woodenmax,Premium series · With mesh · 8mm clear tuff · Standard powder coat. Live package rate from WoodenMax calculator. GST 18% extra. Hyderabad factory. India-wide supply. Configure custom sizes on product page.,https://woodenmax.in/products/aluminium-windows/system-sliding-window-price,https://woodenmax.in/images/products/Window%20Price%20Per%20Sqft/sliding-window-price-range-india-1200.webp,,in stock,110156.00 INR,,new,Woodenmax,,,no,Hardware > Building Materials,Home & Garden > aluminium-windows,aluminium-windows,IN::Standard:0.00 INR,,aluminium-windows,luxury,package,standard-size-package,2026
system-sliding-40mm-minimal-7x7-nomesh,40mm Minimal Sliding Sliding Window 7×7 ft Without Mesh · 8mm Clear Tuff | Woodenmax,Premium series · Without mesh · 8mm clear tuff · Standard powder coat. Live package rate from WoodenMax calculator. GST 18% extra. Hyderabad factory. India-wide supply. Configure custom sizes on product page.,https://woodenmax.in/products/aluminium-windows/system-window-installation,https://woodenmax.in/images/products/Window%20Price%20Per%20Sqft/sliding-window-price-range-india-1200.webp,,in stock,51838.00 INR,,new,Woodenmax,,,no,Hardware > Building Materials,Home & Garden > aluminium-windows,aluminium-windows,IN::Standard:0.00 INR,,aluminium-windows,luxury,package,standard-size-package,2026
system-sliding-40mm-minimal-7x7-mesh,40mm Minimal Sliding Sliding Window 7×7 ft With Mesh · 8mm Clear Tuff | Woodenmax,Premium series · With mesh · 8mm clear tuff · Standard powder coat. Live package rate from WoodenMax calculator. GST 18% extra. Hyderabad factory. India-wide supply. Configure custom sizes on product page.,https://woodenmax.in/products/aluminium-windows/system-window-installation,https://woodenmax.in/images/products/Window%20Price%20Per%20Sqft/sliding-window-price-range-india-1200.webp,,in stock,58683.00 INR,,new,Woodenmax,,,no,Hardware > Building Materials,Home & Garden > aluminium-windows,aluminium-windows,IN::Standard:0.00 INR,,aluminium-windows,luxury,package,standard-size-package,2026
system-sliding-40mm-minimal-8x8-nomesh,40mm Minimal Sliding Sliding Window 8×8 ft Without Mesh · 8mm Clear Tuff | Woodenmax,Premium series · Without mesh · 8mm clear tuff · Standard powder coat. Live package rate from WoodenMax calculator. GST 18% extra. Hyderabad factory. India-wide supply. Configure custom sizes on product page.,https://woodenmax.in/products/aluminium-windows/system-window-installation,https://woodenmax.in/images/products/Window%20Price%20Per%20Sqft/sliding-window-price-range-india-1200.webp,,in stock,66853.00 INR,,new,Woodenmax,,,no,Hardware > Building Materials,Home & Garden > aluminium-windows,aluminium-windows,IN::Standard:0.00 INR,,aluminium-windows,luxury,package,standard-size-package,2026
system-sliding-40mm-minimal-8x8-mesh,40mm Minimal Sliding Sliding Window 8×8 ft With Mesh · 8mm Clear Tuff | Woodenmax,Premium series · With mesh · 8mm clear tuff · Standard powder coat. Live package rate from WoodenMax calculator. GST 18% extra. Hyderabad factory. India-wide supply. Configure custom sizes on product page.,https://woodenmax.in/products/aluminium-windows/system-window-installation,https://woodenmax.in/images/products/Window%20Price%20Per%20Sqft/sliding-window-price-range-india-1200.webp,,in stock,75793.00 INR,,new,Woodenmax,,,no,Hardware > Building Materials,Home & Garden > aluminium-windows,aluminium-windows,IN::Standard:0.00 INR,,aluminium-windows,luxury,package,standard-size-package,2026
system-sliding-40mm-minimal-6x8-nomesh,40mm Minimal Sliding Sliding Window 6×8 ft Without Mesh · 8mm Clear Tuff | Woodenmax,Premium series · Without mesh · 8mm clear tuff · Standard powder coat. Live package rate from WoodenMax calculator. GST 18% extra. Hyderabad factory. India-wide supply. Configure custom sizes on product page.,https://woodenmax.in/products/aluminium-windows/system-window-installation,https://woodenmax.in/images/products/Window%20Price%20Per%20Sqft/sliding-window-price-range-india-1200.webp,,in stock,50837.00 INR,,new,Woodenmax,,,no,Hardware > Building Materials,Home & Garden > aluminium-windows,aluminium-windows,IN::Standard:0.00 INR,,aluminium-windows,luxury,package,standard-size-package,2026
system-sliding-40mm-minimal-6x8-mesh,40mm Minimal Sliding Sliding Window 6×8 ft With Mesh · 8mm Clear Tuff | Woodenmax,Premium series · With mesh · 8mm clear tuff · Standard powder coat. Live package rate from WoodenMax calculator. GST 18% extra. Hyderabad factory. India-wide supply. Configure custom sizes on product page.,https://woodenmax.in/products/aluminium-windows/system-window-installation,https://woodenmax.in/images/products/Window%20Price%20Per%20Sqft/sliding-window-price-range-india-1200.webp,,in stock,57542.00 INR,,new,Woodenmax,,,no,Hardware > Building Materials,Home & Garden > aluminium-windows,aluminium-windows,IN::Standard:0.00 INR,,aluminium-windows,luxury,package,standard-size-package,2026
system-sliding-40mm-minimal-10x8-nomesh,40mm Minimal Sliding Sliding Window 10×8 ft Without Mesh · 8mm Clear Tuff | Woodenmax,Premium series · Without mesh · 8mm clear tuff · Standard powder coat. Live package rate from WoodenMax calculator. GST 18% extra. Hyderabad factory. India-wide supply. Configure custom sizes on product page.,https://woodenmax.in/products/aluminium-windows/system-window-installation,https://woodenmax.in/images/products/Window%20Price%20Per%20Sqft/sliding-window-price-range-india-1200.webp,,in stock,82869.00 INR,,new,Woodenmax,,,no,Hardware > Building Materials,Home & Garden > aluminium-windows,aluminium-windows,IN::Standard:0.00 INR,,aluminium-windows,luxury,package,standard-size-package,2026
system-sliding-40mm-minimal-10x8-mesh,40mm Minimal Sliding Sliding Window 10×8 ft With Mesh · 8mm Clear Tuff | Woodenmax,Premium series · With mesh · 8mm clear tuff · Standard powder coat. Live package rate from WoodenMax calculator. GST 18% extra. Hyderabad factory. India-wide supply. Configure custom sizes on product page.,https://woodenmax.in/products/aluminium-windows/system-window-installation,https://woodenmax.in/images/products/Window%20Price%20Per%20Sqft/sliding-window-price-range-india-1200.webp,,in stock,94045.00 INR,,new,Woodenmax,,,no,Hardware > Building Materials,Home & Garden > aluminium-windows,aluminium-windows,IN::Standard:0.00 INR,,aluminium-windows,luxury,package,standard-size-package,2026
system-sliding-40mm-minimal-12x8-nomesh,40mm Minimal Sliding Sliding Window 12×8 ft Without Mesh · 8mm Clear Tuff | Woodenmax,Premium series · Without mesh · 8mm clear tuff · Standard powder coat. Live package rate from WoodenMax calculator. GST 18% extra. Hyderabad factory. India-wide supply. Configure custom sizes on product page.,https://woodenmax.in/products/aluminium-windows/system-window-installation,https://woodenmax.in/images/products/Window%20Price%20Per%20Sqft/sliding-window-price-range-india-1200.webp,,in stock,98885.00 INR,,new,Woodenmax,,,no,Hardware > Building Materials,Home & Garden > aluminium-windows,aluminium-windows,IN::Standard:0.00 INR,,aluminium-windows,luxury,package,standard-size-package,2026
system-sliding-40mm-minimal-12x8-mesh,40mm Minimal Sliding Sliding Window 12×8 ft With Mesh · 8mm Clear Tuff | Woodenmax,Premium series · With mesh · 8mm clear tuff · Standard powder coat. Live package rate from WoodenMax calculator. GST 18% extra. Hyderabad factory. India-wide supply. Configure custom sizes on product page.,https://woodenmax.in/products/aluminium-windows/system-window-installation,https://woodenmax.in/images/products/Window%20Price%20Per%20Sqft/sliding-window-price-range-india-1200.webp,,in stock,112296.00 INR,,new,Woodenmax,,,no,Hardware > Building Materials,Home & Garden > aluminium-windows,aluminium-windows,IN::Standard:0.00 INR,,aluminium-windows,luxury,package,standard-size-package,2026
system-sliding-31mm-glass-7x7-nomesh,31mm Glass System Sliding Sliding Window 7×7 ft Without Mesh · 8mm Clear Tuff | Woodenmax,Premium series · Without mesh · 8mm clear tuff · Standard powder coat. Live package rate from WoodenMax calculator. GST 18% extra. Hyderabad factory. India-wide supply. Configure custom sizes on product page.,https://woodenmax.in/products/aluminium-windows/system-window-glass-options,https://woodenmax.in/images/products/Window%20Price%20Per%20Sqft/sliding-window-price-range-india-1200.webp,,in stock,50188.00 INR,,new,Woodenmax,,,no,Hardware > Building Materials,Home & Garden > aluminium-windows,aluminium-windows,IN::Standard:0.00 INR,,aluminium-windows,luxury,package,standard-size-package,2026
system-sliding-31mm-glass-7x7-mesh,31mm Glass System Sliding Sliding Window 7×7 ft With Mesh · 8mm Clear Tuff | Woodenmax,Premium series · With mesh · 8mm clear tuff · Standard powder coat. Live package rate from WoodenMax calculator. GST 18% extra. Hyderabad factory. India-wide supply. Configure custom sizes on product page.,https://woodenmax.in/products/aluminium-windows/system-window-glass-options,https://woodenmax.in/images/products/Window%20Price%20Per%20Sqft/sliding-window-price-range-india-1200.webp,,in stock,57033.00 INR,,new,Woodenmax,,,no,Hardware > Building Materials,Home & Garden > aluminium-windows,aluminium-windows,IN::Standard:0.00 INR,,aluminium-windows,luxury,package,standard-size-package,2026
system-sliding-31mm-glass-8x8-nomesh,31mm Glass System Sliding Sliding Window 8×8 ft Without Mesh · 8mm Clear Tuff | Woodenmax,Premium series · Without mesh · 8mm clear tuff · Standard powder coat. Live package rate from WoodenMax calculator. GST 18% extra. Hyderabad factory. India-wide supply. Configure custom sizes on product page.,https://woodenmax.in/products/aluminium-windows/system-window-glass-options,https://woodenmax.in/images/products/Window%20Price%20Per%20Sqft/sliding-window-price-range-india-1200.webp,,in stock,64708.00 INR,,new,Woodenmax,,,no,Hardware > Building Materials,Home & Garden > aluminium-windows,aluminium-windows,IN::Standard:0.00 INR,,aluminium-windows,luxury,package,standard-size-package,2026
system-sliding-31mm-glass-8x8-mesh,31mm Glass System Sliding Sliding Window 8×8 ft With Mesh · 8mm Clear Tuff | Woodenmax,Premium series · With mesh · 8mm clear tuff · Standard powder coat. Live package rate from WoodenMax calculator. GST 18% extra. Hyderabad factory. India-wide supply. Configure custom sizes on product page.,https://woodenmax.in/products/aluminium-windows/system-window-glass-options,https://woodenmax.in/images/products/Window%20Price%20Per%20Sqft/sliding-window-price-range-india-1200.webp,,in stock,73648.00 INR,,new,Woodenmax,,,no,Hardware > Building Materials,Home & Garden > aluminium-windows,aluminium-windows,IN::Standard:0.00 INR,,aluminium-windows,luxury,package,standard-size-package,2026
system-sliding-31mm-glass-6x8-nomesh,31mm Glass System Sliding Sliding Window 6×8 ft Without Mesh · 8mm Clear Tuff | Woodenmax,Premium series · Without mesh · 8mm clear tuff · Standard powder coat. Live package rate from WoodenMax calculator. GST 18% extra. Hyderabad factory. India-wide supply. Configure custom sizes on product page.,https://woodenmax.in/products/aluminium-windows/system-window-glass-options,https://woodenmax.in/images/products/Window%20Price%20Per%20Sqft/sliding-window-price-range-india-1200.webp,,in stock,49220.00 INR,,new,Woodenmax,,,no,Hardware > Building Materials,Home & Garden > aluminium-windows,aluminium-windows,IN::Standard:0.00 INR,,aluminium-windows,luxury,package,standard-size-package,2026
system-sliding-31mm-glass-6x8-mesh,31mm Glass System Sliding Sliding Window 6×8 ft With Mesh · 8mm Clear Tuff | Woodenmax,Premium series · With mesh · 8mm clear tuff · Standard powder coat. Live package rate from WoodenMax calculator. GST 18% extra. Hyderabad factory. India-wide supply. Configure custom sizes on product page.,https://woodenmax.in/products/aluminium-windows/system-window-glass-options,https://woodenmax.in/images/products/Window%20Price%20Per%20Sqft/sliding-window-price-range-india-1200.webp,,in stock,55925.00 INR,,new,Woodenmax,,,no,Hardware > Building Materials,Home & Garden > aluminium-windows,aluminium-windows,IN::Standard:0.00 INR,,aluminium-windows,luxury,package,standard-size-package,2026
system-sliding-31mm-glass-10x8-nomesh,31mm Glass System Sliding Sliding Window 10×8 ft Without Mesh · 8mm Clear Tuff | Woodenmax,Premium series · Without mesh · 8mm clear tuff · Standard powder coat. Live package rate from WoodenMax calculator. GST 18% extra. Hyderabad factory. India-wide supply. Configure custom sizes on product page.,https://woodenmax.in/products/aluminium-windows/system-window-glass-options,https://woodenmax.in/images/products/Window%20Price%20Per%20Sqft/sliding-window-price-range-india-1200.webp,,in stock,80196.00 INR,,new,Woodenmax,,,no,Hardware > Building Materials,Home & Garden > aluminium-windows,aluminium-windows,IN::Standard:0.00 INR,,aluminium-windows,luxury,package,standard-size-package,2026
system-sliding-31mm-glass-10x8-mesh,31mm Glass System Sliding Sliding Window 10×8 ft With Mesh · 8mm Clear Tuff | Woodenmax,Premium series · With mesh · 8mm clear tuff · Standard powder coat. Live package rate from WoodenMax calculator. GST 18% extra. Hyderabad factory. India-wide supply. Configure custom sizes on product page.,https://woodenmax.in/products/aluminium-windows/system-window-glass-options,https://woodenmax.in/images/products/Window%20Price%20Per%20Sqft/sliding-window-price-range-india-1200.webp,,in stock,91372.00 INR,,new,Woodenmax,,,no,Hardware > Building Materials,Home & Garden > aluminium-windows,aluminium-windows,IN::Standard:0.00 INR,,aluminium-windows,luxury,package,standard-size-package,2026
system-sliding-31mm-glass-12x8-nomesh,31mm Glass System Sliding Sliding Window 12×8 ft Without Mesh · 8mm Clear Tuff | Woodenmax,Premium series · Without mesh · 8mm clear tuff · Standard powder coat. Live package rate from WoodenMax calculator. GST 18% extra. Hyderabad factory. India-wide supply. Configure custom sizes on product page.,https://woodenmax.in/products/aluminium-windows/system-window-glass-options,https://woodenmax.in/images/products/Window%20Price%20Per%20Sqft/sliding-window-price-range-india-1200.webp,,in stock,95684.00 INR,,new,Woodenmax,,,no,Hardware > Building Materials,Home & Garden > aluminium-windows,aluminium-windows,IN::Standard:0.00 INR,,aluminium-windows,luxury,package,standard-size-package,2026
system-sliding-31mm-glass-12x8-mesh,31mm Glass System Sliding Sliding Window 12×8 ft With Mesh · 8mm Clear Tuff | Woodenmax,Premium series · With mesh · 8mm clear tuff · Standard powder coat. Live package rate from WoodenMax calculator. GST 18% extra. Hyderabad factory. India-wide supply. Configure custom sizes on product page.,https://woodenmax.in/products/aluminium-windows/system-window-glass-options,https://woodenmax.in/images/products/Window%20Price%20Per%20Sqft/sliding-window-price-range-india-1200.webp,,in stock,109095.00 INR,,new,Woodenmax,,,no,Hardware > Building Materials,Home & Garden > aluminium-windows,aluminium-windows,IN::Standard:0.00 INR,,aluminium-windows,luxury,package,standard-size-package,2026
2track-french-7x7-nomesh,2 Track French Sliding Door Sliding Window 7×7 ft Without Mesh · 8mm Clear Tuff | Woodenmax,Premium series · Without mesh · 8mm clear tuff · Standard powder coat. Live package rate from WoodenMax calculator. GST 18% extra. Hyderabad factory. India-wide supply. Configure custom sizes on product page.,https://woodenmax.in/products/aluminium-windows/2-track-french-sliding-door,https://woodenmax.in/images/products/Window%20Price%20Per%20Sqft/sliding-window-price-range-india-1200.webp,,in stock,51359.00 INR,,new,Woodenmax,,,no,Hardware > Building Materials,Home & Garden > aluminium-windows,aluminium-windows,IN::Standard:0.00 INR,,aluminium-windows,luxury,package,standard-size-package,2026
2track-french-7x7-mesh,2 Track French Sliding Door Sliding Window 7×7 ft With Mesh · 8mm Clear Tuff | Woodenmax,Premium series · With mesh · 8mm clear tuff · Standard powder coat. Live package rate from WoodenMax calculator. GST 18% extra. Hyderabad factory. India-wide supply. Configure custom sizes on product page.,https://woodenmax.in/products/aluminium-windows/2-track-french-sliding-door,https://woodenmax.in/images/products/Window%20Price%20Per%20Sqft/sliding-window-price-range-india-1200.webp,,in stock,58204.00 INR,,new,Woodenmax,,,no,Hardware > Building Materials,Home & Garden > aluminium-windows,aluminium-windows,IN::Standard:0.00 INR,,aluminium-windows,luxury,package,standard-size-package,2026
2track-french-8x8-nomesh,2 Track French Sliding Door Sliding Window 8×8 ft Without Mesh · 8mm Clear Tuff | Woodenmax,Premium series · Without mesh · 8mm clear tuff · Standard powder coat. Live package rate from WoodenMax calculator. GST 18% extra. Hyderabad factory. India-wide supply. Configure custom sizes on product page.,https://woodenmax.in/products/aluminium-windows/2-track-french-sliding-door,https://woodenmax.in/images/products/Window%20Price%20Per%20Sqft/sliding-window-price-range-india-1200.webp,,in stock,66226.00 INR,,new,Woodenmax,,,no,Hardware > Building Materials,Home & Garden > aluminium-windows,aluminium-windows,IN::Standard:0.00 INR,,aluminium-windows,luxury,package,standard-size-package,2026
2track-french-8x8-mesh,2 Track French Sliding Door Sliding Window 8×8 ft With Mesh · 8mm Clear Tuff | Woodenmax,Premium series · With mesh · 8mm clear tuff · Standard powder coat. Live package rate from WoodenMax calculator. GST 18% extra. Hyderabad factory. India-wide supply. Configure custom sizes on product page.,https://woodenmax.in/products/aluminium-windows/2-track-french-sliding-door,https://woodenmax.in/images/products/Window%20Price%20Per%20Sqft/sliding-window-price-range-india-1200.webp,,in stock,75166.00 INR,,new,Woodenmax,,,no,Hardware > Building Materials,Home & Garden > aluminium-windows,aluminium-windows,IN::Standard:0.00 INR,,aluminium-windows,luxury,package,standard-size-package,2026
2track-french-6x8-nomesh,2 Track French Sliding Door Sliding Window 6×8 ft Without Mesh · 8mm Clear Tuff | Woodenmax,Premium series · Without mesh · 8mm clear tuff · Standard powder coat. Live package rate from WoodenMax calculator. GST 18% extra. Hyderabad factory. India-wide supply. Configure custom sizes on product page.,https://woodenmax.in/products/aluminium-windows/2-track-french-sliding-door,https://woodenmax.in/images/products/Window%20Price%20Per%20Sqft/sliding-window-price-range-india-1200.webp,,in stock,50368.00 INR,,new,Woodenmax,,,no,Hardware > Building Materials,Home & Garden > aluminium-windows,aluminium-windows,IN::Standard:0.00 INR,,aluminium-windows,luxury,package,standard-size-package,2026
2track-french-6x8-mesh,2 Track French Sliding Door Sliding Window 6×8 ft With Mesh · 8mm Clear Tuff | Woodenmax,Premium series · With mesh · 8mm clear tuff · Standard powder coat. Live package rate from WoodenMax calculator. GST 18% extra. Hyderabad factory. India-wide supply. Configure custom sizes on product page.,https://woodenmax.in/products/aluminium-windows/2-track-french-sliding-door,https://woodenmax.in/images/products/Window%20Price%20Per%20Sqft/sliding-window-price-range-india-1200.webp,,in stock,57074.00 INR,,new,Woodenmax,,,no,Hardware > Building Materials,Home & Garden > aluminium-windows,aluminium-windows,IN::Standard:0.00 INR,,aluminium-windows,luxury,package,standard-size-package,2026
2track-french-10x8-nomesh,2 Track French Sliding Door Sliding Window 10×8 ft Without Mesh · 8mm Clear Tuff | Woodenmax,Premium series · Without mesh · 8mm clear tuff · Standard powder coat. Live package rate from WoodenMax calculator. GST 18% extra. Hyderabad factory. India-wide supply. Configure custom sizes on product page.,https://woodenmax.in/products/aluminium-windows/2-track-french-sliding-door,https://woodenmax.in/images/products/Window%20Price%20Per%20Sqft/sliding-window-price-range-india-1200.webp,,in stock,82083.00 INR,,new,Woodenmax,,,no,Hardware > Building Materials,Home & Garden > aluminium-windows,aluminium-windows,IN::Standard:0.00 INR,,aluminium-windows,luxury,package,standard-size-package,2026
2track-french-10x8-mesh,2 Track French Sliding Door Sliding Window 10×8 ft With Mesh · 8mm Clear Tuff | Woodenmax,Premium series · With mesh · 8mm clear tuff · Standard powder coat. Live package rate from WoodenMax calculator. GST 18% extra. Hyderabad factory. India-wide supply. Configure custom sizes on product page.,https://woodenmax.in/products/aluminium-windows/2-track-french-sliding-door,https://woodenmax.in/images/products/Window%20Price%20Per%20Sqft/sliding-window-price-range-india-1200.webp,,in stock,93259.00 INR,,new,Woodenmax,,,no,Hardware > Building Materials,Home & Garden > aluminium-windows,aluminium-windows,IN::Standard:0.00 INR,,aluminium-windows,luxury,package,standard-size-package,2026
2track-french-12x8-nomesh,2 Track French Sliding Door Sliding Window 12×8 ft Without Mesh · 8mm Clear Tuff | Woodenmax,Premium series · Without mesh · 8mm clear tuff · Standard powder coat. Live package rate from WoodenMax calculator. GST 18% extra. Hyderabad factory. India-wide supply. Configure custom sizes on product page.,https://woodenmax.in/products/aluminium-windows/2-track-french-sliding-door,https://woodenmax.in/images/products/Window%20Price%20Per%20Sqft/sliding-window-price-range-india-1200.webp,,in stock,97941.00 INR,,new,Woodenmax,,,no,Hardware > Building Materials,Home & Garden > aluminium-windows,aluminium-windows,IN::Standard:0.00 INR,,aluminium-windows,luxury,package,standard-size-package,2026
2track-french-12x8-mesh,2 Track French Sliding Door Sliding Window 12×8 ft With Mesh · 8mm Clear Tuff | Woodenmax,Premium series · With mesh · 8mm clear tuff · Standard powder coat. Live package rate from WoodenMax calculator. GST 18% extra. Hyderabad factory. India-wide supply. Configure custom sizes on product page.,https://woodenmax.in/products/aluminium-windows/2-track-french-sliding-door,https://woodenmax.in/images/products/Window%20Price%20Per%20Sqft/sliding-window-price-range-india-1200.webp,,in stock,111352.00 INR,,new,Woodenmax,,,no,Hardware > Building Materials,Home & Garden > aluminium-windows,aluminium-windows,IN::Standard:0.00 INR,,aluminium-windows,luxury,package,standard-size-package,2026
3track-sliding-5x4-nomesh,2 Track 27mm Domal Sliding Window 5×4 ft Without Mesh · 6mm Clear Tuff | Woodenmax,Economy Domal · 2 track without mesh · 6mm clear tuff · Standard powder coat. Live package rate from WoodenMax calculator. GST 18% extra. Hyderabad factory. India-wide supply. Configure custom sizes on product page.,https://woodenmax.in/products/aluminium-windows/3-track-sliding-window,https://woodenmax.in/images/products/Window%20Price%20Per%20Sqft/sliding-window-price-range-india-1200.webp,,in stock,15365.00 INR,,new,Woodenmax,,,no,Hardware > Building Materials,Home & Garden > aluminium-windows,aluminium-windows,IN::Standard:0.00 INR,,aluminium-windows,luxury,package,standard-size-package,2026
3track-sliding-5x4-mesh,3 Track 27mm Domal Sliding Window 5×4 ft With Mesh · 6mm Clear Tuff | Woodenmax,Economy Domal · 3 track with mesh · 6mm clear tuff · Standard powder coat. Live package rate from WoodenMax calculator. GST 18% extra. Hyderabad factory. India-wide supply. Configure custom sizes on product page.,https://woodenmax.in/products/aluminium-windows/3-track-sliding-window,https://woodenmax.in/images/products/Window%20Price%20Per%20Sqft/sliding-window-price-range-india-1200.webp,,in stock,18125.00 INR,,new,Woodenmax,,,no,Hardware > Building Materials,Home & Garden > aluminium-windows,aluminium-windows,IN::Standard:0.00 INR,,aluminium-windows,luxury,package,standard-size-package,2026
3track-sliding-4x4-nomesh,2 Track 27mm Domal Sliding Window 4×4 ft Without Mesh · 6mm Clear Tuff | Woodenmax,Economy Domal · 2 track without mesh · 6mm clear tuff · Standard powder coat. Live package rate from WoodenMax calculator. GST 18% extra. Hyderabad factory. India-wide supply. Configure custom sizes on product page.,https://woodenmax.in/products/aluminium-windows/3-track-sliding-window,https://woodenmax.in/images/products/Window%20Price%20Per%20Sqft/sliding-window-price-range-india-1200.webp,,in stock,12514.00 INR,,new,Woodenmax,,,no,Hardware > Building Materials,Home & Garden > aluminium-windows,aluminium-windows,IN::Standard:0.00 INR,,aluminium-windows,luxury,package,standard-size-package,2026
3track-sliding-4x4-mesh,3 Track 27mm Domal Sliding Window 4×4 ft With Mesh · 6mm Clear Tuff | Woodenmax,Economy Domal · 3 track with mesh · 6mm clear tuff · Standard powder coat. Live package rate from WoodenMax calculator. GST 18% extra. Hyderabad factory. India-wide supply. Configure custom sizes on product page.,https://woodenmax.in/products/aluminium-windows/3-track-sliding-window,https://woodenmax.in/images/products/Window%20Price%20Per%20Sqft/sliding-window-price-range-india-1200.webp,,in stock,14722.00 INR,,new,Woodenmax,,,no,Hardware > Building Materials,Home & Garden > aluminium-windows,aluminium-windows,IN::Standard:0.00 INR,,aluminium-windows,luxury,package,standard-size-package,2026
3track-sliding-6x6-nomesh,2 Track 27mm Domal Sliding Window 6×6 ft Without Mesh · 6mm Clear Tuff | Woodenmax,Economy Domal · 2 track without mesh · 6mm clear tuff · Standard powder coat. Live package rate from WoodenMax calculator. GST 18% extra. Hyderabad factory. India-wide supply. Configure custom sizes on product page.,https://woodenmax.in/products/aluminium-windows/3-track-sliding-window,https://woodenmax.in/images/products/Window%20Price%20Per%20Sqft/sliding-window-price-range-india-1200.webp,,in stock,26770.00 INR,,new,Woodenmax,,,no,Hardware > Building Materials,Home & Garden > aluminium-windows,aluminium-windows,IN::Standard:0.00 INR,,aluminium-windows,luxury,package,standard-size-package,2026
3track-sliding-6x6-mesh,3 Track 27mm Domal Sliding Window 6×6 ft With Mesh · 6mm Clear Tuff | Woodenmax,Economy Domal · 3 track with mesh · 6mm clear tuff · Standard powder coat. Live package rate from WoodenMax calculator. GST 18% extra. Hyderabad factory. India-wide supply. Configure custom sizes on product page.,https://woodenmax.in/products/aluminium-windows/3-track-sliding-window,https://woodenmax.in/images/products/Window%20Price%20Per%20Sqft/sliding-window-price-range-india-1200.webp,,in stock,31738.00 INR,,new,Woodenmax,,,no,Hardware > Building Materials,Home & Garden > aluminium-windows,aluminium-windows,IN::Standard:0.00 INR,,aluminium-windows,luxury,package,standard-size-package,2026
3track-sliding-6x5-nomesh,2 Track 27mm Domal Sliding Window 6×5 ft Without Mesh · 6mm Clear Tuff | Woodenmax,Economy Domal · 2 track without mesh · 6mm clear tuff · Standard powder coat. Live package rate from WoodenMax calculator. GST 18% extra. Hyderabad factory. India-wide supply. Configure custom sizes on product page.,https://woodenmax.in/products/aluminium-windows/3-track-sliding-window,https://woodenmax.in/images/products/Window%20Price%20Per%20Sqft/sliding-window-price-range-india-1200.webp,,in stock,22493.00 INR,,new,Woodenmax,,,no,Hardware > Building Materials,Home & Garden > aluminium-windows,aluminium-windows,IN::Standard:0.00 INR,,aluminium-windows,luxury,package,standard-size-package,2026
3track-sliding-6x5-mesh,3 Track 27mm Domal Sliding Window 6×5 ft With Mesh · 6mm Clear Tuff | Woodenmax,Economy Domal · 3 track with mesh · 6mm clear tuff · Standard powder coat. Live package rate from WoodenMax calculator. GST 18% extra. Hyderabad factory. India-wide supply. Configure custom sizes on product page.,https://woodenmax.in/products/aluminium-windows/3-track-sliding-window,https://woodenmax.in/images/products/Window%20Price%20Per%20Sqft/sliding-window-price-range-india-1200.webp,,in stock,26633.00 INR,,new,Woodenmax,,,no,Hardware > Building Materials,Home & Garden > aluminium-windows,aluminium-windows,IN::Standard:0.00 INR,,aluminium-windows,luxury,package,standard-size-package,2026
slimline-aluminium-window-1-5x3-std,Slimline Casement 1.5×3 ft Top hung / side swing · 6mm | Woodenmax,Top hung / side swing casement · 6mm clear tuff · Standard powder coat. Live package rate from WoodenMax calculator. GST 18% extra. Hyderabad factory. India-wide supply. Configure custom sizes on product page.,https://woodenmax.in/products/aluminium-windows/slimline-aluminium-window,https://woodenmax.in/images/products/Window%20Price%20Per%20Sqft/sliding-window-price-range-india-1200.webp,,in stock,5397.00 INR,,new,Woodenmax,,,no,Hardware > Building Materials,Home & Garden > aluminium-windows,aluminium-windows,IN::Standard:0.00 INR,,aluminium-windows,luxury,package,standard-size-package,2026
slimline-aluminium-window-2x4-std,Slimline Casement 2×4 ft Top hung / side swing · 6mm | Woodenmax,Top hung / side swing casement · 6mm clear tuff · Standard powder coat. Live package rate from WoodenMax calculator. GST 18% extra. Hyderabad factory. India-wide supply. Configure custom sizes on product page.,https://woodenmax.in/products/aluminium-windows/slimline-aluminium-window,https://woodenmax.in/images/products/Window%20Price%20Per%20Sqft/sliding-window-price-range-india-1200.webp,,in stock,8892.00 INR,,new,Woodenmax,,,no,Hardware > Building Materials,Home & Garden > aluminium-windows,aluminium-windows,IN::Standard:0.00 INR,,aluminium-windows,luxury,package,standard-size-package,2026
slimline-aluminium-window-2-5x5-std,Slimline Casement 2.5×5 ft Top hung / side swing · 6mm | Woodenmax,Top hung / side swing casement · 6mm clear tuff · Standard powder coat. Live package rate from WoodenMax calculator. GST 18% extra. Hyderabad factory. India-wide supply. Configure custom sizes on product page.,https://woodenmax.in/products/aluminium-windows/slimline-aluminium-window,https://woodenmax.in/images/products/Window%20Price%20Per%20Sqft/sliding-window-price-range-india-1200.webp,,in stock,13387.00 INR,,new,Woodenmax,,,no,Hardware > Building Materials,Home & Garden > aluminium-windows,aluminium-windows,IN::Standard:0.00 INR,,aluminium-windows,luxury,package,standard-size-package,2026
slimline-aluminium-window-3x5-std,Slimline Casement 3×5 ft Top hung / side swing · 6mm | Woodenmax,Top hung / side swing casement · 6mm clear tuff · Standard powder coat. Live package rate from WoodenMax calculator. GST 18% extra. Hyderabad factory. India-wide supply. Configure custom sizes on product page.,https://woodenmax.in/products/aluminium-windows/slimline-aluminium-window,https://woodenmax.in/images/products/Window%20Price%20Per%20Sqft/sliding-window-price-range-india-1200.webp,,in stock,15884.00 INR,,new,Woodenmax,,,no,Hardware > Building Materials,Home & Garden > aluminium-windows,aluminium-windows,IN::Standard:0.00 INR,,aluminium-windows,luxury,package,standard-size-package,2026
slimline-aluminium-window-3x6-std,Slimline Casement 3×6 ft Half fixed + half top-hung · 6mm | Woodenmax,Half fixed lite + half top-hung / side swing · 6mm clear tuff. Live package rate from WoodenMax calculator. GST 18% extra. Hyderabad factory. India-wide supply. Configure custom sizes on product page.,https://woodenmax.in/products/aluminium-windows/slimline-aluminium-window,https://woodenmax.in/images/products/Window%20Price%20Per%20Sqft/sliding-window-price-range-india-1200.webp,,in stock,18880.00 INR,,new,Woodenmax,,,no,Hardware > Building Materials,Home & Garden > aluminium-windows,aluminium-windows,IN::Standard:0.00 INR,,aluminium-windows,luxury,package,standard-size-package,2026
slimline-aluminium-window-2x6-std,Slimline Casement 2×6 ft Half fixed + half top-hung · 6mm | Woodenmax,Half fixed lite + half top-hung / side swing · 6mm clear tuff. Live package rate from WoodenMax calculator. GST 18% extra. Hyderabad factory. India-wide supply. Configure custom sizes on product page.,https://woodenmax.in/products/aluminium-windows/slimline-aluminium-window,https://woodenmax.in/images/products/Window%20Price%20Per%20Sqft/sliding-window-price-range-india-1200.webp,,in stock,12888.00 INR,,new,Woodenmax,,,no,Hardware > Building Materials,Home & Garden > aluminium-windows,aluminium-windows,IN::Standard:0.00 INR,,aluminium-windows,luxury,package,standard-size-package,2026
slimline-aluminium-window-3x8-std,Slimline Casement 3×8 ft Half fixed + half top-hung · 6mm | Woodenmax,Half fixed lite + half top-hung / side swing · 6mm clear tuff. Live package rate from WoodenMax calculator. GST 18% extra. Hyderabad factory. India-wide supply. Configure custom sizes on product page.,https://woodenmax.in/products/aluminium-windows/slimline-aluminium-window,https://woodenmax.in/images/products/Window%20Price%20Per%20Sqft/sliding-window-price-range-india-1200.webp,,in stock,24873.00 INR,,new,Woodenmax,,,no,Hardware > Building Materials,Home & Garden > aluminium-windows,aluminium-windows,IN::Standard:0.00 INR,,aluminium-windows,luxury,package,standard-size-package,2026
top-hung-casement-1-5x3-std,Top Hung Casement 1.5×3 ft Top hung / side swing · 6mm | Woodenmax,Top hung / side swing casement · 6mm clear tuff · Standard powder coat. Live package rate from WoodenMax calculator. GST 18% extra. Hyderabad factory. India-wide supply. Configure custom sizes on product page.,https://woodenmax.in/products/aluminium-windows/top-hung-casement-window,https://woodenmax.in/images/products/Window%20Price%20Per%20Sqft/sliding-window-price-range-india-1200.webp,,in stock,4558.00 INR,,new,Woodenmax,,,no,Hardware > Building Materials,Home & Garden > aluminium-windows,aluminium-windows,IN::Standard:0.00 INR,,aluminium-windows,luxury,package,standard-size-package,2026
top-hung-casement-2x4-std,Top Hung Casement 2×4 ft Top hung / side swing · 6mm | Woodenmax,Top hung / side swing casement · 6mm clear tuff · Standard powder coat. Live package rate from WoodenMax calculator. GST 18% extra. Hyderabad factory. India-wide supply. Configure custom sizes on product page.,https://woodenmax.in/products/aluminium-windows/top-hung-casement-window,https://woodenmax.in/images/products/Window%20Price%20Per%20Sqft/sliding-window-price-range-india-1200.webp,,in stock,7461.00 INR,,new,Woodenmax,,,no,Hardware > Building Materials,Home & Garden > aluminium-windows,aluminium-windows,IN::Standard:0.00 INR,,aluminium-windows,luxury,package,standard-size-package,2026
top-hung-casement-2-5x5-std,Top Hung Casement 2.5×5 ft Top hung / side swing · 6mm | Woodenmax,Top hung / side swing casement · 6mm clear tuff · Standard powder coat. Live package rate from WoodenMax calculator. GST 18% extra. Hyderabad factory. India-wide supply. Configure custom sizes on product page.,https://woodenmax.in/products/aluminium-windows/top-hung-casement-window,https://woodenmax.in/images/products/Window%20Price%20Per%20Sqft/sliding-window-price-range-india-1200.webp,,in stock,11194.00 INR,,new,Woodenmax,,,no,Hardware > Building Materials,Home & Garden > aluminium-windows,aluminium-windows,IN::Standard:0.00 INR,,aluminium-windows,luxury,package,standard-size-package,2026
top-hung-casement-3x5-std,Top Hung Casement 3×5 ft Top hung / side swing · 6mm | Woodenmax,Top hung / side swing casement · 6mm clear tuff · Standard powder coat. Live package rate from WoodenMax calculator. GST 18% extra. Hyderabad factory. India-wide supply. Configure custom sizes on product page.,https://woodenmax.in/products/aluminium-windows/top-hung-casement-window,https://woodenmax.in/images/products/Window%20Price%20Per%20Sqft/sliding-window-price-range-india-1200.webp,,in stock,13267.00 INR,,new,Woodenmax,,,no,Hardware > Building Materials,Home & Garden > aluminium-windows,aluminium-windows,IN::Standard:0.00 INR,,aluminium-windows,luxury,package,standard-size-package,2026
top-hung-casement-3x6-std,Top Hung Casement 3×6 ft Half fixed + half top-hung · 6mm | Woodenmax,Half fixed lite + half top-hung / side swing · 6mm clear tuff. Live package rate from WoodenMax calculator. GST 18% extra. Hyderabad factory. India-wide supply. Configure custom sizes on product page.,https://woodenmax.in/products/aluminium-windows/top-hung-casement-window,https://woodenmax.in/images/products/Window%20Price%20Per%20Sqft/sliding-window-price-range-india-1200.webp,,in stock,15755.00 INR,,new,Woodenmax,,,no,Hardware > Building Materials,Home & Garden > aluminium-windows,aluminium-windows,IN::Standard:0.00 INR,,aluminium-windows,luxury,package,standard-size-package,2026
top-hung-casement-2x6-std,Top Hung Casement 2×6 ft Half fixed + half top-hung · 6mm | Woodenmax,Half fixed lite + half top-hung / side swing · 6mm clear tuff. Live package rate from WoodenMax calculator. GST 18% extra. Hyderabad factory. India-wide supply. Configure custom sizes on product page.,https://woodenmax.in/products/aluminium-windows/top-hung-casement-window,https://woodenmax.in/images/products/Window%20Price%20Per%20Sqft/sliding-window-price-range-india-1200.webp,,in stock,10779.00 INR,,new,Woodenmax,,,no,Hardware > Building Materials,Home & Garden > aluminium-windows,aluminium-windows,IN::Standard:0.00 INR,,aluminium-windows,luxury,package,standard-size-package,2026
top-hung-casement-3x8-std,Top Hung Casement 3×8 ft Half fixed + half top-hung · 6mm | Woodenmax,Half fixed lite + half top-hung / side swing · 6mm clear tuff. Live package rate from WoodenMax calculator. GST 18% extra. Hyderabad factory. India-wide supply. Configure custom sizes on product page.,https://woodenmax.in/products/aluminium-windows/top-hung-casement-window,https://woodenmax.in/images/products/Window%20Price%20Per%20Sqft/sliding-window-price-range-india-1200.webp,,in stock,20732.00 INR,,new,Woodenmax,,,no,Hardware > Building Materials,Home & Garden > aluminium-windows,aluminium-windows,IN::Standard:0.00 INR,,aluminium-windows,luxury,package,standard-size-package,2026
system-casement-50mm-euro-guide-1-5x3-std,50mm Euro Casement Guide 1.5×3 ft Top hung / side swing · 6mm | Woodenmax,Top hung / side swing casement · 6mm clear tuff · Standard powder coat. Live package rate from WoodenMax calculator. GST 18% extra. Hyderabad factory. India-wide supply. Configure custom sizes on product page.,https://woodenmax.in/products/aluminium-windows/what-is-aluminium-system-window,https://woodenmax.in/images/products/Window%20Price%20Per%20Sqft/sliding-window-price-range-india-1200.webp,,in stock,4525.00 INR,,new,Woodenmax,,,no,Hardware > Building Materials,Home & Garden > aluminium-windows,aluminium-windows,IN::Standard:0.00 INR,,aluminium-windows,luxury,package,standard-size-package,2026
system-casement-50mm-euro-guide-2x4-std,50mm Euro Casement Guide 2×4 ft Top hung / side swing · 6mm | Woodenmax,Top hung / side swing casement · 6mm clear tuff · Standard powder coat. Live package rate from WoodenMax calculator. GST 18% extra. Hyderabad factory. India-wide supply. Configure custom sizes on product page.,https://woodenmax.in/products/aluminium-windows/what-is-aluminium-system-window,https://woodenmax.in/images/products/Window%20Price%20Per%20Sqft/sliding-window-price-range-india-1200.webp,,in stock,7405.00 INR,,new,Woodenmax,,,no,Hardware > Building Materials,Home & Garden > aluminium-windows,aluminium-windows,IN::Standard:0.00 INR,,aluminium-windows,luxury,package,standard-size-package,2026
system-casement-50mm-euro-guide-2-5x5-std,50mm Euro Casement Guide 2.5×5 ft Top hung / side swing · 6mm | Woodenmax,Top hung / side swing casement · 6mm clear tuff · Standard powder coat. Live package rate from WoodenMax calculator. GST 18% extra. Hyderabad factory. India-wide supply. Configure custom sizes on product page.,https://woodenmax.in/products/aluminium-windows/what-is-aluminium-system-window,https://woodenmax.in/images/products/Window%20Price%20Per%20Sqft/sliding-window-price-range-india-1200.webp,,in stock,11108.00 INR,,new,Woodenmax,,,no,Hardware > Building Materials,Home & Garden > aluminium-windows,aluminium-windows,IN::Standard:0.00 INR,,aluminium-windows,luxury,package,standard-size-package,2026
system-casement-50mm-euro-guide-3x5-std,50mm Euro Casement Guide 3×5 ft Top hung / side swing · 6mm | Woodenmax,Top hung / side swing casement · 6mm clear tuff · Standard powder coat. Live package rate from WoodenMax calculator. GST 18% extra. Hyderabad factory. India-wide supply. Configure custom sizes on product page.,https://woodenmax.in/products/aluminium-windows/what-is-aluminium-system-window,https://woodenmax.in/images/products/Window%20Price%20Per%20Sqft/sliding-window-price-range-india-1200.webp,,in stock,13165.00 INR,,new,Woodenmax,,,no,Hardware > Building Materials,Home & Garden > aluminium-windows,aluminium-windows,IN::Standard:0.00 INR,,aluminium-windows,luxury,package,standard-size-package,2026
system-casement-50mm-euro-guide-3x6-std,50mm Euro Casement Guide 3×6 ft Half fixed + half top-hung · 6mm | Woodenmax,Half fixed lite + half top-hung / side swing · 6mm clear tuff. Live package rate from WoodenMax calculator. GST 18% extra. Hyderabad factory. India-wide supply. Configure custom sizes on product page.,https://woodenmax.in/products/aluminium-windows/what-is-aluminium-system-window,https://woodenmax.in/images/products/Window%20Price%20Per%20Sqft/sliding-window-price-range-india-1200.webp,,in stock,15633.00 INR,,new,Woodenmax,,,no,Hardware > Building Materials,Home & Garden > aluminium-windows,aluminium-windows,IN::Standard:0.00 INR,,aluminium-windows,luxury,package,standard-size-package,2026
system-casement-50mm-euro-guide-2x6-std,50mm Euro Casement Guide 2×6 ft Half fixed + half top-hung · 6mm | Woodenmax,Half fixed lite + half top-hung / side swing · 6mm clear tuff. Live package rate from WoodenMax calculator. GST 18% extra. Hyderabad factory. India-wide supply. Configure custom sizes on product page.,https://woodenmax.in/products/aluminium-windows/what-is-aluminium-system-window,https://woodenmax.in/images/products/Window%20Price%20Per%20Sqft/sliding-window-price-range-india-1200.webp,,in stock,10696.00 INR,,new,Woodenmax,,,no,Hardware > Building Materials,Home & Garden > aluminium-windows,aluminium-windows,IN::Standard:0.00 INR,,aluminium-windows,luxury,package,standard-size-package,2026
system-casement-50mm-euro-guide-3x8-std,50mm Euro Casement Guide 3×8 ft Half fixed + half top-hung · 6mm | Woodenmax,Half fixed lite + half top-hung / side swing · 6mm clear tuff. Live package rate from WoodenMax calculator. GST 18% extra. Hyderabad factory. India-wide supply. Configure custom sizes on product page.,https://woodenmax.in/products/aluminium-windows/what-is-aluminium-system-window,https://woodenmax.in/images/products/Window%20Price%20Per%20Sqft/sliding-window-price-range-india-1200.webp,,in stock,20570.00 INR,,new,Woodenmax,,,no,Hardware > Building Materials,Home & Garden > aluminium-windows,aluminium-windows,IN::Standard:0.00 INR,,aluminium-windows,luxury,package,standard-size-package,2026
system-casement-52mm-gulf-brands-1-5x3-std,52mm Gulf Brands Casement 1.5×3 ft Top hung / side swing · 6mm | Woodenmax,Top hung / side swing casement · 6mm clear tuff · Standard powder coat. Live package rate from WoodenMax calculator. GST 18% extra. Hyderabad factory. India-wide supply. Configure custom sizes on product page.,https://woodenmax.in/products/aluminium-windows/aluminium-system-window-brands-india,https://woodenmax.in/images/products/Window%20Price%20Per%20Sqft/sliding-window-price-range-india-1200.webp,,in stock,4602.00 INR,,new,Woodenmax,,,no,Hardware > Building Materials,Home & Garden > aluminium-windows,aluminium-windows,IN::Standard:0.00 INR,,aluminium-windows,luxury,package,standard-size-package,2026
system-casement-52mm-gulf-brands-2x4-std,52mm Gulf Brands Casement 2×4 ft Top hung / side swing · 6mm | Woodenmax,Top hung / side swing casement · 6mm clear tuff · Standard powder coat. Live package rate from WoodenMax calculator. GST 18% extra. Hyderabad factory. India-wide supply. Configure custom sizes on product page.,https://woodenmax.in/products/aluminium-windows/aluminium-system-window-brands-india,https://woodenmax.in/images/products/Window%20Price%20Per%20Sqft/sliding-window-price-range-india-1200.webp,,in stock,7536.00 INR,,new,Woodenmax,,,no,Hardware > Building Materials,Home & Garden > aluminium-windows,aluminium-windows,IN::Standard:0.00 INR,,aluminium-windows,luxury,package,standard-size-package,2026
system-casement-52mm-gulf-brands-2-5x5-std,52mm Gulf Brands Casement 2.5×5 ft Top hung / side swing · 6mm | Woodenmax,Top hung / side swing casement · 6mm clear tuff · Standard powder coat. Live package rate from WoodenMax calculator. GST 18% extra. Hyderabad factory. India-wide supply. Configure custom sizes on product page.,https://woodenmax.in/products/aluminium-windows/aluminium-system-window-brands-india,https://woodenmax.in/images/products/Window%20Price%20Per%20Sqft/sliding-window-price-range-india-1200.webp,,in stock,11308.00 INR,,new,Woodenmax,,,no,Hardware > Building Materials,Home & Garden > aluminium-windows,aluminium-windows,IN::Standard:0.00 INR,,aluminium-windows,luxury,package,standard-size-package,2026
system-casement-52mm-gulf-brands-3x5-std,52mm Gulf Brands Casement 3×5 ft Top hung / side swing · 6mm | Woodenmax,Top hung / side swing casement · 6mm clear tuff · Standard powder coat. Live package rate from WoodenMax calculator. GST 18% extra. Hyderabad factory. India-wide supply. Configure custom sizes on product page.,https://woodenmax.in/products/aluminium-windows/aluminium-system-window-brands-india,https://woodenmax.in/images/products/Window%20Price%20Per%20Sqft/sliding-window-price-range-india-1200.webp,,in stock,13404.00 INR,,new,Woodenmax,,,no,Hardware > Building Materials,Home & Garden > aluminium-windows,aluminium-windows,IN::Standard:0.00 INR,,aluminium-windows,luxury,package,standard-size-package,2026
system-casement-52mm-gulf-brands-3x6-std,52mm Gulf Brands Casement 3×6 ft Half fixed + half top-hung · 6mm | Woodenmax,Half fixed lite + half top-hung / side swing · 6mm clear tuff. Live package rate from WoodenMax calculator. GST 18% extra. Hyderabad factory. India-wide supply. Configure custom sizes on product page.,https://woodenmax.in/products/aluminium-windows/aluminium-system-window-brands-india,https://woodenmax.in/images/products/Window%20Price%20Per%20Sqft/sliding-window-price-range-india-1200.webp,,in stock,15918.00 INR,,new,Woodenmax,,,no,Hardware > Building Materials,Home & Garden > aluminium-windows,aluminium-windows,IN::Standard:0.00 INR,,aluminium-windows,luxury,package,standard-size-package,2026
system-casement-52mm-gulf-brands-2x6-std,52mm Gulf Brands Casement 2×6 ft Half fixed + half top-hung · 6mm | Woodenmax,Half fixed lite + half top-hung / side swing · 6mm clear tuff. Live package rate from WoodenMax calculator. GST 18% extra. Hyderabad factory. India-wide supply. Configure custom sizes on product page.,https://woodenmax.in/products/aluminium-windows/aluminium-system-window-brands-india,https://woodenmax.in/images/products/Window%20Price%20Per%20Sqft/sliding-window-price-range-india-1200.webp,,in stock,10889.00 INR,,new,Woodenmax,,,no,Hardware > Building Materials,Home & Garden > aluminium-windows,aluminium-windows,IN::Standard:0.00 INR,,aluminium-windows,luxury,package,standard-size-package,2026
system-casement-52mm-gulf-brands-3x8-std,52mm Gulf Brands Casement 3×8 ft Half fixed + half top-hung · 6mm | Woodenmax,Half fixed lite + half top-hung / side swing · 6mm clear tuff. Live package rate from WoodenMax calculator. GST 18% extra. Hyderabad factory. India-wide supply. Configure custom sizes on product page.,https://woodenmax.in/products/aluminium-windows/aluminium-system-window-brands-india,https://woodenmax.in/images/products/Window%20Price%20Per%20Sqft/sliding-window-price-range-india-1200.webp,,in stock,20947.00 INR,,new,Woodenmax,,,no,Hardware > Building Materials,Home & Garden > aluminium-windows,aluminium-windows,IN::Standard:0.00 INR,,aluminium-windows,luxury,package,standard-size-package,2026
system-casement-50mm-euro-1-5x3-std,50mm Euro Casement 1.5×3 ft Top hung / side swing · 6mm | Woodenmax,Top hung / side swing casement · 6mm clear tuff · Standard powder coat. Live package rate from WoodenMax calculator. GST 18% extra. Hyderabad factory. India-wide supply. Configure custom sizes on product page.,https://woodenmax.in/products/aluminium-windows/system-casement-window-price,https://woodenmax.in/images/products/Window%20Price%20Per%20Sqft/sliding-window-price-range-india-1200.webp,,in stock,4558.00 INR,,new,Woodenmax,,,no,Hardware > Building Materials,Home & Garden > aluminium-windows,aluminium-windows,IN::Standard:0.00 INR,,aluminium-windows,luxury,package,standard-size-package,2026
system-casement-50mm-euro-2x4-std,50mm Euro Casement 2×4 ft Top hung / side swing · 6mm | Woodenmax,Top hung / side swing casement · 6mm clear tuff · Standard powder coat. Live package rate from WoodenMax calculator. GST 18% extra. Hyderabad factory. India-wide supply. Configure custom sizes on product page.,https://woodenmax.in/products/aluminium-windows/system-casement-window-price,https://woodenmax.in/images/products/Window%20Price%20Per%20Sqft/sliding-window-price-range-india-1200.webp,,in stock,7461.00 INR,,new,Woodenmax,,,no,Hardware > Building Materials,Home & Garden > aluminium-windows,aluminium-windows,IN::Standard:0.00 INR,,aluminium-windows,luxury,package,standard-size-package,2026
system-casement-50mm-euro-2-5x5-std,50mm Euro Casement 2.5×5 ft Top hung / side swing · 6mm | Woodenmax,Top hung / side swing casement · 6mm clear tuff · Standard powder coat. Live package rate from WoodenMax calculator. GST 18% extra. Hyderabad factory. India-wide supply. Configure custom sizes on product page.,https://woodenmax.in/products/aluminium-windows/system-casement-window-price,https://woodenmax.in/images/products/Window%20Price%20Per%20Sqft/sliding-window-price-range-india-1200.webp,,in stock,11194.00 INR,,new,Woodenmax,,,no,Hardware > Building Materials,Home & Garden > aluminium-windows,aluminium-windows,IN::Standard:0.00 INR,,aluminium-windows,luxury,package,standard-size-package,2026
system-casement-50mm-euro-3x5-std,50mm Euro Casement 3×5 ft Top hung / side swing · 6mm | Woodenmax,Top hung / side swing casement · 6mm clear tuff · Standard powder coat. Live package rate from WoodenMax calculator. GST 18% extra. Hyderabad factory. India-wide supply. Configure custom sizes on product page.,https://woodenmax.in/products/aluminium-windows/system-casement-window-price,https://woodenmax.in/images/products/Window%20Price%20Per%20Sqft/sliding-window-price-range-india-1200.webp,,in stock,13267.00 INR,,new,Woodenmax,,,no,Hardware > Building Materials,Home & Garden > aluminium-windows,aluminium-windows,IN::Standard:0.00 INR,,aluminium-windows,luxury,package,standard-size-package,2026
system-casement-50mm-euro-3x6-std,50mm Euro Casement 3×6 ft Half fixed + half top-hung · 6mm | Woodenmax,Half fixed lite + half top-hung / side swing · 6mm clear tuff. Live package rate from WoodenMax calculator. GST 18% extra. Hyderabad factory. India-wide supply. Configure custom sizes on product page.,https://woodenmax.in/products/aluminium-windows/system-casement-window-price,https://woodenmax.in/images/products/Window%20Price%20Per%20Sqft/sliding-window-price-range-india-1200.webp,,in stock,15755.00 INR,,new,Woodenmax,,,no,Hardware > Building Materials,Home & Garden > aluminium-windows,aluminium-windows,IN::Standard:0.00 INR,,aluminium-windows,luxury,package,standard-size-package,2026
system-casement-50mm-euro-2x6-std,50mm Euro Casement 2×6 ft Half fixed + half top-hung · 6mm | Woodenmax,Half fixed lite + half top-hung / side swing · 6mm clear tuff. Live package rate from WoodenMax calculator. GST 18% extra. Hyderabad factory. India-wide supply. Configure custom sizes on product page.,https://woodenmax.in/products/aluminium-windows/system-casement-window-price,https://woodenmax.in/images/products/Window%20Price%20Per%20Sqft/sliding-window-price-range-india-1200.webp,,in stock,10779.00 INR,,new,Woodenmax,,,no,Hardware > Building Materials,Home & Garden > aluminium-windows,aluminium-windows,IN::Standard:0.00 INR,,aluminium-windows,luxury,package,standard-size-package,2026
system-casement-50mm-euro-3x8-std,50mm Euro Casement 3×8 ft Half fixed + half top-hung · 6mm | Woodenmax,Half fixed lite + half top-hung / side swing · 6mm clear tuff. Live package rate from WoodenMax calculator. GST 18% extra. Hyderabad factory. India-wide supply. Configure custom sizes on product page.,https://woodenmax.in/products/aluminium-windows/system-casement-window-price,https://woodenmax.in/images/products/Window%20Price%20Per%20Sqft/sliding-window-price-range-india-1200.webp,,in stock,20732.00 INR,,new,Woodenmax,,,no,Hardware > Building Materials,Home & Garden > aluminium-windows,aluminium-windows,IN::Standard:0.00 INR,,aluminium-windows,luxury,package,standard-size-package,2026
system-casement-52mm-gulf-slim-1-5x3-std,52mm Gulf Slim Casement 1.5×3 ft Top hung / side swing · 6mm | Woodenmax,Top hung / side swing casement · 6mm clear tuff · Standard powder coat. Live package rate from WoodenMax calculator. GST 18% extra. Hyderabad factory. India-wide supply. Configure custom sizes on product page.,https://woodenmax.in/products/aluminium-windows/slim-system-window-price,https://woodenmax.in/images/products/Window%20Price%20Per%20Sqft/sliding-window-price-range-india-1200.webp,,in stock,4638.00 INR,,new,Woodenmax,,,no,Hardware > Building Materials,Home & Garden > aluminium-windows,aluminium-windows,IN::Standard:0.00 INR,,aluminium-windows,luxury,package,standard-size-package,2026
system-casement-52mm-gulf-slim-2x4-std,52mm Gulf Slim Casement 2×4 ft Top hung / side swing · 6mm | Woodenmax,Top hung / side swing casement · 6mm clear tuff · Standard powder coat. Live package rate from WoodenMax calculator. GST 18% extra. Hyderabad factory. India-wide supply. Configure custom sizes on product page.,https://woodenmax.in/products/aluminium-windows/slim-system-window-price,https://woodenmax.in/images/products/Window%20Price%20Per%20Sqft/sliding-window-price-range-india-1200.webp,,in stock,7594.00 INR,,new,Woodenmax,,,no,Hardware > Building Materials,Home & Garden > aluminium-windows,aluminium-windows,IN::Standard:0.00 INR,,aluminium-windows,luxury,package,standard-size-package,2026
system-casement-52mm-gulf-slim-2-5x5-std,52mm Gulf Slim Casement 2.5×5 ft Top hung / side swing · 6mm | Woodenmax,Top hung / side swing casement · 6mm clear tuff · Standard powder coat. Live package rate from WoodenMax calculator. GST 18% extra. Hyderabad factory. India-wide supply. Configure custom sizes on product page.,https://woodenmax.in/products/aluminium-windows/slim-system-window-price,https://woodenmax.in/images/products/Window%20Price%20Per%20Sqft/sliding-window-price-range-india-1200.webp,,in stock,11396.00 INR,,new,Woodenmax,,,no,Hardware > Building Materials,Home & Garden > aluminium-windows,aluminium-windows,IN::Standard:0.00 INR,,aluminium-windows,luxury,package,standard-size-package,2026
system-casement-52mm-gulf-slim-3x5-std,52mm Gulf Slim Casement 3×5 ft Top hung / side swing · 6mm | Woodenmax,Top hung / side swing casement · 6mm clear tuff · Standard powder coat. Live package rate from WoodenMax calculator. GST 18% extra. Hyderabad factory. India-wide supply. Configure custom sizes on product page.,https://woodenmax.in/products/aluminium-windows/slim-system-window-price,https://woodenmax.in/images/products/Window%20Price%20Per%20Sqft/sliding-window-price-range-india-1200.webp,,in stock,13508.00 INR,,new,Woodenmax,,,no,Hardware > Building Materials,Home & Garden > aluminium-windows,aluminium-windows,IN::Standard:0.00 INR,,aluminium-windows,luxury,package,standard-size-package,2026
system-casement-52mm-gulf-slim-3x6-std,52mm Gulf Slim Casement 3×6 ft Half fixed + half top-hung · 6mm | Woodenmax,Half fixed lite + half top-hung / side swing · 6mm clear tuff. Live package rate from WoodenMax calculator. GST 18% extra. Hyderabad factory. India-wide supply. Configure custom sizes on product page.,https://woodenmax.in/products/aluminium-windows/slim-system-window-price,https://woodenmax.in/images/products/Window%20Price%20Per%20Sqft/sliding-window-price-range-india-1200.webp,,in stock,16042.00 INR,,new,Woodenmax,,,no,Hardware > Building Materials,Home & Garden > aluminium-windows,aluminium-windows,IN::Standard:0.00 INR,,aluminium-windows,luxury,package,standard-size-package,2026
system-casement-52mm-gulf-slim-2x6-std,52mm Gulf Slim Casement 2×6 ft Half fixed + half top-hung · 6mm | Woodenmax,Half fixed lite + half top-hung / side swing · 6mm clear tuff. Live package rate from WoodenMax calculator. GST 18% extra. Hyderabad factory. India-wide supply. Configure custom sizes on product page.,https://woodenmax.in/products/aluminium-windows/slim-system-window-price,https://woodenmax.in/images/products/Window%20Price%20Per%20Sqft/sliding-window-price-range-india-1200.webp,,in stock,10974.00 INR,,new,Woodenmax,,,no,Hardware > Building Materials,Home & Garden > aluminium-windows,aluminium-windows,IN::Standard:0.00 INR,,aluminium-windows,luxury,package,standard-size-package,2026
system-casement-52mm-gulf-slim-3x8-std,52mm Gulf Slim Casement 3×8 ft Half fixed + half top-hung · 6mm | Woodenmax,Half fixed lite + half top-hung / side swing · 6mm clear tuff. Live package rate from WoodenMax calculator. GST 18% extra. Hyderabad factory. India-wide supply. Configure custom sizes on product page.,https://woodenmax.in/products/aluminium-windows/slim-system-window-price,https://woodenmax.in/images/products/Window%20Price%20Per%20Sqft/sliding-window-price-range-india-1200.webp,,in stock,21111.00 INR,,new,Woodenmax,,,no,Hardware > Building Materials,Home & Garden > aluminium-windows,aluminium-windows,IN::Standard:0.00 INR,,aluminium-windows,luxury,package,standard-size-package,2026
system-casement-50mm-euro-villa-1-5x3-std,50mm Euro Villa Casement 1.5×3 ft Top hung / side swing · 6mm | Woodenmax,Top hung / side swing casement · 6mm clear tuff · Standard powder coat. Live package rate from WoodenMax calculator. GST 18% extra. Hyderabad factory. India-wide supply. Configure custom sizes on product page.,https://woodenmax.in/products/aluminium-windows/system-window-for-villa,https://woodenmax.in/images/products/Window%20Price%20Per%20Sqft/sliding-window-price-range-india-1200.webp,,in stock,4693.00 INR,,new,Woodenmax,,,no,Hardware > Building Materials,Home & Garden > aluminium-windows,aluminium-windows,IN::Standard:0.00 INR,,aluminium-windows,luxury,package,standard-size-package,2026
system-casement-50mm-euro-villa-2x4-std,50mm Euro Villa Casement 2×4 ft Top hung / side swing · 6mm | Woodenmax,Top hung / side swing casement · 6mm clear tuff · Standard powder coat. Live package rate from WoodenMax calculator. GST 18% extra. Hyderabad factory. India-wide supply. Configure custom sizes on product page.,https://woodenmax.in/products/aluminium-windows/system-window-for-villa,https://woodenmax.in/images/products/Window%20Price%20Per%20Sqft/sliding-window-price-range-india-1200.webp,,in stock,7688.00 INR,,new,Woodenmax,,,no,Hardware > Building Materials,Home & Garden > aluminium-windows,aluminium-windows,IN::Standard:0.00 INR,,aluminium-windows,luxury,package,standard-size-package,2026
system-casement-50mm-euro-villa-2-5x5-std,50mm Euro Villa Casement 2.5×5 ft Top hung / side swing · 6mm | Woodenmax,Top hung / side swing casement · 6mm clear tuff · Standard powder coat. Live package rate from WoodenMax calculator. GST 18% extra. Hyderabad factory. India-wide supply. Configure custom sizes on product page.,https://woodenmax.in/products/aluminium-windows/system-window-for-villa,https://woodenmax.in/images/products/Window%20Price%20Per%20Sqft/sliding-window-price-range-india-1200.webp,,in stock,11539.00 INR,,new,Woodenmax,,,no,Hardware > Building Materials,Home & Garden > aluminium-windows,aluminium-windows,IN::Standard:0.00 INR,,aluminium-windows,luxury,package,standard-size-package,2026
system-casement-50mm-euro-villa-3x5-std,50mm Euro Villa Casement 3×5 ft Top hung / side swing · 6mm | Woodenmax,Top hung / side swing casement · 6mm clear tuff · Standard powder coat. Live package rate from WoodenMax calculator. GST 18% extra. Hyderabad factory. India-wide supply. Configure custom sizes on product page.,https://woodenmax.in/products/aluminium-windows/system-window-for-villa,https://woodenmax.in/images/products/Window%20Price%20Per%20Sqft/sliding-window-price-range-india-1200.webp,,in stock,13679.00 INR,,new,Woodenmax,,,no,Hardware > Building Materials,Home & Garden > aluminium-windows,aluminium-windows,IN::Standard:0.00 INR,,aluminium-windows,luxury,package,standard-size-package,2026
system-casement-50mm-euro-villa-3x6-std,50mm Euro Villa Casement 3×6 ft Half fixed + half top-hung · 6mm | Woodenmax,Half fixed lite + half top-hung / side swing · 6mm clear tuff. Live package rate from WoodenMax calculator. GST 18% extra. Hyderabad factory. India-wide supply. Configure custom sizes on product page.,https://woodenmax.in/products/aluminium-windows/system-window-for-villa,https://woodenmax.in/images/products/Window%20Price%20Per%20Sqft/sliding-window-price-range-india-1200.webp,,in stock,16246.00 INR,,new,Woodenmax,,,no,Hardware > Building Materials,Home & Garden > aluminium-windows,aluminium-windows,IN::Standard:0.00 INR,,aluminium-windows,luxury,package,standard-size-package,2026
system-casement-50mm-euro-villa-2x6-std,50mm Euro Villa Casement 2×6 ft Half fixed + half top-hung · 6mm | Woodenmax,Half fixed lite + half top-hung / side swing · 6mm clear tuff. Live package rate from WoodenMax calculator. GST 18% extra. Hyderabad factory. India-wide supply. Configure custom sizes on product page.,https://woodenmax.in/products/aluminium-windows/system-window-for-villa,https://woodenmax.in/images/products/Window%20Price%20Per%20Sqft/sliding-window-price-range-india-1200.webp,,in stock,11111.00 INR,,new,Woodenmax,,,no,Hardware > Building Materials,Home & Garden > aluminium-windows,aluminium-windows,IN::Standard:0.00 INR,,aluminium-windows,luxury,package,standard-size-package,2026
system-casement-50mm-euro-villa-3x8-std,50mm Euro Villa Casement 3×8 ft Half fixed + half top-hung · 6mm | Woodenmax,Half fixed lite + half top-hung / side swing · 6mm clear tuff. Live package rate from WoodenMax calculator. GST 18% extra. Hyderabad factory. India-wide supply. Configure custom sizes on product page.,https://woodenmax.in/products/aluminium-windows/system-window-for-villa,https://woodenmax.in/images/products/Window%20Price%20Per%20Sqft/sliding-window-price-range-india-1200.webp,,in stock,21381.00 INR,,new,Woodenmax,,,no,Hardware > Building Materials,Home & Garden > aluminium-windows,aluminium-windows,IN::Standard:0.00 INR,,aluminium-windows,luxury,package,standard-size-package,2026
georgian-bar-openable-1-5x3-std,Georgian Bar Openable Window 1.5×3 ft Top hung / side swing · 6mm | Woodenmax,Top hung / side swing casement · 6mm clear tuff · Standard powder coat. Live package rate from WoodenMax calculator. GST 18% extra. Hyderabad factory. India-wide supply. Configure custom sizes on product page.,https://woodenmax.in/products/aluminium-windows/georgian-grill-casement-door,https://woodenmax.in/images/products/Window%20Price%20Per%20Sqft/sliding-window-price-range-india-1200.webp,,in stock,5999.00 INR,,new,Woodenmax,,,no,Hardware > Building Materials,Home & Garden > aluminium-windows,aluminium-windows,IN::Standard:0.00 INR,,aluminium-windows,luxury,package,standard-size-package,2026
georgian-bar-openable-2x4-std,Georgian Bar Openable Window 2×4 ft Top hung / side swing · 6mm | Woodenmax,Top hung / side swing casement · 6mm clear tuff · Standard powder coat. Live package rate from WoodenMax calculator. GST 18% extra. Hyderabad factory. India-wide supply. Configure custom sizes on product page.,https://woodenmax.in/products/aluminium-windows/georgian-grill-casement-door,https://woodenmax.in/images/products/Window%20Price%20Per%20Sqft/sliding-window-price-range-india-1200.webp,,in stock,10022.00 INR,,new,Woodenmax,,,no,Hardware > Building Materials,Home & Garden > aluminium-windows,aluminium-windows,IN::Standard:0.00 INR,,aluminium-windows,luxury,package,standard-size-package,2026
georgian-bar-openable-2-5x5-std,Georgian Bar Openable Window 2.5×5 ft Top hung / side swing · 6mm | Woodenmax,Top hung / side swing casement · 6mm clear tuff · Standard powder coat. Live package rate from WoodenMax calculator. GST 18% extra. Hyderabad factory. India-wide supply. Configure custom sizes on product page.,https://woodenmax.in/products/aluminium-windows/georgian-grill-casement-door,https://woodenmax.in/images/products/Window%20Price%20Per%20Sqft/sliding-window-price-range-india-1200.webp,,in stock,15195.00 INR,,new,Woodenmax,,,no,Hardware > Building Materials,Home & Garden > aluminium-windows,aluminium-windows,IN::Standard:0.00 INR,,aluminium-windows,luxury,package,standard-size-package,2026
georgian-bar-openable-3x5-std,Georgian Bar Openable Window 3×5 ft Top hung / side swing · 6mm | Woodenmax,Top hung / side swing casement · 6mm clear tuff · Standard powder coat. Live package rate from WoodenMax calculator. GST 18% extra. Hyderabad factory. India-wide supply. Configure custom sizes on product page.,https://woodenmax.in/products/aluminium-windows/georgian-grill-casement-door,https://woodenmax.in/images/products/Window%20Price%20Per%20Sqft/sliding-window-price-range-india-1200.webp,,in stock,18069.00 INR,,new,Woodenmax,,,no,Hardware > Building Materials,Home & Garden > aluminium-windows,aluminium-windows,IN::Standard:0.00 INR,,aluminium-windows,luxury,package,standard-size-package,2026
georgian-bar-openable-3x6-std,Georgian Bar Openable Window 3×6 ft Half fixed + half top-hung · 6mm | Woodenmax,Half fixed lite + half top-hung / side swing · 6mm clear tuff. Live package rate from WoodenMax calculator. GST 18% extra. Hyderabad factory. India-wide supply. Configure custom sizes on product page.,https://woodenmax.in/products/aluminium-windows/georgian-grill-casement-door,https://woodenmax.in/images/products/Window%20Price%20Per%20Sqft/sliding-window-price-range-india-1200.webp,,in stock,21517.00 INR,,new,Woodenmax,,,no,Hardware > Building Materials,Home & Garden > aluminium-windows,aluminium-windows,IN::Standard:0.00 INR,,aluminium-windows,luxury,package,standard-size-package,2026
georgian-bar-openable-2x6-std,Georgian Bar Openable Window 2×6 ft Half fixed + half top-hung · 6mm | Woodenmax,Half fixed lite + half top-hung / side swing · 6mm clear tuff. Live package rate from WoodenMax calculator. GST 18% extra. Hyderabad factory. India-wide supply. Configure custom sizes on product page.,https://woodenmax.in/products/aluminium-windows/georgian-grill-casement-door,https://woodenmax.in/images/products/Window%20Price%20Per%20Sqft/sliding-window-price-range-india-1200.webp,,in stock,14620.00 INR,,new,Woodenmax,,,no,Hardware > Building Materials,Home & Garden > aluminium-windows,aluminium-windows,IN::Standard:0.00 INR,,aluminium-windows,luxury,package,standard-size-package,2026
georgian-bar-openable-3x8-std,Georgian Bar Openable Window 3×8 ft Half fixed + half top-hung · 6mm | Woodenmax,Half fixed lite + half top-hung / side swing · 6mm clear tuff. Live package rate from WoodenMax calculator. GST 18% extra. Hyderabad factory. India-wide supply. Configure custom sizes on product page.,https://woodenmax.in/products/aluminium-windows/georgian-grill-casement-door,https://woodenmax.in/images/products/Window%20Price%20Per%20Sqft/sliding-window-price-range-india-1200.webp,,in stock,28414.00 INR,,new,Woodenmax,,,no,Hardware > Building Materials,Home & Garden > aluminium-windows,aluminium-windows,IN::Standard:0.00 INR,,aluminium-windows,luxury,package,standard-size-package,2026
french-georgian-bar-2-5x6-5-std,French Aluminium Door with Georgian Bar Single swing 2.5 ft × 6.5 ft · Standard friction stay | Woodenmax,Swing door (not sliding) · 6mm clear tuff · Standard friction stay. Live package rate from WoodenMax calculator. GST 18% extra. Hyderabad factory. India-wide supply. Configure custom sizes on product page.,https://woodenmax.in/products/aluminium-windows/french-door-georgian-bar,https://woodenmax.in/images/products/Window%20Price%20Per%20Sqft/sliding-window-price-range-india-1200.webp,,in stock,21949.00 INR,,new,Woodenmax,,,no,Hardware > Building Materials,Home & Garden > aluminium-windows,aluminium-windows,IN::Standard:0.00 INR,,aluminium-windows,luxury,package,standard-size-package,2026
french-georgian-bar-3x6-5-std,French Aluminium Door with Georgian Bar Single swing 3 ft × 6.5 ft · Standard friction stay | Woodenmax,Swing door (not sliding) · 6mm clear tuff · Standard friction stay. Live package rate from WoodenMax calculator. GST 18% extra. Hyderabad factory. India-wide supply. Configure custom sizes on product page.,https://woodenmax.in/products/aluminium-windows/french-door-georgian-bar,https://woodenmax.in/images/products/Window%20Price%20Per%20Sqft/sliding-window-price-range-india-1200.webp,,in stock,25882.00 INR,,new,Woodenmax,,,no,Hardware > Building Materials,Home & Garden > aluminium-windows,aluminium-windows,IN::Standard:0.00 INR,,aluminium-windows,luxury,package,standard-size-package,2026
french-georgian-bar-4x6-5-std,French Aluminium Door with Georgian Bar Dual swing 4 ft × 6.5 ft · Standard friction stay | Woodenmax,Dual swing doors · 6mm clear tuff · Standard friction stay × 2 doors. Live package rate from WoodenMax calculator. GST 18% extra. Hyderabad factory. India-wide supply. Configure custom sizes on product page.,https://woodenmax.in/products/aluminium-windows/french-door-georgian-bar,https://woodenmax.in/images/products/Window%20Price%20Per%20Sqft/sliding-window-price-range-india-1200.webp,,in stock,36034.00 INR,,new,Woodenmax,,,no,Hardware > Building Materials,Home & Garden > aluminium-windows,aluminium-windows,IN::Standard:0.00 INR,,aluminium-windows,luxury,package,standard-size-package,2026
french-georgian-bar-5x6-5-std,French Aluminium Door with Georgian Bar Dual swing 5 ft × 6.5 ft · Standard friction stay | Woodenmax,Dual swing doors · 6mm clear tuff · Standard friction stay × 2 doors. Live package rate from WoodenMax calculator. GST 18% extra. Hyderabad factory. India-wide supply. Configure custom sizes on product page.,https://woodenmax.in/products/aluminium-windows/french-door-georgian-bar,https://woodenmax.in/images/products/Window%20Price%20Per%20Sqft/sliding-window-price-range-india-1200.webp,,in stock,43899.00 INR,,new,Woodenmax,,,no,Hardware > Building Materials,Home & Garden > aluminium-windows,aluminium-windows,IN::Standard:0.00 INR,,aluminium-windows,luxury,package,standard-size-package,2026
french-georgian-bar-6x6-5-std,French Aluminium Door with Georgian Bar Dual swing 6 ft × 6.5 ft · Standard friction stay | Woodenmax,Dual swing doors · 6mm clear tuff · Standard friction stay × 2 doors. Live package rate from WoodenMax calculator. GST 18% extra. Hyderabad factory. India-wide supply. Configure custom sizes on product page.,https://woodenmax.in/products/aluminium-windows/french-door-georgian-bar,https://woodenmax.in/images/products/Window%20Price%20Per%20Sqft/sliding-window-price-range-india-1200.webp,,in stock,51764.00 INR,,new,Woodenmax,,,no,Hardware > Building Materials,Home & Garden > aluminium-windows,aluminium-windows,IN::Standard:0.00 INR,,aluminium-windows,luxury,package,standard-size-package,2026
french-georgian-bar-2-5x7-std,French Aluminium Door with Georgian Bar Single swing 2.5 ft × 7 ft · Standard friction stay | Woodenmax,Swing door (not sliding) · 6mm clear tuff · Standard friction stay. Live package rate from WoodenMax calculator. GST 18% extra. Hyderabad factory. India-wide supply. Configure custom sizes on product page.,https://woodenmax.in/products/aluminium-windows/french-door-georgian-bar,https://woodenmax.in/images/products/Window%20Price%20Per%20Sqft/sliding-window-price-range-india-1200.webp,,in stock,23462.00 INR,,new,Woodenmax,,,no,Hardware > Building Materials,Home & Garden > aluminium-windows,aluminium-windows,IN::Standard:0.00 INR,,aluminium-windows,luxury,package,standard-size-package,2026
french-georgian-bar-3x7-std,French Aluminium Door with Georgian Bar Single swing 3 ft × 7 ft · Standard friction stay | Woodenmax,Swing door (not sliding) · 6mm clear tuff · Standard friction stay. Live package rate from WoodenMax calculator. GST 18% extra. Hyderabad factory. India-wide supply. Configure custom sizes on product page.,https://woodenmax.in/products/aluminium-windows/french-door-georgian-bar,https://woodenmax.in/images/products/Window%20Price%20Per%20Sqft/sliding-window-price-range-india-1200.webp,,in stock,27697.00 INR,,new,Woodenmax,,,no,Hardware > Building Materials,Home & Garden > aluminium-windows,aluminium-windows,IN::Standard:0.00 INR,,aluminium-windows,luxury,package,standard-size-package,2026
french-georgian-bar-4x7-std,French Aluminium Door with Georgian Bar Dual swing 4 ft × 7 ft · Standard friction stay | Woodenmax,Dual swing doors · 6mm clear tuff · Standard friction stay × 2 doors. Live package rate from WoodenMax calculator. GST 18% extra. Hyderabad factory. India-wide supply. Configure custom sizes on product page.,https://woodenmax.in/products/aluminium-windows/french-door-georgian-bar,https://woodenmax.in/images/products/Window%20Price%20Per%20Sqft/sliding-window-price-range-india-1200.webp,,in stock,38454.00 INR,,new,Woodenmax,,,no,Hardware > Building Materials,Home & Garden > aluminium-windows,aluminium-windows,IN::Standard:0.00 INR,,aluminium-windows,luxury,package,standard-size-package,2026
french-georgian-bar-5x7-std,French Aluminium Door with Georgian Bar Dual swing 5 ft × 7 ft · Standard friction stay | Woodenmax,Dual swing doors · 6mm clear tuff · Standard friction stay × 2 doors. Live package rate from WoodenMax calculator. GST 18% extra. Hyderabad factory. India-wide supply. Configure custom sizes on product page.,https://woodenmax.in/products/aluminium-windows/french-door-georgian-bar,https://woodenmax.in/images/products/Window%20Price%20Per%20Sqft/sliding-window-price-range-india-1200.webp,,in stock,46924.00 INR,,new,Woodenmax,,,no,Hardware > Building Materials,Home & Garden > aluminium-windows,aluminium-windows,IN::Standard:0.00 INR,,aluminium-windows,luxury,package,standard-size-package,2026
french-georgian-bar-6x7-std,French Aluminium Door with Georgian Bar Dual swing 6 ft × 7 ft · Standard friction stay | Woodenmax,Dual swing doors · 6mm clear tuff · Standard friction stay × 2 doors. Live package rate from WoodenMax calculator. GST 18% extra. Hyderabad factory. India-wide supply. Configure custom sizes on product page.,https://woodenmax.in/products/aluminium-windows/french-door-georgian-bar,https://woodenmax.in/images/products/Window%20Price%20Per%20Sqft/sliding-window-price-range-india-1200.webp,,in stock,55394.00 INR,,new,Woodenmax,,,no,Hardware > Building Materials,Home & Garden > aluminium-windows,aluminium-windows,IN::Standard:0.00 INR,,aluminium-windows,luxury,package,standard-size-package,2026
french-georgian-bar-2-5x8-std,French Aluminium Door with Georgian Bar Single swing 2.5 ft × 8 ft · Standard friction stay | Woodenmax,Swing door (not sliding) · 6mm clear tuff · Standard friction stay. Live package rate from WoodenMax calculator. GST 18% extra. Hyderabad factory. India-wide supply. Configure custom sizes on product page.,https://woodenmax.in/products/aluminium-windows/french-door-georgian-bar,https://woodenmax.in/images/products/Window%20Price%20Per%20Sqft/sliding-window-price-range-india-1200.webp,,in stock,26487.00 INR,,new,Woodenmax,,,no,Hardware > Building Materials,Home & Garden > aluminium-windows,aluminium-windows,IN::Standard:0.00 INR,,aluminium-windows,luxury,package,standard-size-package,2026
french-georgian-bar-3x8-std,French Aluminium Door with Georgian Bar Single swing 3 ft × 8 ft · Standard friction stay | Woodenmax,Swing door (not sliding) · 6mm clear tuff · Standard friction stay. Live package rate from WoodenMax calculator. GST 18% extra. Hyderabad factory. India-wide supply. Configure custom sizes on product page.,https://woodenmax.in/products/aluminium-windows/french-door-georgian-bar,https://woodenmax.in/images/products/Window%20Price%20Per%20Sqft/sliding-window-price-range-india-1200.webp,,in stock,31327.00 INR,,new,Woodenmax,,,no,Hardware > Building Materials,Home & Garden > aluminium-windows,aluminium-windows,IN::Standard:0.00 INR,,aluminium-windows,luxury,package,standard-size-package,2026
french-georgian-bar-4x8-std,French Aluminium Door with Georgian Bar Dual swing 4 ft × 8 ft · Standard friction stay | Woodenmax,Dual swing doors · 6mm clear tuff · Standard friction stay × 2 doors. Live package rate from WoodenMax calculator. GST 18% extra. Hyderabad factory. India-wide supply. Configure custom sizes on product page.,https://woodenmax.in/products/aluminium-windows/french-door-georgian-bar,https://woodenmax.in/images/products/Window%20Price%20Per%20Sqft/sliding-window-price-range-india-1200.webp,,in stock,43294.00 INR,,new,Woodenmax,,,no,Hardware > Building Materials,Home & Garden > aluminium-windows,aluminium-windows,IN::Standard:0.00 INR,,aluminium-windows,luxury,package,standard-size-package,2026
french-georgian-bar-5x8-std,French Aluminium Door with Georgian Bar Dual swing 5 ft × 8 ft · Standard friction stay | Woodenmax,Dual swing doors · 6mm clear tuff · Standard friction stay × 2 doors. Live package rate from WoodenMax calculator. GST 18% extra. Hyderabad factory. India-wide supply. Configure custom sizes on product page.,https://woodenmax.in/products/aluminium-windows/french-door-georgian-bar,https://woodenmax.in/images/products/Window%20Price%20Per%20Sqft/sliding-window-price-range-india-1200.webp,,in stock,52974.00 INR,,new,Woodenmax,,,no,Hardware > Building Materials,Home & Garden > aluminium-windows,aluminium-windows,IN::Standard:0.00 INR,,aluminium-windows,luxury,package,standard-size-package,2026
french-georgian-bar-6x8-std,French Aluminium Door with Georgian Bar Dual swing 6 ft × 8 ft · Standard friction stay | Woodenmax,Dual swing doors · 6mm clear tuff · Standard friction stay × 2 doors. Live package rate from WoodenMax calculator. GST 18% extra. Hyderabad factory. India-wide supply. Configure custom sizes on product page.,https://woodenmax.in/products/aluminium-windows/french-door-georgian-bar,https://woodenmax.in/images/products/Window%20Price%20Per%20Sqft/sliding-window-price-range-india-1200.webp,,in stock,62654.00 INR,,new,Woodenmax,,,no,Hardware > Building Materials,Home & Garden > aluminium-windows,aluminium-windows,IN::Standard:0.00 INR,,aluminium-windows,luxury,package,standard-size-package,2026
french-georgian-bar-2-5x9-std,French Aluminium Door with Georgian Bar Single swing 2.5 ft × 9 ft · Standard friction stay | Woodenmax,Swing door (not sliding) · 6mm clear tuff · Standard friction stay. Live package rate from WoodenMax calculator. GST 18% extra. Hyderabad factory. India-wide supply. Configure custom sizes on product page.,https://woodenmax.in/products/aluminium-windows/french-door-georgian-bar,https://woodenmax.in/images/products/Window%20Price%20Per%20Sqft/sliding-window-price-range-india-1200.webp,,in stock,29512.00 INR,,new,Woodenmax,,,no,Hardware > Building Materials,Home & Garden > aluminium-windows,aluminium-windows,IN::Standard:0.00 INR,,aluminium-windows,luxury,package,standard-size-package,2026
french-georgian-bar-3x9-std,French Aluminium Door with Georgian Bar Single swing 3 ft × 9 ft · Standard friction stay | Woodenmax,Swing door (not sliding) · 6mm clear tuff · Standard friction stay. Live package rate from WoodenMax calculator. GST 18% extra. Hyderabad factory. India-wide supply. Configure custom sizes on product page.,https://woodenmax.in/products/aluminium-windows/french-door-georgian-bar,https://woodenmax.in/images/products/Window%20Price%20Per%20Sqft/sliding-window-price-range-india-1200.webp,,in stock,34957.00 INR,,new,Woodenmax,,,no,Hardware > Building Materials,Home & Garden > aluminium-windows,aluminium-windows,IN::Standard:0.00 INR,,aluminium-windows,luxury,package,standard-size-package,2026
french-georgian-bar-4x9-std,French Aluminium Door with Georgian Bar Dual swing 4 ft × 9 ft · Standard friction stay | Woodenmax,Dual swing doors · 6mm clear tuff · Standard friction stay × 2 doors. Live package rate from WoodenMax calculator. GST 18% extra. Hyderabad factory. India-wide supply. Configure custom sizes on product page.,https://woodenmax.in/products/aluminium-windows/french-door-georgian-bar,https://woodenmax.in/images/products/Window%20Price%20Per%20Sqft/sliding-window-price-range-india-1200.webp,,in stock,48134.00 INR,,new,Woodenmax,,,no,Hardware > Building Materials,Home & Garden > aluminium-windows,aluminium-windows,IN::Standard:0.00 INR,,aluminium-windows,luxury,package,standard-size-package,2026
french-georgian-bar-5x9-std,French Aluminium Door with Georgian Bar Dual swing 5 ft × 9 ft · Standard friction stay | Woodenmax,Dual swing doors · 6mm clear tuff · Standard friction stay × 2 doors. Live package rate from WoodenMax calculator. GST 18% extra. Hyderabad factory. India-wide supply. Configure custom sizes on product page.,https://woodenmax.in/products/aluminium-windows/french-door-georgian-bar,https://woodenmax.in/images/products/Window%20Price%20Per%20Sqft/sliding-window-price-range-india-1200.webp,,in stock,59024.00 INR,,new,Woodenmax,,,no,Hardware > Building Materials,Home & Garden > aluminium-windows,aluminium-windows,IN::Standard:0.00 INR,,aluminium-windows,luxury,package,standard-size-package,2026
french-georgian-bar-6x9-std,French Aluminium Door with Georgian Bar Dual swing 6 ft × 9 ft · Standard friction stay | Woodenmax,Dual swing doors · 6mm clear tuff · Standard friction stay × 2 doors. Live package rate from WoodenMax calculator. GST 18% extra. Hyderabad factory. India-wide supply. Configure custom sizes on product page.,https://woodenmax.in/products/aluminium-windows/french-door-georgian-bar,https://woodenmax.in/images/products/Window%20Price%20Per%20Sqft/sliding-window-price-range-india-1200.webp,,in stock,69914.00 INR,,new,Woodenmax,,,no,Hardware > Building Materials,Home & Garden > aluminium-windows,aluminium-windows,IN::Standard:0.00 INR,,aluminium-windows,luxury,package,standard-size-package,2026
slim-entrance-glass-door-2-5x6-5-std,Slim Entrance Door Single swing 2.5 ft × 6.5 ft · Standard friction stay | Woodenmax,Swing door (not sliding) · 6mm clear tuff · Standard friction stay. Live package rate from WoodenMax calculator. GST 18% extra. Hyderabad factory. India-wide supply. Configure custom sizes on product page.,https://woodenmax.in/products/aluminium-windows/slim-entrance-glass-door,https://woodenmax.in/images/products/Window%20Price%20Per%20Sqft/sliding-window-price-range-india-1200.webp,,in stock,28152.00 INR,,new,Woodenmax,,,no,Hardware > Building Materials,Home & Garden > aluminium-windows,aluminium-windows,IN::Standard:0.00 INR,,aluminium-windows,luxury,package,standard-size-package,2026
slim-entrance-glass-door-3x6-5-std,Slim Entrance Door Single swing 3 ft × 6.5 ft · Standard friction stay | Woodenmax,Swing door (not sliding) · 6mm clear tuff · Standard friction stay. Live package rate from WoodenMax calculator. GST 18% extra. Hyderabad factory. India-wide supply. Configure custom sizes on product page.,https://woodenmax.in/products/aluminium-windows/slim-entrance-glass-door,https://woodenmax.in/images/products/Window%20Price%20Per%20Sqft/sliding-window-price-range-india-1200.webp,,in stock,33325.00 INR,,new,Woodenmax,,,no,Hardware > Building Materials,Home & Garden > aluminium-windows,aluminium-windows,IN::Standard:0.00 INR,,aluminium-windows,luxury,package,standard-size-package,2026
slim-entrance-glass-door-4x6-5-std,Slim Entrance Door Dual swing 4 ft × 6.5 ft · Standard friction stay | Woodenmax,Dual swing doors · 6mm clear tuff · Standard friction stay × 2 doors. Live package rate from WoodenMax calculator. GST 18% extra. Hyderabad factory. India-wide supply. Configure custom sizes on product page.,https://woodenmax.in/products/aluminium-windows/slim-entrance-glass-door,https://woodenmax.in/images/products/Window%20Price%20Per%20Sqft/sliding-window-price-range-india-1200.webp,,in stock,45958.00 INR,,new,Woodenmax,,,no,Hardware > Building Materials,Home & Garden > aluminium-windows,aluminium-windows,IN::Standard:0.00 INR,,aluminium-windows,luxury,package,standard-size-package,2026
slim-entrance-glass-door-5x6-5-std,Slim Entrance Door Dual swing 5 ft × 6.5 ft · Standard friction stay | Woodenmax,Dual swing doors · 6mm clear tuff · Standard friction stay × 2 doors. Live package rate from WoodenMax calculator. GST 18% extra. Hyderabad factory. India-wide supply. Configure custom sizes on product page.,https://woodenmax.in/products/aluminium-windows/slim-entrance-glass-door,https://woodenmax.in/images/products/Window%20Price%20Per%20Sqft/sliding-window-price-range-india-1200.webp,,in stock,56304.00 INR,,new,Woodenmax,,,no,Hardware > Building Materials,Home & Garden > aluminium-windows,aluminium-windows,IN::Standard:0.00 INR,,aluminium-windows,luxury,package,standard-size-package,2026
slim-entrance-glass-door-6x6-5-std,Slim Entrance Door Dual swing 6 ft × 6.5 ft · Standard friction stay | Woodenmax,Dual swing doors · 6mm clear tuff · Standard friction stay × 2 doors. Live package rate from WoodenMax calculator. GST 18% extra. Hyderabad factory. India-wide supply. Configure custom sizes on product page.,https://woodenmax.in/products/aluminium-windows/slim-entrance-glass-door,https://woodenmax.in/images/products/Window%20Price%20Per%20Sqft/sliding-window-price-range-india-1200.webp,,in stock,66650.00 INR,,new,Woodenmax,,,no,Hardware > Building Materials,Home & Garden > aluminium-windows,aluminium-windows,IN::Standard:0.00 INR,,aluminium-windows,luxury,package,standard-size-package,2026
slim-entrance-glass-door-2-5x7-std,Slim Entrance Door Single swing 2.5 ft × 7 ft · Standard friction stay | Woodenmax,Swing door (not sliding) · 6mm clear tuff · Standard friction stay. Live package rate from WoodenMax calculator. GST 18% extra. Hyderabad factory. India-wide supply. Configure custom sizes on product page.,https://woodenmax.in/products/aluminium-windows/slim-entrance-glass-door,https://woodenmax.in/images/products/Window%20Price%20Per%20Sqft/sliding-window-price-range-india-1200.webp,,in stock,30142.00 INR,,new,Woodenmax,,,no,Hardware > Building Materials,Home & Garden > aluminium-windows,aluminium-windows,IN::Standard:0.00 INR,,aluminium-windows,luxury,package,standard-size-package,2026
slim-entrance-glass-door-3x7-std,Slim Entrance Door Single swing 3 ft × 7 ft · Standard friction stay | Woodenmax,Swing door (not sliding) · 6mm clear tuff · Standard friction stay. Live package rate from WoodenMax calculator. GST 18% extra. Hyderabad factory. India-wide supply. Configure custom sizes on product page.,https://woodenmax.in/products/aluminium-windows/slim-entrance-glass-door,https://woodenmax.in/images/products/Window%20Price%20Per%20Sqft/sliding-window-price-range-india-1200.webp,,in stock,35713.00 INR,,new,Woodenmax,,,no,Hardware > Building Materials,Home & Garden > aluminium-windows,aluminium-windows,IN::Standard:0.00 INR,,aluminium-windows,luxury,package,standard-size-package,2026
slim-entrance-glass-door-4x7-std,Slim Entrance Door Dual swing 4 ft × 7 ft · Standard friction stay | Woodenmax,Dual swing doors · 6mm clear tuff · Standard friction stay × 2 doors. Live package rate from WoodenMax calculator. GST 18% extra. Hyderabad factory. India-wide supply. Configure custom sizes on product page.,https://woodenmax.in/products/aluminium-windows/slim-entrance-glass-door,https://woodenmax.in/images/products/Window%20Price%20Per%20Sqft/sliding-window-price-range-india-1200.webp,,in stock,49141.00 INR,,new,Woodenmax,,,no,Hardware > Building Materials,Home & Garden > aluminium-windows,aluminium-windows,IN::Standard:0.00 INR,,aluminium-windows,luxury,package,standard-size-package,2026
slim-entrance-glass-door-5x7-std,Slim Entrance Door Dual swing 5 ft × 7 ft · Standard friction stay | Woodenmax,Dual swing doors · 6mm clear tuff · Standard friction stay × 2 doors. Live package rate from WoodenMax calculator. GST 18% extra. Hyderabad factory. India-wide supply. Configure custom sizes on product page.,https://woodenmax.in/products/aluminium-windows/slim-entrance-glass-door,https://woodenmax.in/images/products/Window%20Price%20Per%20Sqft/sliding-window-price-range-india-1200.webp,,in stock,60283.00 INR,,new,Woodenmax,,,no,Hardware > Building Materials,Home & Garden > aluminium-windows,aluminium-windows,IN::Standard:0.00 INR,,aluminium-windows,luxury,package,standard-size-package,2026
slim-entrance-glass-door-6x7-std,Slim Entrance Door Dual swing 6 ft × 7 ft · Standard friction stay | Woodenmax,Dual swing doors · 6mm clear tuff · Standard friction stay × 2 doors. Live package rate from WoodenMax calculator. GST 18% extra. Hyderabad factory. India-wide supply. Configure custom sizes on product page.,https://woodenmax.in/products/aluminium-windows/slim-entrance-glass-door,https://woodenmax.in/images/products/Window%20Price%20Per%20Sqft/sliding-window-price-range-india-1200.webp,,in stock,71425.00 INR,,new,Woodenmax,,,no,Hardware > Building Materials,Home & Garden > aluminium-windows,aluminium-windows,IN::Standard:0.00 INR,,aluminium-windows,luxury,package,standard-size-package,2026
slim-entrance-glass-door-2-5x8-std,Slim Entrance Door Single swing 2.5 ft × 8 ft · Standard friction stay | Woodenmax,Swing door (not sliding) · 6mm clear tuff · Standard friction stay. Live package rate from WoodenMax calculator. GST 18% extra. Hyderabad factory. India-wide supply. Configure custom sizes on product page.,https://woodenmax.in/products/aluminium-windows/slim-entrance-glass-door,https://woodenmax.in/images/products/Window%20Price%20Per%20Sqft/sliding-window-price-range-india-1200.webp,,in stock,34121.00 INR,,new,Woodenmax,,,no,Hardware > Building Materials,Home & Garden > aluminium-windows,aluminium-windows,IN::Standard:0.00 INR,,aluminium-windows,luxury,package,standard-size-package,2026
slim-entrance-glass-door-3x8-std,Slim Entrance Door Single swing 3 ft × 8 ft · Standard friction stay | Woodenmax,Swing door (not sliding) · 6mm clear tuff · Standard friction stay. Live package rate from WoodenMax calculator. GST 18% extra. Hyderabad factory. India-wide supply. Configure custom sizes on product page.,https://woodenmax.in/products/aluminium-windows/slim-entrance-glass-door,https://woodenmax.in/images/products/Window%20Price%20Per%20Sqft/sliding-window-price-range-india-1200.webp,,in stock,40488.00 INR,,new,Woodenmax,,,no,Hardware > Building Materials,Home & Garden > aluminium-windows,aluminium-windows,IN::Standard:0.00 INR,,aluminium-windows,luxury,package,standard-size-package,2026
slim-entrance-glass-door-4x8-std,Slim Entrance Door Dual swing 4 ft × 8 ft · Standard friction stay | Woodenmax,Dual swing doors · 6mm clear tuff · Standard friction stay × 2 doors. Live package rate from WoodenMax calculator. GST 18% extra. Hyderabad factory. India-wide supply. Configure custom sizes on product page.,https://woodenmax.in/products/aluminium-windows/slim-entrance-glass-door,https://woodenmax.in/images/products/Window%20Price%20Per%20Sqft/sliding-window-price-range-india-1200.webp,,in stock,55508.00 INR,,new,Woodenmax,,,no,Hardware > Building Materials,Home & Garden > aluminium-windows,aluminium-windows,IN::Standard:0.00 INR,,aluminium-windows,luxury,package,standard-size-package,2026
slim-entrance-glass-door-5x8-std,Slim Entrance Door Dual swing 5 ft × 8 ft · Standard friction stay | Woodenmax,Dual swing doors · 6mm clear tuff · Standard friction stay × 2 doors. Live package rate from WoodenMax calculator. GST 18% extra. Hyderabad factory. India-wide supply. Configure custom sizes on product page.,https://woodenmax.in/products/aluminium-windows/slim-entrance-glass-door,https://woodenmax.in/images/products/Window%20Price%20Per%20Sqft/sliding-window-price-range-india-1200.webp,,in stock,68242.00 INR,,new,Woodenmax,,,no,Hardware > Building Materials,Home & Garden > aluminium-windows,aluminium-windows,IN::Standard:0.00 INR,,aluminium-windows,luxury,package,standard-size-package,2026
slim-entrance-glass-door-6x8-std,Slim Entrance Door Dual swing 6 ft × 8 ft · Standard friction stay | Woodenmax,Dual swing doors · 6mm clear tuff · Standard friction stay × 2 doors. Live package rate from WoodenMax calculator. GST 18% extra. Hyderabad factory. India-wide supply. Configure custom sizes on product page.,https://woodenmax.in/products/aluminium-windows/slim-entrance-glass-door,https://woodenmax.in/images/products/Window%20Price%20Per%20Sqft/sliding-window-price-range-india-1200.webp,,in stock,80975.00 INR,,new,Woodenmax,,,no,Hardware > Building Materials,Home & Garden > aluminium-windows,aluminium-windows,IN::Standard:0.00 INR,,aluminium-windows,luxury,package,standard-size-package,2026
slim-entrance-glass-door-2-5x9-std,Slim Entrance Door Single swing 2.5 ft × 9 ft · Standard friction stay | Woodenmax,Swing door (not sliding) · 6mm clear tuff · Standard friction stay. Live package rate from WoodenMax calculator. GST 18% extra. Hyderabad factory. India-wide supply. Configure custom sizes on product page.,https://woodenmax.in/products/aluminium-windows/slim-entrance-glass-door,https://woodenmax.in/images/products/Window%20Price%20Per%20Sqft/sliding-window-price-range-india-1200.webp,,in stock,38100.00 INR,,new,Woodenmax,,,no,Hardware > Building Materials,Home & Garden > aluminium-windows,aluminium-windows,IN::Standard:0.00 INR,,aluminium-windows,luxury,package,standard-size-package,2026
slim-entrance-glass-door-3x9-std,Slim Entrance Door Single swing 3 ft × 9 ft · Standard friction stay | Woodenmax,Swing door (not sliding) · 6mm clear tuff · Standard friction stay. Live package rate from WoodenMax calculator. GST 18% extra. Hyderabad factory. India-wide supply. Configure custom sizes on product page.,https://woodenmax.in/products/aluminium-windows/slim-entrance-glass-door,https://woodenmax.in/images/products/Window%20Price%20Per%20Sqft/sliding-window-price-range-india-1200.webp,,in stock,45263.00 INR,,new,Woodenmax,,,no,Hardware > Building Materials,Home & Garden > aluminium-windows,aluminium-windows,IN::Standard:0.00 INR,,aluminium-windows,luxury,package,standard-size-package,2026
slim-entrance-glass-door-4x9-std,Slim Entrance Door Dual swing 4 ft × 9 ft · Standard friction stay | Woodenmax,Dual swing doors · 6mm clear tuff · Standard friction stay × 2 doors. Live package rate from WoodenMax calculator. GST 18% extra. Hyderabad factory. India-wide supply. Configure custom sizes on product page.,https://woodenmax.in/products/aluminium-windows/slim-entrance-glass-door,https://woodenmax.in/images/products/Window%20Price%20Per%20Sqft/sliding-window-price-range-india-1200.webp,,in stock,61875.00 INR,,new,Woodenmax,,,no,Hardware > Building Materials,Home & Garden > aluminium-windows,aluminium-windows,IN::Standard:0.00 INR,,aluminium-windows,luxury,package,standard-size-package,2026
slim-entrance-glass-door-5x9-std,Slim Entrance Door Dual swing 5 ft × 9 ft · Standard friction stay | Woodenmax,Dual swing doors · 6mm clear tuff · Standard friction stay × 2 doors. Live package rate from WoodenMax calculator. GST 18% extra. Hyderabad factory. India-wide supply. Configure custom sizes on product page.,https://woodenmax.in/products/aluminium-windows/slim-entrance-glass-door,https://woodenmax.in/images/products/Window%20Price%20Per%20Sqft/sliding-window-price-range-india-1200.webp,,in stock,76200.00 INR,,new,Woodenmax,,,no,Hardware > Building Materials,Home & Garden > aluminium-windows,aluminium-windows,IN::Standard:0.00 INR,,aluminium-windows,luxury,package,standard-size-package,2026
slim-entrance-glass-door-6x9-std,Slim Entrance Door Dual swing 6 ft × 9 ft · Standard friction stay | Woodenmax,Dual swing doors · 6mm clear tuff · Standard friction stay × 2 doors. Live package rate from WoodenMax calculator. GST 18% extra. Hyderabad factory. India-wide supply. Configure custom sizes on product page.,https://woodenmax.in/products/aluminium-windows/slim-entrance-glass-door,https://woodenmax.in/images/products/Window%20Price%20Per%20Sqft/sliding-window-price-range-india-1200.webp,,in stock,90526.00 INR,,new,Woodenmax,,,no,Hardware > Building Materials,Home & Garden > aluminium-windows,aluminium-windows,IN::Standard:0.00 INR,,aluminium-windows,luxury,package,standard-size-package,2026
full-elevation-villa-facade-5x4-nomesh,Full Elevation 5×4 ft Without Mesh · 6mm Clear Tuff | Woodenmax,Economy Domal · Without mesh · 6mm clear tuff · Standard powder coat. Live package rate from WoodenMax calculator. GST 18% extra. Hyderabad factory. India-wide supply. Configure custom sizes on product page.,https://woodenmax.in/products/aluminium-windows/full-elevation-villa-facade,https://woodenmax.in/images/products/Window%20Price%20Per%20Sqft/sliding-window-price-range-india-1200.webp,,in stock,12716.00 INR,,new,Woodenmax,,,no,Hardware > Building Materials,Home & Garden > aluminium-windows,aluminium-windows,IN::Standard:0.00 INR,,aluminium-windows,luxury,package,standard-size-package,2026
full-elevation-villa-facade-5x4-mesh,Full Elevation 5×4 ft With Mesh · 6mm Clear Tuff | Woodenmax,Economy Domal · With mesh · 6mm clear tuff · Standard powder coat. Live package rate from WoodenMax calculator. GST 18% extra. Hyderabad factory. India-wide supply. Configure custom sizes on product page.,https://woodenmax.in/products/aluminium-windows/full-elevation-villa-facade,https://woodenmax.in/images/products/Window%20Price%20Per%20Sqft/sliding-window-price-range-india-1200.webp,,in stock,15510.00 INR,,new,Woodenmax,,,no,Hardware > Building Materials,Home & Garden > aluminium-windows,aluminium-windows,IN::Standard:0.00 INR,,aluminium-windows,luxury,package,standard-size-package,2026
full-elevation-villa-facade-4x4-nomesh,Full Elevation 4×4 ft Without Mesh · 6mm Clear Tuff | Woodenmax,Economy Domal · Without mesh · 6mm clear tuff · Standard powder coat. Live package rate from WoodenMax calculator. GST 18% extra. Hyderabad factory. India-wide supply. Configure custom sizes on product page.,https://woodenmax.in/products/aluminium-windows/full-elevation-villa-facade,https://woodenmax.in/images/products/Window%20Price%20Per%20Sqft/sliding-window-price-range-india-1200.webp,,in stock,10173.00 INR,,new,Woodenmax,,,no,Hardware > Building Materials,Home & Garden > aluminium-windows,aluminium-windows,IN::Standard:0.00 INR,,aluminium-windows,luxury,package,standard-size-package,2026
full-elevation-villa-facade-4x4-mesh,Full Elevation 4×4 ft With Mesh · 6mm Clear Tuff | Woodenmax,Economy Domal · With mesh · 6mm clear tuff · Standard powder coat. Live package rate from WoodenMax calculator. GST 18% extra. Hyderabad factory. India-wide supply. Configure custom sizes on product page.,https://woodenmax.in/products/aluminium-windows/full-elevation-villa-facade,https://woodenmax.in/images/products/Window%20Price%20Per%20Sqft/sliding-window-price-range-india-1200.webp,,in stock,12408.00 INR,,new,Woodenmax,,,no,Hardware > Building Materials,Home & Garden > aluminium-windows,aluminium-windows,IN::Standard:0.00 INR,,aluminium-windows,luxury,package,standard-size-package,2026
full-elevation-villa-facade-6x6-nomesh,Full Elevation 6×6 ft Without Mesh · 6mm Clear Tuff | Woodenmax,Economy Domal · Without mesh · 6mm clear tuff · Standard powder coat. Live package rate from WoodenMax calculator. GST 18% extra. Hyderabad factory. India-wide supply. Configure custom sizes on product page.,https://woodenmax.in/products/aluminium-windows/full-elevation-villa-facade,https://woodenmax.in/images/products/Window%20Price%20Per%20Sqft/sliding-window-price-range-india-1200.webp,,in stock,22889.00 INR,,new,Woodenmax,,,no,Hardware > Building Materials,Home & Garden > aluminium-windows,aluminium-windows,IN::Standard:0.00 INR,,aluminium-windows,luxury,package,standard-size-package,2026
full-elevation-villa-facade-6x6-mesh,Full Elevation 6×6 ft With Mesh · 6mm Clear Tuff | Woodenmax,Economy Domal · With mesh · 6mm clear tuff · Standard powder coat. Live package rate from WoodenMax calculator. GST 18% extra. Hyderabad factory. India-wide supply. Configure custom sizes on product page.,https://woodenmax.in/products/aluminium-windows/full-elevation-villa-facade,https://woodenmax.in/images/products/Window%20Price%20Per%20Sqft/sliding-window-price-range-india-1200.webp,,in stock,27918.00 INR,,new,Woodenmax,,,no,Hardware > Building Materials,Home & Garden > aluminium-windows,aluminium-windows,IN::Standard:0.00 INR,,aluminium-windows,luxury,package,standard-size-package,2026
full-elevation-villa-facade-6x5-nomesh,Full Elevation 6×5 ft Without Mesh · 6mm Clear Tuff | Woodenmax,Economy Domal · Without mesh · 6mm clear tuff · Standard powder coat. Live package rate from WoodenMax calculator. GST 18% extra. Hyderabad factory. India-wide supply. Configure custom sizes on product page.,https://woodenmax.in/products/aluminium-windows/full-elevation-villa-facade,https://woodenmax.in/images/products/Window%20Price%20Per%20Sqft/sliding-window-price-range-india-1200.webp,,in stock,19074.00 INR,,new,Woodenmax,,,no,Hardware > Building Materials,Home & Garden > aluminium-windows,aluminium-windows,IN::Standard:0.00 INR,,aluminium-windows,luxury,package,standard-size-package,2026
full-elevation-villa-facade-6x5-mesh,Full Elevation 6×5 ft With Mesh · 6mm Clear Tuff | Woodenmax,Economy Domal · With mesh · 6mm clear tuff · Standard powder coat. Live package rate from WoodenMax calculator. GST 18% extra. Hyderabad factory. India-wide supply. Configure custom sizes on product page.,https://woodenmax.in/products/aluminium-windows/full-elevation-villa-facade,https://woodenmax.in/images/products/Window%20Price%20Per%20Sqft/sliding-window-price-range-india-1200.webp,,in stock,23265.00 INR,,new,Woodenmax,,,no,Hardware > Building Materials,Home & Garden > aluminium-windows,aluminium-windows,IN::Standard:0.00 INR,,aluminium-windows,luxury,package,standard-size-package,2026
telescopic-slim-sliding-door-6x7-std,Telescopic Slim Profile Sliding Door 6×7 ft · 2+1 telescopic | Woodenmax,2+1 soft-close stack · 8mm clear tuff in base · Imported slim profile. Live package rate from WoodenMax calculator. GST 18% extra. Hyderabad factory. India-wide supply. Configure custom sizes on product page.,https://woodenmax.in/products/telescope-windows/telescopic-slim-sliding-door,https://woodenmax.in/images/products/Window%20Price%20Per%20Sqft/sliding-window-price-range-india-1200.webp,,in stock,75116.00 INR,,new,Woodenmax,,,no,Hardware > Building Materials,Home & Garden > telescope-windows,telescope-windows,IN::Standard:0.00 INR,,telescope-windows,luxury,package,standard-size-package,2026
telescopic-slim-sliding-door-7x7-std,Telescopic Slim Profile Sliding Door 7×7 ft · 3+1 telescopic | Woodenmax,3+1 soft-close stack · 8mm clear tuff in base · Imported slim profile. Live package rate from WoodenMax calculator. GST 18% extra. Hyderabad factory. India-wide supply. Configure custom sizes on product page.,https://woodenmax.in/products/telescope-windows/telescopic-slim-sliding-door,https://woodenmax.in/images/products/Window%20Price%20Per%20Sqft/sliding-window-price-range-india-1200.webp,,in stock,90069.00 INR,,new,Woodenmax,,,no,Hardware > Building Materials,Home & Garden > telescope-windows,telescope-windows,IN::Standard:0.00 INR,,telescope-windows,luxury,package,standard-size-package,2026
telescopic-slim-sliding-door-8x7-std,Telescopic Slim Profile Sliding Door 8×7 ft · 3+1 telescopic | Woodenmax,3+1 soft-close stack · 8mm clear tuff in base · Imported slim profile. Live package rate from WoodenMax calculator. GST 18% extra. Hyderabad factory. India-wide supply. Configure custom sizes on product page.,https://woodenmax.in/products/telescope-windows/telescopic-slim-sliding-door,https://woodenmax.in/images/products/Window%20Price%20Per%20Sqft/sliding-window-price-range-india-1200.webp,,in stock,101211.00 INR,,new,Woodenmax,,,no,Hardware > Building Materials,Home & Garden > telescope-windows,telescope-windows,IN::Standard:0.00 INR,,telescope-windows,luxury,package,standard-size-package,2026
telescopic-slim-sliding-door-9x7-std,Telescopic Slim Profile Sliding Door 9×7 ft · 2+2 telescopic | Woodenmax,2+2 soft-close stack · 8mm clear tuff in base · Imported slim profile. Live package rate from WoodenMax calculator. GST 18% extra. Hyderabad factory. India-wide supply. Configure custom sizes on product page.,https://woodenmax.in/products/telescope-windows/telescopic-slim-sliding-door,https://woodenmax.in/images/products/Window%20Price%20Per%20Sqft/sliding-window-price-range-india-1200.webp,,in stock,108541.00 INR,,new,Woodenmax,,,no,Hardware > Building Materials,Home & Garden > telescope-windows,telescope-windows,IN::Standard:0.00 INR,,telescope-windows,luxury,package,standard-size-package,2026
telescopic-slim-sliding-door-10x7-std,Telescopic Slim Profile Sliding Door 10×7 ft · 2+2 telescopic | Woodenmax,2+2 soft-close stack · 8mm clear tuff in base · Imported slim profile. Live package rate from WoodenMax calculator. GST 18% extra. Hyderabad factory. India-wide supply. Configure custom sizes on product page.,https://woodenmax.in/products/telescope-windows/telescopic-slim-sliding-door,https://woodenmax.in/images/products/Window%20Price%20Per%20Sqft/sliding-window-price-range-india-1200.webp,,in stock,119683.00 INR,,new,Woodenmax,,,no,Hardware > Building Materials,Home & Garden > telescope-windows,telescope-windows,IN::Standard:0.00 INR,,telescope-windows,luxury,package,standard-size-package,2026
telescopic-slim-sliding-door-12x7-std,Telescopic Slim Profile Sliding Door 12×7 ft · 3+1 telescopic | Woodenmax,3+1 soft-close stack · 8mm clear tuff in base · Imported slim profile. Live package rate from WoodenMax calculator. GST 18% extra. Hyderabad factory. India-wide supply. Configure custom sizes on product page.,https://woodenmax.in/products/telescope-windows/telescopic-slim-sliding-door,https://woodenmax.in/images/products/Window%20Price%20Per%20Sqft/sliding-window-price-range-india-1200.webp,,in stock,145779.00 INR,,new,Woodenmax,,,no,Hardware > Building Materials,Home & Garden > telescope-windows,telescope-windows,IN::Standard:0.00 INR,,telescope-windows,luxury,package,standard-size-package,2026
telescopic-slim-sliding-door-14x7-std,Telescopic Slim Profile Sliding Door 14×7 ft · 3+1 telescopic | Woodenmax,3+1 soft-close stack · 8mm clear tuff in base · Imported slim profile. Live package rate from WoodenMax calculator. GST 18% extra. Hyderabad factory. India-wide supply. Configure custom sizes on product page.,https://woodenmax.in/products/telescope-windows/telescopic-slim-sliding-door,https://woodenmax.in/images/products/Window%20Price%20Per%20Sqft/sliding-window-price-range-india-1200.webp,,in stock,168062.00 INR,,new,Woodenmax,,,no,Hardware > Building Materials,Home & Garden > telescope-windows,telescope-windows,IN::Standard:0.00 INR,,telescope-windows,luxury,package,standard-size-package,2026
telescopic-slim-sliding-door-15x7-std,Telescopic Slim Profile Sliding Door 15×7 ft · 3+1 telescopic | Woodenmax,3+1 soft-close stack · 8mm clear tuff in base · Imported slim profile. Live package rate from WoodenMax calculator. GST 18% extra. Hyderabad factory. India-wide supply. Configure custom sizes on product page.,https://woodenmax.in/products/telescope-windows/telescopic-slim-sliding-door,https://woodenmax.in/images/products/Window%20Price%20Per%20Sqft/sliding-window-price-range-india-1200.webp,,in stock,179204.00 INR,,new,Woodenmax,,,no,Hardware > Building Materials,Home & Garden > telescope-windows,telescope-windows,IN::Standard:0.00 INR,,telescope-windows,luxury,package,standard-size-package,2026
telescopic-slim-sliding-door-18x7-std,Telescopic Slim Profile Sliding Door 18×7 ft · 5+1 telescopic | Woodenmax,5+1 soft-close stack · 8mm clear tuff in base · Imported slim profile. Live package rate from WoodenMax calculator. GST 18% extra. Hyderabad factory. India-wide supply. Configure custom sizes on product page.,https://woodenmax.in/products/telescope-windows/telescopic-slim-sliding-door,https://woodenmax.in/images/products/Window%20Price%20Per%20Sqft/sliding-window-price-range-india-1200.webp,,in stock,208819.00 INR,,new,Woodenmax,,,no,Hardware > Building Materials,Home & Garden > telescope-windows,telescope-windows,IN::Standard:0.00 INR,,telescope-windows,luxury,package,standard-size-package,2026
telescopic-slim-sliding-door-20x7-std,Telescopic Slim Profile Sliding Door 20×7 ft · 5+1 telescopic | Woodenmax,5+1 soft-close stack · 8mm clear tuff in base · Imported slim profile. Live package rate from WoodenMax calculator. GST 18% extra. Hyderabad factory. India-wide supply. Configure custom sizes on product page.,https://woodenmax.in/products/telescope-windows/telescopic-slim-sliding-door,https://woodenmax.in/images/products/Window%20Price%20Per%20Sqft/sliding-window-price-range-india-1200.webp,,in stock,231102.00 INR,,new,Woodenmax,,,no,Hardware > Building Materials,Home & Garden > telescope-windows,telescope-windows,IN::Standard:0.00 INR,,telescope-windows,luxury,package,standard-size-package,2026
telescopic-slim-sliding-door-6x8-std,Telescopic Slim Profile Sliding Door 6×8 ft · 2+1 telescopic | Woodenmax,2+1 soft-close stack · 8mm clear tuff in base · Imported slim profile. Live package rate from WoodenMax calculator. GST 18% extra. Hyderabad factory. India-wide supply. Configure custom sizes on product page.,https://woodenmax.in/products/telescope-windows/telescopic-slim-sliding-door,https://woodenmax.in/images/products/Window%20Price%20Per%20Sqft/sliding-window-price-range-india-1200.webp,,in stock,84666.00 INR,,new,Woodenmax,,,no,Hardware > Building Materials,Home & Garden > telescope-windows,telescope-windows,IN::Standard:0.00 INR,,telescope-windows,luxury,package,standard-size-package,2026
telescopic-slim-sliding-door-7x8-std,Telescopic Slim Profile Sliding Door 7×8 ft · 3+1 telescopic | Woodenmax,3+1 soft-close stack · 8mm clear tuff in base · Imported slim profile. Live package rate from WoodenMax calculator. GST 18% extra. Hyderabad factory. India-wide supply. Configure custom sizes on product page.,https://woodenmax.in/products/telescope-windows/telescopic-slim-sliding-door,https://woodenmax.in/images/products/Window%20Price%20Per%20Sqft/sliding-window-price-range-india-1200.webp,,in stock,101211.00 INR,,new,Woodenmax,,,no,Hardware > Building Materials,Home & Garden > telescope-windows,telescope-windows,IN::Standard:0.00 INR,,telescope-windows,luxury,package,standard-size-package,2026
telescopic-slim-sliding-door-8x8-std,Telescopic Slim Profile Sliding Door 8×8 ft · 3+1 telescopic | Woodenmax,3+1 soft-close stack · 8mm clear tuff in base · Imported slim profile. Live package rate from WoodenMax calculator. GST 18% extra. Hyderabad factory. India-wide supply. Configure custom sizes on product page.,https://woodenmax.in/products/telescope-windows/telescopic-slim-sliding-door,https://woodenmax.in/images/products/Window%20Price%20Per%20Sqft/sliding-window-price-range-india-1200.webp,,in stock,113945.00 INR,,new,Woodenmax,,,no,Hardware > Building Materials,Home & Garden > telescope-windows,telescope-windows,IN::Standard:0.00 INR,,telescope-windows,luxury,package,standard-size-package,2026
telescopic-slim-sliding-door-9x8-std,Telescopic Slim Profile Sliding Door 9×8 ft · 2+2 telescopic | Woodenmax,2+2 soft-close stack · 8mm clear tuff in base · Imported slim profile. Live package rate from WoodenMax calculator. GST 18% extra. Hyderabad factory. India-wide supply. Configure custom sizes on product page.,https://woodenmax.in/products/telescope-windows/telescopic-slim-sliding-door,https://woodenmax.in/images/products/Window%20Price%20Per%20Sqft/sliding-window-price-range-india-1200.webp,,in stock,122867.00 INR,,new,Woodenmax,,,no,Hardware > Building Materials,Home & Garden > telescope-windows,telescope-windows,IN::Standard:0.00 INR,,telescope-windows,luxury,package,standard-size-package,2026
telescopic-slim-sliding-door-10x8-std,Telescopic Slim Profile Sliding Door 10×8 ft · 2+2 telescopic | Woodenmax,2+2 soft-close stack · 8mm clear tuff in base · Imported slim profile. Live package rate from WoodenMax calculator. GST 18% extra. Hyderabad factory. India-wide supply. Configure custom sizes on product page.,https://woodenmax.in/products/telescope-windows/telescopic-slim-sliding-door,https://woodenmax.in/images/products/Window%20Price%20Per%20Sqft/sliding-window-price-range-india-1200.webp,,in stock,135600.00 INR,,new,Woodenmax,,,no,Hardware > Building Materials,Home & Garden > telescope-windows,telescope-windows,IN::Standard:0.00 INR,,telescope-windows,luxury,package,standard-size-package,2026
telescopic-slim-sliding-door-12x8-std,Telescopic Slim Profile Sliding Door 12×8 ft · 3+1 telescopic | Woodenmax,3+1 soft-close stack · 8mm clear tuff in base · Imported slim profile. Live package rate from WoodenMax calculator. GST 18% extra. Hyderabad factory. India-wide supply. Configure custom sizes on product page.,https://woodenmax.in/products/telescope-windows/telescopic-slim-sliding-door,https://woodenmax.in/images/products/Window%20Price%20Per%20Sqft/sliding-window-price-range-india-1200.webp,,in stock,164879.00 INR,,new,Woodenmax,,,no,Hardware > Building Materials,Home & Garden > telescope-windows,telescope-windows,IN::Standard:0.00 INR,,telescope-windows,luxury,package,standard-size-package,2026
telescopic-slim-sliding-door-14x8-std,Telescopic Slim Profile Sliding Door 14×8 ft · 3+1 telescopic | Woodenmax,3+1 soft-close stack · 8mm clear tuff in base · Imported slim profile. Live package rate from WoodenMax calculator. GST 18% extra. Hyderabad factory. India-wide supply. Configure custom sizes on product page.,https://woodenmax.in/products/telescope-windows/telescopic-slim-sliding-door,https://woodenmax.in/images/products/Window%20Price%20Per%20Sqft/sliding-window-price-range-india-1200.webp,,in stock,190346.00 INR,,new,Woodenmax,,,no,Hardware > Building Materials,Home & Garden > telescope-windows,telescope-windows,IN::Standard:0.00 INR,,telescope-windows,luxury,package,standard-size-package,2026
telescopic-slim-sliding-door-15x8-std,Telescopic Slim Profile Sliding Door 15×8 ft · 3+1 telescopic | Woodenmax,3+1 soft-close stack · 8mm clear tuff in base · Imported slim profile. Live package rate from WoodenMax calculator. GST 18% extra. Hyderabad factory. India-wide supply. Configure custom sizes on product page.,https://woodenmax.in/products/telescope-windows/telescopic-slim-sliding-door,https://woodenmax.in/images/products/Window%20Price%20Per%20Sqft/sliding-window-price-range-india-1200.webp,,in stock,203080.00 INR,,new,Woodenmax,,,no,Hardware > Building Materials,Home & Garden > telescope-windows,telescope-windows,IN::Standard:0.00 INR,,telescope-windows,luxury,package,standard-size-package,2026
telescopic-slim-sliding-door-18x8-std,Telescopic Slim Profile Sliding Door 18×8 ft · 5+1 telescopic | Woodenmax,5+1 soft-close stack · 8mm clear tuff in base · Imported slim profile. Live package rate from WoodenMax calculator. GST 18% extra. Hyderabad factory. India-wide supply. Configure custom sizes on product page.,https://woodenmax.in/products/telescope-windows/telescopic-slim-sliding-door,https://woodenmax.in/images/products/Window%20Price%20Per%20Sqft/sliding-window-price-range-india-1200.webp,,in stock,237469.00 INR,,new,Woodenmax,,,no,Hardware > Building Materials,Home & Garden > telescope-windows,telescope-windows,IN::Standard:0.00 INR,,telescope-windows,luxury,package,standard-size-package,2026
telescopic-slim-sliding-door-20x8-std,Telescopic Slim Profile Sliding Door 20×8 ft · 5+1 telescopic | Woodenmax,5+1 soft-close stack · 8mm clear tuff in base · Imported slim profile. Live package rate from WoodenMax calculator. GST 18% extra. Hyderabad factory. India-wide supply. Configure custom sizes on product page.,https://woodenmax.in/products/telescope-windows/telescopic-slim-sliding-door,https://woodenmax.in/images/products/Window%20Price%20Per%20Sqft/sliding-window-price-range-india-1200.webp,,in stock,262936.00 INR,,new,Woodenmax,,,no,Hardware > Building Materials,Home & Garden > telescope-windows,telescope-windows,IN::Standard:0.00 INR,,telescope-windows,luxury,package,standard-size-package,2026
telescopic-slim-sliding-door-6x9-std,Telescopic Slim Profile Sliding Door 6×9 ft · 2+1 telescopic | Woodenmax,2+1 soft-close stack · 8mm clear tuff in base · Imported slim profile. Live package rate from WoodenMax calculator. GST 18% extra. Hyderabad factory. India-wide supply. Configure custom sizes on product page.,https://woodenmax.in/products/telescope-windows/telescopic-slim-sliding-door,https://woodenmax.in/images/products/Window%20Price%20Per%20Sqft/sliding-window-price-range-india-1200.webp,,in stock,94216.00 INR,,new,Woodenmax,,,no,Hardware > Building Materials,Home & Garden > telescope-windows,telescope-windows,IN::Standard:0.00 INR,,telescope-windows,luxury,package,standard-size-package,2026
telescopic-slim-sliding-door-7x9-std,Telescopic Slim Profile Sliding Door 7×9 ft · 3+1 telescopic | Woodenmax,3+1 soft-close stack · 8mm clear tuff in base · Imported slim profile. Live package rate from WoodenMax calculator. GST 18% extra. Hyderabad factory. India-wide supply. Configure custom sizes on product page.,https://woodenmax.in/products/telescope-windows/telescopic-slim-sliding-door,https://woodenmax.in/images/products/Window%20Price%20Per%20Sqft/sliding-window-price-range-india-1200.webp,,in stock,112353.00 INR,,new,Woodenmax,,,no,Hardware > Building Materials,Home & Garden > telescope-windows,telescope-windows,IN::Standard:0.00 INR,,telescope-windows,luxury,package,standard-size-package,2026
telescopic-slim-sliding-door-8x9-std,Telescopic Slim Profile Sliding Door 8×9 ft · 3+1 telescopic | Woodenmax,3+1 soft-close stack · 8mm clear tuff in base · Imported slim profile. Live package rate from WoodenMax calculator. GST 18% extra. Hyderabad factory. India-wide supply. Configure custom sizes on product page.,https://woodenmax.in/products/telescope-windows/telescopic-slim-sliding-door,https://woodenmax.in/images/products/Window%20Price%20Per%20Sqft/sliding-window-price-range-india-1200.webp,,in stock,126678.00 INR,,new,Woodenmax,,,no,Hardware > Building Materials,Home & Garden > telescope-windows,telescope-windows,IN::Standard:0.00 INR,,telescope-windows,luxury,package,standard-size-package,2026
telescopic-slim-sliding-door-9x9-std,Telescopic Slim Profile Sliding Door 9×9 ft · 2+2 telescopic | Woodenmax,2+2 soft-close stack · 8mm clear tuff in base · Imported slim profile. Live package rate from WoodenMax calculator. GST 18% extra. Hyderabad factory. India-wide supply. Configure custom sizes on product page.,https://woodenmax.in/products/telescope-windows/telescopic-slim-sliding-door,https://woodenmax.in/images/products/Window%20Price%20Per%20Sqft/sliding-window-price-range-india-1200.webp,,in stock,137192.00 INR,,new,Woodenmax,,,no,Hardware > Building Materials,Home & Garden > telescope-windows,telescope-windows,IN::Standard:0.00 INR,,telescope-windows,luxury,package,standard-size-package,2026
telescopic-slim-sliding-door-10x9-std,Telescopic Slim Profile Sliding Door 10×9 ft · 2+2 telescopic | Woodenmax,2+2 soft-close stack · 8mm clear tuff in base · Imported slim profile. Live package rate from WoodenMax calculator. GST 18% extra. Hyderabad factory. India-wide supply. Configure custom sizes on product page.,https://woodenmax.in/products/telescope-windows/telescopic-slim-sliding-door,https://woodenmax.in/images/products/Window%20Price%20Per%20Sqft/sliding-window-price-range-india-1200.webp,,in stock,151517.00 INR,,new,Woodenmax,,,no,Hardware > Building Materials,Home & Garden > telescope-windows,telescope-windows,IN::Standard:0.00 INR,,telescope-windows,luxury,package,standard-size-package,2026
telescopic-slim-sliding-door-12x9-std,Telescopic Slim Profile Sliding Door 12×9 ft · 3+1 telescopic | Woodenmax,3+1 soft-close stack · 8mm clear tuff in base · Imported slim profile. Live package rate from WoodenMax calculator. GST 18% extra. Hyderabad factory. India-wide supply. Configure custom sizes on product page.,https://woodenmax.in/products/telescope-windows/telescopic-slim-sliding-door,https://woodenmax.in/images/products/Window%20Price%20Per%20Sqft/sliding-window-price-range-india-1200.webp,,in stock,183979.00 INR,,new,Woodenmax,,,no,Hardware > Building Materials,Home & Garden > telescope-windows,telescope-windows,IN::Standard:0.00 INR,,telescope-windows,luxury,package,standard-size-package,2026
telescopic-slim-sliding-door-14x9-std,Telescopic Slim Profile Sliding Door 14×9 ft · 3+1 telescopic | Woodenmax,3+1 soft-close stack · 8mm clear tuff in base · Imported slim profile. Live package rate from WoodenMax calculator. GST 18% extra. Hyderabad factory. India-wide supply. Configure custom sizes on product page.,https://woodenmax.in/products/telescope-windows/telescopic-slim-sliding-door,https://woodenmax.in/images/products/Window%20Price%20Per%20Sqft/sliding-window-price-range-india-1200.webp,,in stock,212630.00 INR,,new,Woodenmax,,,no,Hardware > Building Materials,Home & Garden > telescope-windows,telescope-windows,IN::Standard:0.00 INR,,telescope-windows,luxury,package,standard-size-package,2026
telescopic-slim-sliding-door-15x9-std,Telescopic Slim Profile Sliding Door 15×9 ft · 3+1 telescopic | Woodenmax,3+1 soft-close stack · 8mm clear tuff in base · Imported slim profile. Live package rate from WoodenMax calculator. GST 18% extra. Hyderabad factory. India-wide supply. Configure custom sizes on product page.,https://woodenmax.in/products/telescope-windows/telescopic-slim-sliding-door,https://woodenmax.in/images/products/Window%20Price%20Per%20Sqft/sliding-window-price-range-india-1200.webp,,in stock,226955.00 INR,,new,Woodenmax,,,no,Hardware > Building Materials,Home & Garden > telescope-windows,telescope-windows,IN::Standard:0.00 INR,,telescope-windows,luxury,package,standard-size-package,2026
telescopic-slim-sliding-door-18x9-std,Telescopic Slim Profile Sliding Door 18×9 ft · 5+1 telescopic | Woodenmax,5+1 soft-close stack · 8mm clear tuff in base · Imported slim profile. Live package rate from WoodenMax calculator. GST 18% extra. Hyderabad factory. India-wide supply. Configure custom sizes on product page.,https://woodenmax.in/products/telescope-windows/telescopic-slim-sliding-door,https://woodenmax.in/images/products/Window%20Price%20Per%20Sqft/sliding-window-price-range-india-1200.webp,,in stock,266120.00 INR,,new,Woodenmax,,,no,Hardware > Building Materials,Home & Garden > telescope-windows,telescope-windows,IN::Standard:0.00 INR,,telescope-windows,luxury,package,standard-size-package,2026
telescopic-slim-sliding-door-20x9-std,Telescopic Slim Profile Sliding Door 20×9 ft · 5+1 telescopic | Woodenmax,5+1 soft-close stack · 8mm clear tuff in base · Imported slim profile. Live package rate from WoodenMax calculator. GST 18% extra. Hyderabad factory. India-wide supply. Configure custom sizes on product page.,https://woodenmax.in/products/telescope-windows/telescopic-slim-sliding-door,https://woodenmax.in/images/products/Window%20Price%20Per%20Sqft/sliding-window-price-range-india-1200.webp,,in stock,294770.00 INR,,new,Woodenmax,,,no,Hardware > Building Materials,Home & Garden > telescope-windows,telescope-windows,IN::Standard:0.00 INR,,telescope-windows,luxury,package,standard-size-package,2026
telescopic-slim-sliding-door-6x20-std,Telescopic Slim Profile Sliding Door 6×20 ft · 2+1 telescopic | Woodenmax,2+1 soft-close stack · 8mm clear tuff in base · Imported slim profile. Live package rate from WoodenMax calculator. GST 18% extra. Hyderabad factory. India-wide supply. Configure custom sizes on product page.,https://woodenmax.in/products/telescope-windows/telescopic-slim-sliding-door,https://woodenmax.in/images/products/Window%20Price%20Per%20Sqft/sliding-window-price-range-india-1200.webp,,in stock,199268.00 INR,,new,Woodenmax,,,no,Hardware > Building Materials,Home & Garden > telescope-windows,telescope-windows,IN::Standard:0.00 INR,,telescope-windows,luxury,package,standard-size-package,2026
telescopic-slim-sliding-door-7x20-std,Telescopic Slim Profile Sliding Door 7×20 ft · 3+1 telescopic | Woodenmax,3+1 soft-close stack · 8mm clear tuff in base · Imported slim profile. Live package rate from WoodenMax calculator. GST 18% extra. Hyderabad factory. India-wide supply. Configure custom sizes on product page.,https://woodenmax.in/products/telescope-windows/telescopic-slim-sliding-door,https://woodenmax.in/images/products/Window%20Price%20Per%20Sqft/sliding-window-price-range-india-1200.webp,,in stock,234914.00 INR,,new,Woodenmax,,,no,Hardware > Building Materials,Home & Garden > telescope-windows,telescope-windows,IN::Standard:0.00 INR,,telescope-windows,luxury,package,standard-size-package,2026
telescopic-slim-sliding-door-8x20-std,Telescopic Slim Profile Sliding Door 8×20 ft · 3+1 telescopic | Woodenmax,3+1 soft-close stack · 8mm clear tuff in base · Imported slim profile. Live package rate from WoodenMax calculator. GST 18% extra. Hyderabad factory. India-wide supply. Configure custom sizes on product page.,https://woodenmax.in/products/telescope-windows/telescopic-slim-sliding-door,https://woodenmax.in/images/products/Window%20Price%20Per%20Sqft/sliding-window-price-range-india-1200.webp,,in stock,266748.00 INR,,new,Woodenmax,,,no,Hardware > Building Materials,Home & Garden > telescope-windows,telescope-windows,IN::Standard:0.00 INR,,telescope-windows,luxury,package,standard-size-package,2026
telescopic-slim-sliding-door-9x20-std,Telescopic Slim Profile Sliding Door 9×20 ft · 2+2 telescopic | Woodenmax,2+2 soft-close stack · 8mm clear tuff in base · Imported slim profile. Live package rate from WoodenMax calculator. GST 18% extra. Hyderabad factory. India-wide supply. Configure custom sizes on product page.,https://woodenmax.in/products/telescope-windows/telescopic-slim-sliding-door,https://woodenmax.in/images/products/Window%20Price%20Per%20Sqft/sliding-window-price-range-india-1200.webp,,in stock,294770.00 INR,,new,Woodenmax,,,no,Hardware > Building Materials,Home & Garden > telescope-windows,telescope-windows,IN::Standard:0.00 INR,,telescope-windows,luxury,package,standard-size-package,2026
telescopic-slim-sliding-door-10x20-std,Telescopic Slim Profile Sliding Door 10×20 ft · 2+2 telescopic | Woodenmax,2+2 soft-close stack · 8mm clear tuff in base · Imported slim profile. Live package rate from WoodenMax calculator. GST 18% extra. Hyderabad factory. India-wide supply. Configure custom sizes on product page.,https://woodenmax.in/products/telescope-windows/telescopic-slim-sliding-door,https://woodenmax.in/images/products/Window%20Price%20Per%20Sqft/sliding-window-price-range-india-1200.webp,,in stock,326604.00 INR,,new,Woodenmax,,,no,Hardware > Building Materials,Home & Garden > telescope-windows,telescope-windows,IN::Standard:0.00 INR,,telescope-windows,luxury,package,standard-size-package,2026
telescopic-slim-sliding-door-12x20-std,Telescopic Slim Profile Sliding Door 12×20 ft · 3+1 telescopic | Woodenmax,3+1 soft-close stack · 8mm clear tuff in base · Imported slim profile. Live package rate from WoodenMax calculator. GST 18% extra. Hyderabad factory. India-wide supply. Configure custom sizes on product page.,https://woodenmax.in/products/telescope-windows/telescopic-slim-sliding-door,https://woodenmax.in/images/products/Window%20Price%20Per%20Sqft/sliding-window-price-range-india-1200.webp,,in stock,394084.00 INR,,new,Woodenmax,,,no,Hardware > Building Materials,Home & Garden > telescope-windows,telescope-windows,IN::Standard:0.00 INR,,telescope-windows,luxury,package,standard-size-package,2026
telescopic-slim-sliding-door-14x20-std,Telescopic Slim Profile Sliding Door 14×20 ft · 3+1 telescopic | Woodenmax,3+1 soft-close stack · 8mm clear tuff in base · Imported slim profile. Live package rate from WoodenMax calculator. GST 18% extra. Hyderabad factory. India-wide supply. Configure custom sizes on product page.,https://woodenmax.in/products/telescope-windows/telescopic-slim-sliding-door,https://woodenmax.in/images/products/Window%20Price%20Per%20Sqft/sliding-window-price-range-india-1200.webp,,in stock,457752.00 INR,,new,Woodenmax,,,no,Hardware > Building Materials,Home & Garden > telescope-windows,telescope-windows,IN::Standard:0.00 INR,,telescope-windows,luxury,package,standard-size-package,2026
telescopic-slim-sliding-door-15x20-std,Telescopic Slim Profile Sliding Door 15×20 ft · 3+1 telescopic | Woodenmax,3+1 soft-close stack · 8mm clear tuff in base · Imported slim profile. Live package rate from WoodenMax calculator. GST 18% extra. Hyderabad factory. India-wide supply. Configure custom sizes on product page.,https://woodenmax.in/products/telescope-windows/telescopic-slim-sliding-door,https://woodenmax.in/images/products/Window%20Price%20Per%20Sqft/sliding-window-price-range-india-1200.webp,,in stock,489586.00 INR,,new,Woodenmax,,,no,Hardware > Building Materials,Home & Garden > telescope-windows,telescope-windows,IN::Standard:0.00 INR,,telescope-windows,luxury,package,standard-size-package,2026
telescopic-slim-sliding-door-18x20-std,Telescopic Slim Profile Sliding Door 18×20 ft · 5+1 telescopic | Woodenmax,5+1 soft-close stack · 8mm clear tuff in base · Imported slim profile. Live package rate from WoodenMax calculator. GST 18% extra. Hyderabad factory. India-wide supply. Configure custom sizes on product page.,https://woodenmax.in/products/telescope-windows/telescopic-slim-sliding-door,https://woodenmax.in/images/products/Window%20Price%20Per%20Sqft/sliding-window-price-range-india-1200.webp,,in stock,581276.00 INR,,new,Woodenmax,,,no,Hardware > Building Materials,Home & Garden > telescope-windows,telescope-windows,IN::Standard:0.00 INR,,telescope-windows,luxury,package,standard-size-package,2026
telescopic-slim-sliding-door-20x20-std,Telescopic Slim Profile Sliding Door 20×20 ft · 5+1 telescopic | Woodenmax,5+1 soft-close stack · 8mm clear tuff in base · Imported slim profile. Live package rate from WoodenMax calculator. GST 18% extra. Hyderabad factory. India-wide supply. Configure custom sizes on product page.,https://woodenmax.in/products/telescope-windows/telescopic-slim-sliding-door,https://woodenmax.in/images/products/Window%20Price%20Per%20Sqft/sliding-window-price-range-india-1200.webp,,in stock,644944.00 INR,,new,Woodenmax,,,no,Hardware > Building Materials,Home & Garden > telescope-windows,telescope-windows,IN::Standard:0.00 INR,,telescope-windows,luxury,package,standard-size-package,2026
fold-bifold-aluminium-doors-6x7-std,Fold & Bi-Fold Aluminium Glass Doors 6×7 ft · 2+1 fold set | Woodenmax,2+1 hardware (live rates incl. +10% hardware) · 8mm clear tuff · Frame + glass + set. Live package rate from WoodenMax calculator. GST 18% extra. Hyderabad factory. India-wide supply. Configure custom sizes on product page.,https://woodenmax.in/products/folding-systems/fold-bifold-aluminium-doors,https://woodenmax.in/images/products/Window%20Price%20Per%20Sqft/sliding-window-price-range-india-1200.webp,,in stock,96800.00 INR,,new,Woodenmax,,,no,Hardware > Building Materials,Home & Garden > folding-systems,folding-systems,IN::Standard:0.00 INR,,folding-systems,luxury,package,standard-size-package,2026
fold-bifold-aluminium-doors-7x7-std,Fold & Bi-Fold Aluminium Glass Doors 7×7 ft · 3+1 fold set | Woodenmax,3+1 hardware (live rates incl. +10% hardware) · 8mm clear tuff · Frame + glass + set. Live package rate from WoodenMax calculator. GST 18% extra. Hyderabad factory. India-wide supply. Configure custom sizes on product page.,https://woodenmax.in/products/folding-systems/fold-bifold-aluminium-doors,https://woodenmax.in/images/products/Window%20Price%20Per%20Sqft/sliding-window-price-range-india-1200.webp,,in stock,113850.00 INR,,new,Woodenmax,,,no,Hardware > Building Materials,Home & Garden > folding-systems,folding-systems,IN::Standard:0.00 INR,,folding-systems,luxury,package,standard-size-package,2026
fold-bifold-aluminium-doors-8x7-std,Fold & Bi-Fold Aluminium Glass Doors 8×7 ft · 3+1 fold set | Woodenmax,3+1 hardware (live rates incl. +10% hardware) · 8mm clear tuff · Frame + glass + set. Live package rate from WoodenMax calculator. GST 18% extra. Hyderabad factory. India-wide supply. Configure custom sizes on product page.,https://woodenmax.in/products/folding-systems/fold-bifold-aluminium-doors,https://woodenmax.in/images/products/Window%20Price%20Per%20Sqft/sliding-window-price-range-india-1200.webp,,in stock,125400.00 INR,,new,Woodenmax,,,no,Hardware > Building Materials,Home & Garden > folding-systems,folding-systems,IN::Standard:0.00 INR,,folding-systems,luxury,package,standard-size-package,2026
fold-bifold-aluminium-doors-9x7-std,Fold & Bi-Fold Aluminium Glass Doors 9×7 ft · 2+2 fold set | Woodenmax,2+2 hardware (live rates incl. +10% hardware) · 8mm clear tuff · Frame + glass + set. Live package rate from WoodenMax calculator. GST 18% extra. Hyderabad factory. India-wide supply. Configure custom sizes on product page.,https://woodenmax.in/products/folding-systems/fold-bifold-aluminium-doors,https://woodenmax.in/images/products/Window%20Price%20Per%20Sqft/sliding-window-price-range-india-1200.webp,,in stock,142450.00 INR,,new,Woodenmax,,,no,Hardware > Building Materials,Home & Garden > folding-systems,folding-systems,IN::Standard:0.00 INR,,folding-systems,luxury,package,standard-size-package,2026
fold-bifold-aluminium-doors-10x7-std,Fold & Bi-Fold Aluminium Glass Doors 10×7 ft · 2+2 fold set | Woodenmax,2+2 hardware (live rates incl. +10% hardware) · 8mm clear tuff · Frame + glass + set. Live package rate from WoodenMax calculator. GST 18% extra. Hyderabad factory. India-wide supply. Configure custom sizes on product page.,https://woodenmax.in/products/folding-systems/fold-bifold-aluminium-doors,https://woodenmax.in/images/products/Window%20Price%20Per%20Sqft/sliding-window-price-range-india-1200.webp,,in stock,154000.00 INR,,new,Woodenmax,,,no,Hardware > Building Materials,Home & Garden > folding-systems,folding-systems,IN::Standard:0.00 INR,,folding-systems,luxury,package,standard-size-package,2026
fold-bifold-aluminium-doors-12x7-std,Fold & Bi-Fold Aluminium Glass Doors 12×7 ft · 3+1 fold set | Woodenmax,3+1 hardware (live rates incl. +10% hardware) · 8mm clear tuff · Frame + glass + set. Live package rate from WoodenMax calculator. GST 18% extra. Hyderabad factory. India-wide supply. Configure custom sizes on product page.,https://woodenmax.in/products/folding-systems/fold-bifold-aluminium-doors,https://woodenmax.in/images/products/Window%20Price%20Per%20Sqft/sliding-window-price-range-india-1200.webp,,in stock,171600.00 INR,,new,Woodenmax,,,no,Hardware > Building Materials,Home & Garden > folding-systems,folding-systems,IN::Standard:0.00 INR,,folding-systems,luxury,package,standard-size-package,2026
fold-bifold-aluminium-doors-14x7-std,Fold & Bi-Fold Aluminium Glass Doors 14×7 ft · 3+3 fold set | Woodenmax,3+3 hardware (live rates incl. +10% hardware) · 8mm clear tuff · Frame + glass + set. Live package rate from WoodenMax calculator. GST 18% extra. Hyderabad factory. India-wide supply. Configure custom sizes on product page.,https://woodenmax.in/products/folding-systems/fold-bifold-aluminium-doors,https://woodenmax.in/images/products/Window%20Price%20Per%20Sqft/sliding-window-price-range-india-1200.webp,,in stock,205700.00 INR,,new,Woodenmax,,,no,Hardware > Building Materials,Home & Garden > folding-systems,folding-systems,IN::Standard:0.00 INR,,folding-systems,luxury,package,standard-size-package,2026
fold-bifold-aluminium-doors-15x7-std,Fold & Bi-Fold Aluminium Glass Doors 15×7 ft · 3+3 fold set | Woodenmax,3+3 hardware (live rates incl. +10% hardware) · 8mm clear tuff · Frame + glass + set. Live package rate from WoodenMax calculator. GST 18% extra. Hyderabad factory. India-wide supply. Configure custom sizes on product page.,https://woodenmax.in/products/folding-systems/fold-bifold-aluminium-doors,https://woodenmax.in/images/products/Window%20Price%20Per%20Sqft/sliding-window-price-range-india-1200.webp,,in stock,217250.00 INR,,new,Woodenmax,,,no,Hardware > Building Materials,Home & Garden > folding-systems,folding-systems,IN::Standard:0.00 INR,,folding-systems,luxury,package,standard-size-package,2026
fold-bifold-aluminium-doors-18x7-std,Fold & Bi-Fold Aluminium Glass Doors 18×7 ft · 5+1 fold set | Woodenmax,5+1 hardware (live rates incl. +10% hardware) · 8mm clear tuff · Frame + glass + set. Live package rate from WoodenMax calculator. GST 18% extra. Hyderabad factory. India-wide supply. Configure custom sizes on product page.,https://woodenmax.in/products/folding-systems/fold-bifold-aluminium-doors,https://woodenmax.in/images/products/Window%20Price%20Per%20Sqft/sliding-window-price-range-india-1200.webp,,in stock,257400.00 INR,,new,Woodenmax,,,no,Hardware > Building Materials,Home & Garden > folding-systems,folding-systems,IN::Standard:0.00 INR,,folding-systems,luxury,package,standard-size-package,2026
fold-bifold-aluminium-doors-20x7-std,Fold & Bi-Fold Aluminium Glass Doors 20×7 ft · 5+1 fold set | Woodenmax,5+1 hardware (live rates incl. +10% hardware) · 8mm clear tuff · Frame + glass + set. Live package rate from WoodenMax calculator. GST 18% extra. Hyderabad factory. India-wide supply. Configure custom sizes on product page.,https://woodenmax.in/products/folding-systems/fold-bifold-aluminium-doors,https://woodenmax.in/images/products/Window%20Price%20Per%20Sqft/sliding-window-price-range-india-1200.webp,,in stock,280500.00 INR,,new,Woodenmax,,,no,Hardware > Building Materials,Home & Garden > folding-systems,folding-systems,IN::Standard:0.00 INR,,folding-systems,luxury,package,standard-size-package,2026
fold-bifold-aluminium-doors-6x8-std,Fold & Bi-Fold Aluminium Glass Doors 6×8 ft · 2+1 fold set | Woodenmax,2+1 hardware (live rates incl. +10% hardware) · 8mm clear tuff · Frame + glass + set. Live package rate from WoodenMax calculator. GST 18% extra. Hyderabad factory. India-wide supply. Configure custom sizes on product page.,https://woodenmax.in/products/folding-systems/fold-bifold-aluminium-doors,https://woodenmax.in/images/products/Window%20Price%20Per%20Sqft/sliding-window-price-range-india-1200.webp,,in stock,106700.00 INR,,new,Woodenmax,,,no,Hardware > Building Materials,Home & Garden > folding-systems,folding-systems,IN::Standard:0.00 INR,,folding-systems,luxury,package,standard-size-package,2026
fold-bifold-aluminium-doors-7x8-std,Fold & Bi-Fold Aluminium Glass Doors 7×8 ft · 3+1 fold set | Woodenmax,3+1 hardware (live rates incl. +10% hardware) · 8mm clear tuff · Frame + glass + set. Live package rate from WoodenMax calculator. GST 18% extra. Hyderabad factory. India-wide supply. Configure custom sizes on product page.,https://woodenmax.in/products/folding-systems/fold-bifold-aluminium-doors,https://woodenmax.in/images/products/Window%20Price%20Per%20Sqft/sliding-window-price-range-india-1200.webp,,in stock,125400.00 INR,,new,Woodenmax,,,no,Hardware > Building Materials,Home & Garden > folding-systems,folding-systems,IN::Standard:0.00 INR,,folding-systems,luxury,package,standard-size-package,2026
fold-bifold-aluminium-doors-8x8-std,Fold & Bi-Fold Aluminium Glass Doors 8×8 ft · 3+1 fold set | Woodenmax,3+1 hardware (live rates incl. +10% hardware) · 8mm clear tuff · Frame + glass + set. Live package rate from WoodenMax calculator. GST 18% extra. Hyderabad factory. India-wide supply. Configure custom sizes on product page.,https://woodenmax.in/products/folding-systems/fold-bifold-aluminium-doors,https://woodenmax.in/images/products/Window%20Price%20Per%20Sqft/sliding-window-price-range-india-1200.webp,,in stock,138600.00 INR,,new,Woodenmax,,,no,Hardware > Building Materials,Home & Garden > folding-systems,folding-systems,IN::Standard:0.00 INR,,folding-systems,luxury,package,standard-size-package,2026
fold-bifold-aluminium-doors-9x8-std,Fold & Bi-Fold Aluminium Glass Doors 9×8 ft · 2+2 fold set | Woodenmax,2+2 hardware (live rates incl. +10% hardware) · 8mm clear tuff · Frame + glass + set. Live package rate from WoodenMax calculator. GST 18% extra. Hyderabad factory. India-wide supply. Configure custom sizes on product page.,https://woodenmax.in/products/folding-systems/fold-bifold-aluminium-doors,https://woodenmax.in/images/products/Window%20Price%20Per%20Sqft/sliding-window-price-range-india-1200.webp,,in stock,157300.00 INR,,new,Woodenmax,,,no,Hardware > Building Materials,Home & Garden > folding-systems,folding-systems,IN::Standard:0.00 INR,,folding-systems,luxury,package,standard-size-package,2026
fold-bifold-aluminium-doors-10x8-std,Fold & Bi-Fold Aluminium Glass Doors 10×8 ft · 2+2 fold set | Woodenmax,2+2 hardware (live rates incl. +10% hardware) · 8mm clear tuff · Frame + glass + set. Live package rate from WoodenMax calculator. GST 18% extra. Hyderabad factory. India-wide supply. Configure custom sizes on product page.,https://woodenmax.in/products/folding-systems/fold-bifold-aluminium-doors,https://woodenmax.in/images/products/Window%20Price%20Per%20Sqft/sliding-window-price-range-india-1200.webp,,in stock,170500.00 INR,,new,Woodenmax,,,no,Hardware > Building Materials,Home & Garden > folding-systems,folding-systems,IN::Standard:0.00 INR,,folding-systems,luxury,package,standard-size-package,2026
fold-bifold-aluminium-doors-12x8-std,Fold & Bi-Fold Aluminium Glass Doors 12×8 ft · 3+1 fold set | Woodenmax,3+1 hardware (live rates incl. +10% hardware) · 8mm clear tuff · Frame + glass + set. Live package rate from WoodenMax calculator. GST 18% extra. Hyderabad factory. India-wide supply. Configure custom sizes on product page.,https://woodenmax.in/products/folding-systems/fold-bifold-aluminium-doors,https://woodenmax.in/images/products/Window%20Price%20Per%20Sqft/sliding-window-price-range-india-1200.webp,,in stock,191400.00 INR,,new,Woodenmax,,,no,Hardware > Building Materials,Home & Garden > folding-systems,folding-systems,IN::Standard:0.00 INR,,folding-systems,luxury,package,standard-size-package,2026
fold-bifold-aluminium-doors-14x8-std,Fold & Bi-Fold Aluminium Glass Doors 14×8 ft · 3+3 fold set | Woodenmax,3+3 hardware (live rates incl. +10% hardware) · 8mm clear tuff · Frame + glass + set. Live package rate from WoodenMax calculator. GST 18% extra. Hyderabad factory. India-wide supply. Configure custom sizes on product page.,https://woodenmax.in/products/folding-systems/fold-bifold-aluminium-doors,https://woodenmax.in/images/products/Window%20Price%20Per%20Sqft/sliding-window-price-range-india-1200.webp,,in stock,228800.00 INR,,new,Woodenmax,,,no,Hardware > Building Materials,Home & Garden > folding-systems,folding-systems,IN::Standard:0.00 INR,,folding-systems,luxury,package,standard-size-package,2026
fold-bifold-aluminium-doors-15x8-std,Fold & Bi-Fold Aluminium Glass Doors 15×8 ft · 3+3 fold set | Woodenmax,3+3 hardware (live rates incl. +10% hardware) · 8mm clear tuff · Frame + glass + set. Live package rate from WoodenMax calculator. GST 18% extra. Hyderabad factory. India-wide supply. Configure custom sizes on product page.,https://woodenmax.in/products/folding-systems/fold-bifold-aluminium-doors,https://woodenmax.in/images/products/Window%20Price%20Per%20Sqft/sliding-window-price-range-india-1200.webp,,in stock,242000.00 INR,,new,Woodenmax,,,no,Hardware > Building Materials,Home & Garden > folding-systems,folding-systems,IN::Standard:0.00 INR,,folding-systems,luxury,package,standard-size-package,2026
fold-bifold-aluminium-doors-18x8-std,Fold & Bi-Fold Aluminium Glass Doors 18×8 ft · 5+1 fold set | Woodenmax,5+1 hardware (live rates incl. +10% hardware) · 8mm clear tuff · Frame + glass + set. Live package rate from WoodenMax calculator. GST 18% extra. Hyderabad factory. India-wide supply. Configure custom sizes on product page.,https://woodenmax.in/products/folding-systems/fold-bifold-aluminium-doors,https://woodenmax.in/images/products/Window%20Price%20Per%20Sqft/sliding-window-price-range-india-1200.webp,,in stock,287100.00 INR,,new,Woodenmax,,,no,Hardware > Building Materials,Home & Garden > folding-systems,folding-systems,IN::Standard:0.00 INR,,folding-systems,luxury,package,standard-size-package,2026
fold-bifold-aluminium-doors-20x8-std,Fold & Bi-Fold Aluminium Glass Doors 20×8 ft · 5+1 fold set | Woodenmax,5+1 hardware (live rates incl. +10% hardware) · 8mm clear tuff · Frame + glass + set. Live package rate from WoodenMax calculator. GST 18% extra. Hyderabad factory. India-wide supply. Configure custom sizes on product page.,https://woodenmax.in/products/folding-systems/fold-bifold-aluminium-doors,https://woodenmax.in/images/products/Window%20Price%20Per%20Sqft/sliding-window-price-range-india-1200.webp,,in stock,313500.00 INR,,new,Woodenmax,,,no,Hardware > Building Materials,Home & Garden > folding-systems,folding-systems,IN::Standard:0.00 INR,,folding-systems,luxury,package,standard-size-package,2026
fold-bifold-aluminium-doors-6x9-std,Fold & Bi-Fold Aluminium Glass Doors 6×9 ft · 2+1 fold set | Woodenmax,2+1 hardware (live rates incl. +10% hardware) · 8mm clear tuff · Frame + glass + set. Live package rate from WoodenMax calculator. GST 18% extra. Hyderabad factory. India-wide supply. Configure custom sizes on product page.,https://woodenmax.in/products/folding-systems/fold-bifold-aluminium-doors,https://woodenmax.in/images/products/Window%20Price%20Per%20Sqft/sliding-window-price-range-india-1200.webp,,in stock,116600.00 INR,,new,Woodenmax,,,no,Hardware > Building Materials,Home & Garden > folding-systems,folding-systems,IN::Standard:0.00 INR,,folding-systems,luxury,package,standard-size-package,2026
fold-bifold-aluminium-doors-7x9-std,Fold & Bi-Fold Aluminium Glass Doors 7×9 ft · 3+1 fold set | Woodenmax,3+1 hardware (live rates incl. +10% hardware) · 8mm clear tuff · Frame + glass + set. Live package rate from WoodenMax calculator. GST 18% extra. Hyderabad factory. India-wide supply. Configure custom sizes on product page.,https://woodenmax.in/products/folding-systems/fold-bifold-aluminium-doors,https://woodenmax.in/images/products/Window%20Price%20Per%20Sqft/sliding-window-price-range-india-1200.webp,,in stock,136950.00 INR,,new,Woodenmax,,,no,Hardware > Building Materials,Home & Garden > folding-systems,folding-systems,IN::Standard:0.00 INR,,folding-systems,luxury,package,standard-size-package,2026
fold-bifold-aluminium-doors-8x9-std,Fold & Bi-Fold Aluminium Glass Doors 8×9 ft · 3+1 fold set | Woodenmax,3+1 hardware (live rates incl. +10% hardware) · 8mm clear tuff · Frame + glass + set. Live package rate from WoodenMax calculator. GST 18% extra. Hyderabad factory. India-wide supply. Configure custom sizes on product page.,https://woodenmax.in/products/folding-systems/fold-bifold-aluminium-doors,https://woodenmax.in/images/products/Window%20Price%20Per%20Sqft/sliding-window-price-range-india-1200.webp,,in stock,151800.00 INR,,new,Woodenmax,,,no,Hardware > Building Materials,Home & Garden > folding-systems,folding-systems,IN::Standard:0.00 INR,,folding-systems,luxury,package,standard-size-package,2026
fold-bifold-aluminium-doors-9x9-std,Fold & Bi-Fold Aluminium Glass Doors 9×9 ft · 2+2 fold set | Woodenmax,2+2 hardware (live rates incl. +10% hardware) · 8mm clear tuff · Frame + glass + set. Live package rate from WoodenMax calculator. GST 18% extra. Hyderabad factory. India-wide supply. Configure custom sizes on product page.,https://woodenmax.in/products/folding-systems/fold-bifold-aluminium-doors,https://woodenmax.in/images/products/Window%20Price%20Per%20Sqft/sliding-window-price-range-india-1200.webp,,in stock,172150.00 INR,,new,Woodenmax,,,no,Hardware > Building Materials,Home & Garden > folding-systems,folding-systems,IN::Standard:0.00 INR,,folding-systems,luxury,package,standard-size-package,2026
fold-bifold-aluminium-doors-10x9-std,Fold & Bi-Fold Aluminium Glass Doors 10×9 ft · 2+2 fold set | Woodenmax,2+2 hardware (live rates incl. +10% hardware) · 8mm clear tuff · Frame + glass + set. Live package rate from WoodenMax calculator. GST 18% extra. Hyderabad factory. India-wide supply. Configure custom sizes on product page.,https://woodenmax.in/products/folding-systems/fold-bifold-aluminium-doors,https://woodenmax.in/images/products/Window%20Price%20Per%20Sqft/sliding-window-price-range-india-1200.webp,,in stock,187000.00 INR,,new,Woodenmax,,,no,Hardware > Building Materials,Home & Garden > folding-systems,folding-systems,IN::Standard:0.00 INR,,folding-systems,luxury,package,standard-size-package,2026
fold-bifold-aluminium-doors-12x9-std,Fold & Bi-Fold Aluminium Glass Doors 12×9 ft · 3+1 fold set | Woodenmax,3+1 hardware (live rates incl. +10% hardware) · 8mm clear tuff · Frame + glass + set. Live package rate from WoodenMax calculator. GST 18% extra. Hyderabad factory. India-wide supply. Configure custom sizes on product page.,https://woodenmax.in/products/folding-systems/fold-bifold-aluminium-doors,https://woodenmax.in/images/products/Window%20Price%20Per%20Sqft/sliding-window-price-range-india-1200.webp,,in stock,211200.00 INR,,new,Woodenmax,,,no,Hardware > Building Materials,Home & Garden > folding-systems,folding-systems,IN::Standard:0.00 INR,,folding-systems,luxury,package,standard-size-package,2026
fold-bifold-aluminium-doors-14x9-std,Fold & Bi-Fold Aluminium Glass Doors 14×9 ft · 3+3 fold set | Woodenmax,3+3 hardware (live rates incl. +10% hardware) · 8mm clear tuff · Frame + glass + set. Live package rate from WoodenMax calculator. GST 18% extra. Hyderabad factory. India-wide supply. Configure custom sizes on product page.,https://woodenmax.in/products/folding-systems/fold-bifold-aluminium-doors,https://woodenmax.in/images/products/Window%20Price%20Per%20Sqft/sliding-window-price-range-india-1200.webp,,in stock,251900.00 INR,,new,Woodenmax,,,no,Hardware > Building Materials,Home & Garden > folding-systems,folding-systems,IN::Standard:0.00 INR,,folding-systems,luxury,package,standard-size-package,2026
fold-bifold-aluminium-doors-15x9-std,Fold & Bi-Fold Aluminium Glass Doors 15×9 ft · 3+3 fold set | Woodenmax,3+3 hardware (live rates incl. +10% hardware) · 8mm clear tuff · Frame + glass + set. Live package rate from WoodenMax calculator. GST 18% extra. Hyderabad factory. India-wide supply. Configure custom sizes on product page.,https://woodenmax.in/products/folding-systems/fold-bifold-aluminium-doors,https://woodenmax.in/images/products/Window%20Price%20Per%20Sqft/sliding-window-price-range-india-1200.webp,,in stock,266750.00 INR,,new,Woodenmax,,,no,Hardware > Building Materials,Home & Garden > folding-systems,folding-systems,IN::Standard:0.00 INR,,folding-systems,luxury,package,standard-size-package,2026
fold-bifold-aluminium-doors-18x9-std,Fold & Bi-Fold Aluminium Glass Doors 18×9 ft · 5+1 fold set | Woodenmax,5+1 hardware (live rates incl. +10% hardware) · 8mm clear tuff · Frame + glass + set. Live package rate from WoodenMax calculator. GST 18% extra. Hyderabad factory. India-wide supply. Configure custom sizes on product page.,https://woodenmax.in/products/folding-systems/fold-bifold-aluminium-doors,https://woodenmax.in/images/products/Window%20Price%20Per%20Sqft/sliding-window-price-range-india-1200.webp,,in stock,316800.00 INR,,new,Woodenmax,,,no,Hardware > Building Materials,Home & Garden > folding-systems,folding-systems,IN::Standard:0.00 INR,,folding-systems,luxury,package,standard-size-package,2026
fold-bifold-aluminium-doors-20x9-std,Fold & Bi-Fold Aluminium Glass Doors 20×9 ft · 5+1 fold set | Woodenmax,5+1 hardware (live rates incl. +10% hardware) · 8mm clear tuff · Frame + glass + set. Live package rate from WoodenMax calculator. GST 18% extra. Hyderabad factory. India-wide supply. Configure custom sizes on product page.,https://woodenmax.in/products/folding-systems/fold-bifold-aluminium-doors,https://woodenmax.in/images/products/Window%20Price%20Per%20Sqft/sliding-window-price-range-india-1200.webp,,in stock,346500.00 INR,,new,Woodenmax,,,no,Hardware > Building Materials,Home & Garden > folding-systems,folding-systems,IN::Standard:0.00 INR,,folding-systems,luxury,package,standard-size-package,2026
fold-bifold-aluminium-doors-6x10-std,Fold & Bi-Fold Aluminium Glass Doors 6×10 ft · 2+1 fold set | Woodenmax,2+1 hardware (live rates incl. +10% hardware) · 8mm clear tuff · Frame + glass + set. Live package rate from WoodenMax calculator. GST 18% extra. Hyderabad factory. India-wide supply. Configure custom sizes on product page.,https://woodenmax.in/products/folding-systems/fold-bifold-aluminium-doors,https://woodenmax.in/images/products/Window%20Price%20Per%20Sqft/sliding-window-price-range-india-1200.webp,,in stock,126500.00 INR,,new,Woodenmax,,,no,Hardware > Building Materials,Home & Garden > folding-systems,folding-systems,IN::Standard:0.00 INR,,folding-systems,luxury,package,standard-size-package,2026
fold-bifold-aluminium-doors-7x10-std,Fold & Bi-Fold Aluminium Glass Doors 7×10 ft · 3+1 fold set | Woodenmax,3+1 hardware (live rates incl. +10% hardware) · 8mm clear tuff · Frame + glass + set. Live package rate from WoodenMax calculator. GST 18% extra. Hyderabad factory. India-wide supply. Configure custom sizes on product page.,https://woodenmax.in/products/folding-systems/fold-bifold-aluminium-doors,https://woodenmax.in/images/products/Window%20Price%20Per%20Sqft/sliding-window-price-range-india-1200.webp,,in stock,148500.00 INR,,new,Woodenmax,,,no,Hardware > Building Materials,Home & Garden > folding-systems,folding-systems,IN::Standard:0.00 INR,,folding-systems,luxury,package,standard-size-package,2026
fold-bifold-aluminium-doors-8x10-std,Fold & Bi-Fold Aluminium Glass Doors 8×10 ft · 3+1 fold set | Woodenmax,3+1 hardware (live rates incl. +10% hardware) · 8mm clear tuff · Frame + glass + set. Live package rate from WoodenMax calculator. GST 18% extra. Hyderabad factory. India-wide supply. Configure custom sizes on product page.,https://woodenmax.in/products/folding-systems/fold-bifold-aluminium-doors,https://woodenmax.in/images/products/Window%20Price%20Per%20Sqft/sliding-window-price-range-india-1200.webp,,in stock,165000.00 INR,,new,Woodenmax,,,no,Hardware > Building Materials,Home & Garden > folding-systems,folding-systems,IN::Standard:0.00 INR,,folding-systems,luxury,package,standard-size-package,2026
fold-bifold-aluminium-doors-9x10-std,Fold & Bi-Fold Aluminium Glass Doors 9×10 ft · 2+2 fold set | Woodenmax,2+2 hardware (live rates incl. +10% hardware) · 8mm clear tuff · Frame + glass + set. Live package rate from WoodenMax calculator. GST 18% extra. Hyderabad factory. India-wide supply. Configure custom sizes on product page.,https://woodenmax.in/products/folding-systems/fold-bifold-aluminium-doors,https://woodenmax.in/images/products/Window%20Price%20Per%20Sqft/sliding-window-price-range-india-1200.webp,,in stock,187000.00 INR,,new,Woodenmax,,,no,Hardware > Building Materials,Home & Garden > folding-systems,folding-systems,IN::Standard:0.00 INR,,folding-systems,luxury,package,standard-size-package,2026
fold-bifold-aluminium-doors-10x10-std,Fold & Bi-Fold Aluminium Glass Doors 10×10 ft · 2+2 fold set | Woodenmax,2+2 hardware (live rates incl. +10% hardware) · 8mm clear tuff · Frame + glass + set. Live package rate from WoodenMax calculator. GST 18% extra. Hyderabad factory. India-wide supply. Configure custom sizes on product page.,https://woodenmax.in/products/folding-systems/fold-bifold-aluminium-doors,https://woodenmax.in/images/products/Window%20Price%20Per%20Sqft/sliding-window-price-range-india-1200.webp,,in stock,203500.00 INR,,new,Woodenmax,,,no,Hardware > Building Materials,Home & Garden > folding-systems,folding-systems,IN::Standard:0.00 INR,,folding-systems,luxury,package,standard-size-package,2026
fold-bifold-aluminium-doors-12x10-std,Fold & Bi-Fold Aluminium Glass Doors 12×10 ft · 3+1 fold set | Woodenmax,3+1 hardware (live rates incl. +10% hardware) · 8mm clear tuff · Frame + glass + set. Live package rate from WoodenMax calculator. GST 18% extra. Hyderabad factory. India-wide supply. Configure custom sizes on product page.,https://woodenmax.in/products/folding-systems/fold-bifold-aluminium-doors,https://woodenmax.in/images/products/Window%20Price%20Per%20Sqft/sliding-window-price-range-india-1200.webp,,in stock,231000.00 INR,,new,Woodenmax,,,no,Hardware > Building Materials,Home & Garden > folding-systems,folding-systems,IN::Standard:0.00 INR,,folding-systems,luxury,package,standard-size-package,2026
fold-bifold-aluminium-doors-14x10-std,Fold & Bi-Fold Aluminium Glass Doors 14×10 ft · 3+3 fold set | Woodenmax,3+3 hardware (live rates incl. +10% hardware) · 8mm clear tuff · Frame + glass + set. Live package rate from WoodenMax calculator. GST 18% extra. Hyderabad factory. India-wide supply. Configure custom sizes on product page.,https://woodenmax.in/products/folding-systems/fold-bifold-aluminium-doors,https://woodenmax.in/images/products/Window%20Price%20Per%20Sqft/sliding-window-price-range-india-1200.webp,,in stock,275000.00 INR,,new,Woodenmax,,,no,Hardware > Building Materials,Home & Garden > folding-systems,folding-systems,IN::Standard:0.00 INR,,folding-systems,luxury,package,standard-size-package,2026
fold-bifold-aluminium-doors-15x10-std,Fold & Bi-Fold Aluminium Glass Doors 15×10 ft · 3+3 fold set | Woodenmax,3+3 hardware (live rates incl. +10% hardware) · 8mm clear tuff · Frame + glass + set. Live package rate from WoodenMax calculator. GST 18% extra. Hyderabad factory. India-wide supply. Configure custom sizes on product page.,https://woodenmax.in/products/folding-systems/fold-bifold-aluminium-doors,https://woodenmax.in/images/products/Window%20Price%20Per%20Sqft/sliding-window-price-range-india-1200.webp,,in stock,291500.00 INR,,new,Woodenmax,,,no,Hardware > Building Materials,Home & Garden > folding-systems,folding-systems,IN::Standard:0.00 INR,,folding-systems,luxury,package,standard-size-package,2026
fold-bifold-aluminium-doors-18x10-std,Fold & Bi-Fold Aluminium Glass Doors 18×10 ft · 5+1 fold set | Woodenmax,5+1 hardware (live rates incl. +10% hardware) · 8mm clear tuff · Frame + glass + set. Live package rate from WoodenMax calculator. GST 18% extra. Hyderabad factory. India-wide supply. Configure custom sizes on product page.,https://woodenmax.in/products/folding-systems/fold-bifold-aluminium-doors,https://woodenmax.in/images/products/Window%20Price%20Per%20Sqft/sliding-window-price-range-india-1200.webp,,in stock,346500.00 INR,,new,Woodenmax,,,no,Hardware > Building Materials,Home & Garden > folding-systems,folding-systems,IN::Standard:0.00 INR,,folding-systems,luxury,package,standard-size-package,2026
fold-bifold-aluminium-doors-20x10-std,Fold & Bi-Fold Aluminium Glass Doors 20×10 ft · 5+1 fold set | Woodenmax,5+1 hardware (live rates incl. +10% hardware) · 8mm clear tuff · Frame + glass + set. Live package rate from WoodenMax calculator. GST 18% extra. Hyderabad factory. India-wide supply. Configure custom sizes on product page.,https://woodenmax.in/products/folding-systems/fold-bifold-aluminium-doors,https://woodenmax.in/images/products/Window%20Price%20Per%20Sqft/sliding-window-price-range-india-1200.webp,,in stock,379500.00 INR,,new,Woodenmax,,,no,Hardware > Building Materials,Home & Garden > folding-systems,folding-systems,IN::Standard:0.00 INR,,folding-systems,luxury,package,standard-size-package,2026
fold-sliding-window-system-6x7-std,Fold & Sliding Window System 6×7 ft · 2+1 fold set | Woodenmax,2+1 hardware (live rates incl. +10% hardware) · 8mm clear tuff · Frame + glass + set. Live package rate from WoodenMax calculator. GST 18% extra. Hyderabad factory. India-wide supply. Configure custom sizes on product page.,https://woodenmax.in/products/folding-systems/fold-sliding-window-system,https://woodenmax.in/images/products/Window%20Price%20Per%20Sqft/sliding-window-price-range-india-1200.webp,,in stock,96800.00 INR,,new,Woodenmax,,,no,Hardware > Building Materials,Home & Garden > folding-systems,folding-systems,IN::Standard:0.00 INR,,folding-systems,luxury,package,standard-size-package,2026
fold-sliding-window-system-7x7-std,Fold & Sliding Window System 7×7 ft · 3+1 fold set | Woodenmax,3+1 hardware (live rates incl. +10% hardware) · 8mm clear tuff · Frame + glass + set. Live package rate from WoodenMax calculator. GST 18% extra. Hyderabad factory. India-wide supply. Configure custom sizes on product page.,https://woodenmax.in/products/folding-systems/fold-sliding-window-system,https://woodenmax.in/images/products/Window%20Price%20Per%20Sqft/sliding-window-price-range-india-1200.webp,,in stock,113850.00 INR,,new,Woodenmax,,,no,Hardware > Building Materials,Home & Garden > folding-systems,folding-systems,IN::Standard:0.00 INR,,folding-systems,luxury,package,standard-size-package,2026
fold-sliding-window-system-8x7-std,Fold & Sliding Window System 8×7 ft · 3+1 fold set | Woodenmax,3+1 hardware (live rates incl. +10% hardware) · 8mm clear tuff · Frame + glass + set. Live package rate from WoodenMax calculator. GST 18% extra. Hyderabad factory. India-wide supply. Configure custom sizes on product page.,https://woodenmax.in/products/folding-systems/fold-sliding-window-system,https://woodenmax.in/images/products/Window%20Price%20Per%20Sqft/sliding-window-price-range-india-1200.webp,,in stock,125400.00 INR,,new,Woodenmax,,,no,Hardware > Building Materials,Home & Garden > folding-systems,folding-systems,IN::Standard:0.00 INR,,folding-systems,luxury,package,standard-size-package,2026
fold-sliding-window-system-9x7-std,Fold & Sliding Window System 9×7 ft · 2+2 fold set | Woodenmax,2+2 hardware (live rates incl. +10% hardware) · 8mm clear tuff · Frame + glass + set. Live package rate from WoodenMax calculator. GST 18% extra. Hyderabad factory. India-wide supply. Configure custom sizes on product page.,https://woodenmax.in/products/folding-systems/fold-sliding-window-system,https://woodenmax.in/images/products/Window%20Price%20Per%20Sqft/sliding-window-price-range-india-1200.webp,,in stock,142450.00 INR,,new,Woodenmax,,,no,Hardware > Building Materials,Home & Garden > folding-systems,folding-systems,IN::Standard:0.00 INR,,folding-systems,luxury,package,standard-size-package,2026
fold-sliding-window-system-10x7-std,Fold & Sliding Window System 10×7 ft · 2+2 fold set | Woodenmax,2+2 hardware (live rates incl. +10% hardware) · 8mm clear tuff · Frame + glass + set. Live package rate from WoodenMax calculator. GST 18% extra. Hyderabad factory. India-wide supply. Configure custom sizes on product page.,https://woodenmax.in/products/folding-systems/fold-sliding-window-system,https://woodenmax.in/images/products/Window%20Price%20Per%20Sqft/sliding-window-price-range-india-1200.webp,,in stock,154000.00 INR,,new,Woodenmax,,,no,Hardware > Building Materials,Home & Garden > folding-systems,folding-systems,IN::Standard:0.00 INR,,folding-systems,luxury,package,standard-size-package,2026
fold-sliding-window-system-12x7-std,Fold & Sliding Window System 12×7 ft · 3+1 fold set | Woodenmax,3+1 hardware (live rates incl. +10% hardware) · 8mm clear tuff · Frame + glass + set. Live package rate from WoodenMax calculator. GST 18% extra. Hyderabad factory. India-wide supply. Configure custom sizes on product page.,https://woodenmax.in/products/folding-systems/fold-sliding-window-system,https://woodenmax.in/images/products/Window%20Price%20Per%20Sqft/sliding-window-price-range-india-1200.webp,,in stock,171600.00 INR,,new,Woodenmax,,,no,Hardware > Building Materials,Home & Garden > folding-systems,folding-systems,IN::Standard:0.00 INR,,folding-systems,luxury,package,standard-size-package,2026
fold-sliding-window-system-14x7-std,Fold & Sliding Window System 14×7 ft · 3+3 fold set | Woodenmax,3+3 hardware (live rates incl. +10% hardware) · 8mm clear tuff · Frame + glass + set. Live package rate from WoodenMax calculator. GST 18% extra. Hyderabad factory. India-wide supply. Configure custom sizes on product page.,https://woodenmax.in/products/folding-systems/fold-sliding-window-system,https://woodenmax.in/images/products/Window%20Price%20Per%20Sqft/sliding-window-price-range-india-1200.webp,,in stock,205700.00 INR,,new,Woodenmax,,,no,Hardware > Building Materials,Home & Garden > folding-systems,folding-systems,IN::Standard:0.00 INR,,folding-systems,luxury,package,standard-size-package,2026
fold-sliding-window-system-15x7-std,Fold & Sliding Window System 15×7 ft · 3+3 fold set | Woodenmax,3+3 hardware (live rates incl. +10% hardware) · 8mm clear tuff · Frame + glass + set. Live package rate from WoodenMax calculator. GST 18% extra. Hyderabad factory. India-wide supply. Configure custom sizes on product page.,https://woodenmax.in/products/folding-systems/fold-sliding-window-system,https://woodenmax.in/images/products/Window%20Price%20Per%20Sqft/sliding-window-price-range-india-1200.webp,,in stock,217250.00 INR,,new,Woodenmax,,,no,Hardware > Building Materials,Home & Garden > folding-systems,folding-systems,IN::Standard:0.00 INR,,folding-systems,luxury,package,standard-size-package,2026
fold-sliding-window-system-18x7-std,Fold & Sliding Window System 18×7 ft · 5+1 fold set | Woodenmax,5+1 hardware (live rates incl. +10% hardware) · 8mm clear tuff · Frame + glass + set. Live package rate from WoodenMax calculator. GST 18% extra. Hyderabad factory. India-wide supply. Configure custom sizes on product page.,https://woodenmax.in/products/folding-systems/fold-sliding-window-system,https://woodenmax.in/images/products/Window%20Price%20Per%20Sqft/sliding-window-price-range-india-1200.webp,,in stock,257400.00 INR,,new,Woodenmax,,,no,Hardware > Building Materials,Home & Garden > folding-systems,folding-systems,IN::Standard:0.00 INR,,folding-systems,luxury,package,standard-size-package,2026
fold-sliding-window-system-20x7-std,Fold & Sliding Window System 20×7 ft · 5+1 fold set | Woodenmax,5+1 hardware (live rates incl. +10% hardware) · 8mm clear tuff · Frame + glass + set. Live package rate from WoodenMax calculator. GST 18% extra. Hyderabad factory. India-wide supply. Configure custom sizes on product page.,https://woodenmax.in/products/folding-systems/fold-sliding-window-system,https://woodenmax.in/images/products/Window%20Price%20Per%20Sqft/sliding-window-price-range-india-1200.webp,,in stock,280500.00 INR,,new,Woodenmax,,,no,Hardware > Building Materials,Home & Garden > folding-systems,folding-systems,IN::Standard:0.00 INR,,folding-systems,luxury,package,standard-size-package,2026
fold-sliding-window-system-6x8-std,Fold & Sliding Window System 6×8 ft · 2+1 fold set | Woodenmax,2+1 hardware (live rates incl. +10% hardware) · 8mm clear tuff · Frame + glass + set. Live package rate from WoodenMax calculator. GST 18% extra. Hyderabad factory. India-wide supply. Configure custom sizes on product page.,https://woodenmax.in/products/folding-systems/fold-sliding-window-system,https://woodenmax.in/images/products/Window%20Price%20Per%20Sqft/sliding-window-price-range-india-1200.webp,,in stock,106700.00 INR,,new,Woodenmax,,,no,Hardware > Building Materials,Home & Garden > folding-systems,folding-systems,IN::Standard:0.00 INR,,folding-systems,luxury,package,standard-size-package,2026
fold-sliding-window-system-7x8-std,Fold & Sliding Window System 7×8 ft · 3+1 fold set | Woodenmax,3+1 hardware (live rates incl. +10% hardware) · 8mm clear tuff · Frame + glass + set. Live package rate from WoodenMax calculator. GST 18% extra. Hyderabad factory. India-wide supply. Configure custom sizes on product page.,https://woodenmax.in/products/folding-systems/fold-sliding-window-system,https://woodenmax.in/images/products/Window%20Price%20Per%20Sqft/sliding-window-price-range-india-1200.webp,,in stock,125400.00 INR,,new,Woodenmax,,,no,Hardware > Building Materials,Home & Garden > folding-systems,folding-systems,IN::Standard:0.00 INR,,folding-systems,luxury,package,standard-size-package,2026
fold-sliding-window-system-8x8-std,Fold & Sliding Window System 8×8 ft · 3+1 fold set | Woodenmax,3+1 hardware (live rates incl. +10% hardware) · 8mm clear tuff · Frame + glass + set. Live package rate from WoodenMax calculator. GST 18% extra. Hyderabad factory. India-wide supply. Configure custom sizes on product page.,https://woodenmax.in/products/folding-systems/fold-sliding-window-system,https://woodenmax.in/images/products/Window%20Price%20Per%20Sqft/sliding-window-price-range-india-1200.webp,,in stock,138600.00 INR,,new,Woodenmax,,,no,Hardware > Building Materials,Home & Garden > folding-systems,folding-systems,IN::Standard:0.00 INR,,folding-systems,luxury,package,standard-size-package,2026
fold-sliding-window-system-9x8-std,Fold & Sliding Window System 9×8 ft · 2+2 fold set | Woodenmax,2+2 hardware (live rates incl. +10% hardware) · 8mm clear tuff · Frame + glass + set. Live package rate from WoodenMax calculator. GST 18% extra. Hyderabad factory. India-wide supply. Configure custom sizes on product page.,https://woodenmax.in/products/folding-systems/fold-sliding-window-system,https://woodenmax.in/images/products/Window%20Price%20Per%20Sqft/sliding-window-price-range-india-1200.webp,,in stock,157300.00 INR,,new,Woodenmax,,,no,Hardware > Building Materials,Home & Garden > folding-systems,folding-systems,IN::Standard:0.00 INR,,folding-systems,luxury,package,standard-size-package,2026
fold-sliding-window-system-10x8-std,Fold & Sliding Window System 10×8 ft · 2+2 fold set | Woodenmax,2+2 hardware (live rates incl. +10% hardware) · 8mm clear tuff · Frame + glass + set. Live package rate from WoodenMax calculator. GST 18% extra. Hyderabad factory. India-wide supply. Configure custom sizes on product page.,https://woodenmax.in/products/folding-systems/fold-sliding-window-system,https://woodenmax.in/images/products/Window%20Price%20Per%20Sqft/sliding-window-price-range-india-1200.webp,,in stock,170500.00 INR,,new,Woodenmax,,,no,Hardware > Building Materials,Home & Garden > folding-systems,folding-systems,IN::Standard:0.00 INR,,folding-systems,luxury,package,standard-size-package,2026
fold-sliding-window-system-12x8-std,Fold & Sliding Window System 12×8 ft · 3+1 fold set | Woodenmax,3+1 hardware (live rates incl. +10% hardware) · 8mm clear tuff · Frame + glass + set. Live package rate from WoodenMax calculator. GST 18% extra. Hyderabad factory. India-wide supply. Configure custom sizes on product page.,https://woodenmax.in/products/folding-systems/fold-sliding-window-system,https://woodenmax.in/images/products/Window%20Price%20Per%20Sqft/sliding-window-price-range-india-1200.webp,,in stock,191400.00 INR,,new,Woodenmax,,,no,Hardware > Building Materials,Home & Garden > folding-systems,folding-systems,IN::Standard:0.00 INR,,folding-systems,luxury,package,standard-size-package,2026
fold-sliding-window-system-14x8-std,Fold & Sliding Window System 14×8 ft · 3+3 fold set | Woodenmax,3+3 hardware (live rates incl. +10% hardware) · 8mm clear tuff · Frame + glass + set. Live package rate from WoodenMax calculator. GST 18% extra. Hyderabad factory. India-wide supply. Configure custom sizes on product page.,https://woodenmax.in/products/folding-systems/fold-sliding-window-system,https://woodenmax.in/images/products/Window%20Price%20Per%20Sqft/sliding-window-price-range-india-1200.webp,,in stock,228800.00 INR,,new,Woodenmax,,,no,Hardware > Building Materials,Home & Garden > folding-systems,folding-systems,IN::Standard:0.00 INR,,folding-systems,luxury,package,standard-size-package,2026
fold-sliding-window-system-15x8-std,Fold & Sliding Window System 15×8 ft · 3+3 fold set | Woodenmax,3+3 hardware (live rates incl. +10% hardware) · 8mm clear tuff · Frame + glass + set. Live package rate from WoodenMax calculator. GST 18% extra. Hyderabad factory. India-wide supply. Configure custom sizes on product page.,https://woodenmax.in/products/folding-systems/fold-sliding-window-system,https://woodenmax.in/images/products/Window%20Price%20Per%20Sqft/sliding-window-price-range-india-1200.webp,,in stock,242000.00 INR,,new,Woodenmax,,,no,Hardware > Building Materials,Home & Garden > folding-systems,folding-systems,IN::Standard:0.00 INR,,folding-systems,luxury,package,standard-size-package,2026
fold-sliding-window-system-18x8-std,Fold & Sliding Window System 18×8 ft · 5+1 fold set | Woodenmax,5+1 hardware (live rates incl. +10% hardware) · 8mm clear tuff · Frame + glass + set. Live package rate from WoodenMax calculator. GST 18% extra. Hyderabad factory. India-wide supply. Configure custom sizes on product page.,https://woodenmax.in/products/folding-systems/fold-sliding-window-system,https://woodenmax.in/images/products/Window%20Price%20Per%20Sqft/sliding-window-price-range-india-1200.webp,,in stock,287100.00 INR,,new,Woodenmax,,,no,Hardware > Building Materials,Home & Garden > folding-systems,folding-systems,IN::Standard:0.00 INR,,folding-systems,luxury,package,standard-size-package,2026
fold-sliding-window-system-20x8-std,Fold & Sliding Window System 20×8 ft · 5+1 fold set | Woodenmax,5+1 hardware (live rates incl. +10% hardware) · 8mm clear tuff · Frame + glass + set. Live package rate from WoodenMax calculator. GST 18% extra. Hyderabad factory. India-wide supply. Configure custom sizes on product page.,https://woodenmax.in/products/folding-systems/fold-sliding-window-system,https://woodenmax.in/images/products/Window%20Price%20Per%20Sqft/sliding-window-price-range-india-1200.webp,,in stock,313500.00 INR,,new,Woodenmax,,,no,Hardware > Building Materials,Home & Garden > folding-systems,folding-systems,IN::Standard:0.00 INR,,folding-systems,luxury,package,standard-size-package,2026
fold-sliding-window-system-6x9-std,Fold & Sliding Window System 6×9 ft · 2+1 fold set | Woodenmax,2+1 hardware (live rates incl. +10% hardware) · 8mm clear tuff · Frame + glass + set. Live package rate from WoodenMax calculator. GST 18% extra. Hyderabad factory. India-wide supply. Configure custom sizes on product page.,https://woodenmax.in/products/folding-systems/fold-sliding-window-system,https://woodenmax.in/images/products/Window%20Price%20Per%20Sqft/sliding-window-price-range-india-1200.webp,,in stock,116600.00 INR,,new,Woodenmax,,,no,Hardware > Building Materials,Home & Garden > folding-systems,folding-systems,IN::Standard:0.00 INR,,folding-systems,luxury,package,standard-size-package,2026
fold-sliding-window-system-7x9-std,Fold & Sliding Window System 7×9 ft · 3+1 fold set | Woodenmax,3+1 hardware (live rates incl. +10% hardware) · 8mm clear tuff · Frame + glass + set. Live package rate from WoodenMax calculator. GST 18% extra. Hyderabad factory. India-wide supply. Configure custom sizes on product page.,https://woodenmax.in/products/folding-systems/fold-sliding-window-system,https://woodenmax.in/images/products/Window%20Price%20Per%20Sqft/sliding-window-price-range-india-1200.webp,,in stock,136950.00 INR,,new,Woodenmax,,,no,Hardware > Building Materials,Home & Garden > folding-systems,folding-systems,IN::Standard:0.00 INR,,folding-systems,luxury,package,standard-size-package,2026
fold-sliding-window-system-8x9-std,Fold & Sliding Window System 8×9 ft · 3+1 fold set | Woodenmax,3+1 hardware (live rates incl. +10% hardware) · 8mm clear tuff · Frame + glass + set. Live package rate from WoodenMax calculator. GST 18% extra. Hyderabad factory. India-wide supply. Configure custom sizes on product page.,https://woodenmax.in/products/folding-systems/fold-sliding-window-system,https://woodenmax.in/images/products/Window%20Price%20Per%20Sqft/sliding-window-price-range-india-1200.webp,,in stock,151800.00 INR,,new,Woodenmax,,,no,Hardware > Building Materials,Home & Garden > folding-systems,folding-systems,IN::Standard:0.00 INR,,folding-systems,luxury,package,standard-size-package,2026
fold-sliding-window-system-9x9-std,Fold & Sliding Window System 9×9 ft · 2+2 fold set | Woodenmax,2+2 hardware (live rates incl. +10% hardware) · 8mm clear tuff · Frame + glass + set. Live package rate from WoodenMax calculator. GST 18% extra. Hyderabad factory. India-wide supply. Configure custom sizes on product page.,https://woodenmax.in/products/folding-systems/fold-sliding-window-system,https://woodenmax.in/images/products/Window%20Price%20Per%20Sqft/sliding-window-price-range-india-1200.webp,,in stock,172150.00 INR,,new,Woodenmax,,,no,Hardware > Building Materials,Home & Garden > folding-systems,folding-systems,IN::Standard:0.00 INR,,folding-systems,luxury,package,standard-size-package,2026
fold-sliding-window-system-10x9-std,Fold & Sliding Window System 10×9 ft · 2+2 fold set | Woodenmax,2+2 hardware (live rates incl. +10% hardware) · 8mm clear tuff · Frame + glass + set. Live package rate from WoodenMax calculator. GST 18% extra. Hyderabad factory. India-wide supply. Configure custom sizes on product page.,https://woodenmax.in/products/folding-systems/fold-sliding-window-system,https://woodenmax.in/images/products/Window%20Price%20Per%20Sqft/sliding-window-price-range-india-1200.webp,,in stock,187000.00 INR,,new,Woodenmax,,,no,Hardware > Building Materials,Home & Garden > folding-systems,folding-systems,IN::Standard:0.00 INR,,folding-systems,luxury,package,standard-size-package,2026
fold-sliding-window-system-12x9-std,Fold & Sliding Window System 12×9 ft · 3+1 fold set | Woodenmax,3+1 hardware (live rates incl. +10% hardware) · 8mm clear tuff · Frame + glass + set. Live package rate from WoodenMax calculator. GST 18% extra. Hyderabad factory. India-wide supply. Configure custom sizes on product page.,https://woodenmax.in/products/folding-systems/fold-sliding-window-system,https://woodenmax.in/images/products/Window%20Price%20Per%20Sqft/sliding-window-price-range-india-1200.webp,,in stock,211200.00 INR,,new,Woodenmax,,,no,Hardware > Building Materials,Home & Garden > folding-systems,folding-systems,IN::Standard:0.00 INR,,folding-systems,luxury,package,standard-size-package,2026
fold-sliding-window-system-14x9-std,Fold & Sliding Window System 14×9 ft · 3+3 fold set | Woodenmax,3+3 hardware (live rates incl. +10% hardware) · 8mm clear tuff · Frame + glass + set. Live package rate from WoodenMax calculator. GST 18% extra. Hyderabad factory. India-wide supply. Configure custom sizes on product page.,https://woodenmax.in/products/folding-systems/fold-sliding-window-system,https://woodenmax.in/images/products/Window%20Price%20Per%20Sqft/sliding-window-price-range-india-1200.webp,,in stock,251900.00 INR,,new,Woodenmax,,,no,Hardware > Building Materials,Home & Garden > folding-systems,folding-systems,IN::Standard:0.00 INR,,folding-systems,luxury,package,standard-size-package,2026
fold-sliding-window-system-15x9-std,Fold & Sliding Window System 15×9 ft · 3+3 fold set | Woodenmax,3+3 hardware (live rates incl. +10% hardware) · 8mm clear tuff · Frame + glass + set. Live package rate from WoodenMax calculator. GST 18% extra. Hyderabad factory. India-wide supply. Configure custom sizes on product page.,https://woodenmax.in/products/folding-systems/fold-sliding-window-system,https://woodenmax.in/images/products/Window%20Price%20Per%20Sqft/sliding-window-price-range-india-1200.webp,,in stock,266750.00 INR,,new,Woodenmax,,,no,Hardware > Building Materials,Home & Garden > folding-systems,folding-systems,IN::Standard:0.00 INR,,folding-systems,luxury,package,standard-size-package,2026
fold-sliding-window-system-18x9-std,Fold & Sliding Window System 18×9 ft · 5+1 fold set | Woodenmax,5+1 hardware (live rates incl. +10% hardware) · 8mm clear tuff · Frame + glass + set. Live package rate from WoodenMax calculator. GST 18% extra. Hyderabad factory. India-wide supply. Configure custom sizes on product page.,https://woodenmax.in/products/folding-systems/fold-sliding-window-system,https://woodenmax.in/images/products/Window%20Price%20Per%20Sqft/sliding-window-price-range-india-1200.webp,,in stock,316800.00 INR,,new,Woodenmax,,,no,Hardware > Building Materials,Home & Garden > folding-systems,folding-systems,IN::Standard:0.00 INR,,folding-systems,luxury,package,standard-size-package,2026
fold-sliding-window-system-20x9-std,Fold & Sliding Window System 20×9 ft · 5+1 fold set | Woodenmax,5+1 hardware (live rates incl. +10% hardware) · 8mm clear tuff · Frame + glass + set. Live package rate from WoodenMax calculator. GST 18% extra. Hyderabad factory. India-wide supply. Configure custom sizes on product page.,https://woodenmax.in/products/folding-systems/fold-sliding-window-system,https://woodenmax.in/images/products/Window%20Price%20Per%20Sqft/sliding-window-price-range-india-1200.webp,,in stock,346500.00 INR,,new,Woodenmax,,,no,Hardware > Building Materials,Home & Garden > folding-systems,folding-systems,IN::Standard:0.00 INR,,folding-systems,luxury,package,standard-size-package,2026
fold-sliding-window-system-6x10-std,Fold & Sliding Window System 6×10 ft · 2+1 fold set | Woodenmax,2+1 hardware (live rates incl. +10% hardware) · 8mm clear tuff · Frame + glass + set. Live package rate from WoodenMax calculator. GST 18% extra. Hyderabad factory. India-wide supply. Configure custom sizes on product page.,https://woodenmax.in/products/folding-systems/fold-sliding-window-system,https://woodenmax.in/images/products/Window%20Price%20Per%20Sqft/sliding-window-price-range-india-1200.webp,,in stock,126500.00 INR,,new,Woodenmax,,,no,Hardware > Building Materials,Home & Garden > folding-systems,folding-systems,IN::Standard:0.00 INR,,folding-systems,luxury,package,standard-size-package,2026
fold-sliding-window-system-7x10-std,Fold & Sliding Window System 7×10 ft · 3+1 fold set | Woodenmax,3+1 hardware (live rates incl. +10% hardware) · 8mm clear tuff · Frame + glass + set. Live package rate from WoodenMax calculator. GST 18% extra. Hyderabad factory. India-wide supply. Configure custom sizes on product page.,https://woodenmax.in/products/folding-systems/fold-sliding-window-system,https://woodenmax.in/images/products/Window%20Price%20Per%20Sqft/sliding-window-price-range-india-1200.webp,,in stock,148500.00 INR,,new,Woodenmax,,,no,Hardware > Building Materials,Home & Garden > folding-systems,folding-systems,IN::Standard:0.00 INR,,folding-systems,luxury,package,standard-size-package,2026
fold-sliding-window-system-8x10-std,Fold & Sliding Window System 8×10 ft · 3+1 fold set | Woodenmax,3+1 hardware (live rates incl. +10% hardware) · 8mm clear tuff · Frame + glass + set. Live package rate from WoodenMax calculator. GST 18% extra. Hyderabad factory. India-wide supply. Configure custom sizes on product page.,https://woodenmax.in/products/folding-systems/fold-sliding-window-system,https://woodenmax.in/images/products/Window%20Price%20Per%20Sqft/sliding-window-price-range-india-1200.webp,,in stock,165000.00 INR,,new,Woodenmax,,,no,Hardware > Building Materials,Home & Garden > folding-systems,folding-systems,IN::Standard:0.00 INR,,folding-systems,luxury,package,standard-size-package,2026
fold-sliding-window-system-9x10-std,Fold & Sliding Window System 9×10 ft · 2+2 fold set | Woodenmax,2+2 hardware (live rates incl. +10% hardware) · 8mm clear tuff · Frame + glass + set. Live package rate from WoodenMax calculator. GST 18% extra. Hyderabad factory. India-wide supply. Configure custom sizes on product page.,https://woodenmax.in/products/folding-systems/fold-sliding-window-system,https://woodenmax.in/images/products/Window%20Price%20Per%20Sqft/sliding-window-price-range-india-1200.webp,,in stock,187000.00 INR,,new,Woodenmax,,,no,Hardware > Building Materials,Home & Garden > folding-systems,folding-systems,IN::Standard:0.00 INR,,folding-systems,luxury,package,standard-size-package,2026
fold-sliding-window-system-10x10-std,Fold & Sliding Window System 10×10 ft · 2+2 fold set | Woodenmax,2+2 hardware (live rates incl. +10% hardware) · 8mm clear tuff · Frame + glass + set. Live package rate from WoodenMax calculator. GST 18% extra. Hyderabad factory. India-wide supply. Configure custom sizes on product page.,https://woodenmax.in/products/folding-systems/fold-sliding-window-system,https://woodenmax.in/images/products/Window%20Price%20Per%20Sqft/sliding-window-price-range-india-1200.webp,,in stock,203500.00 INR,,new,Woodenmax,,,no,Hardware > Building Materials,Home & Garden > folding-systems,folding-systems,IN::Standard:0.00 INR,,folding-systems,luxury,package,standard-size-package,2026
fold-sliding-window-system-12x10-std,Fold & Sliding Window System 12×10 ft · 3+1 fold set | Woodenmax,3+1 hardware (live rates incl. +10% hardware) · 8mm clear tuff · Frame + glass + set. Live package rate from WoodenMax calculator. GST 18% extra. Hyderabad factory. India-wide supply. Configure custom sizes on product page.,https://woodenmax.in/products/folding-systems/fold-sliding-window-system,https://woodenmax.in/images/products/Window%20Price%20Per%20Sqft/sliding-window-price-range-india-1200.webp,,in stock,231000.00 INR,,new,Woodenmax,,,no,Hardware > Building Materials,Home & Garden > folding-systems,folding-systems,IN::Standard:0.00 INR,,folding-systems,luxury,package,standard-size-package,2026
fold-sliding-window-system-14x10-std,Fold & Sliding Window System 14×10 ft · 3+3 fold set | Woodenmax,3+3 hardware (live rates incl. +10% hardware) · 8mm clear tuff · Frame + glass + set. Live package rate from WoodenMax calculator. GST 18% extra. Hyderabad factory. India-wide supply. Configure custom sizes on product page.,https://woodenmax.in/products/folding-systems/fold-sliding-window-system,https://woodenmax.in/images/products/Window%20Price%20Per%20Sqft/sliding-window-price-range-india-1200.webp,,in stock,275000.00 INR,,new,Woodenmax,,,no,Hardware > Building Materials,Home & Garden > folding-systems,folding-systems,IN::Standard:0.00 INR,,folding-systems,luxury,package,standard-size-package,2026
fold-sliding-window-system-15x10-std,Fold & Sliding Window System 15×10 ft · 3+3 fold set | Woodenmax,3+3 hardware (live rates incl. +10% hardware) · 8mm clear tuff · Frame + glass + set. Live package rate from WoodenMax calculator. GST 18% extra. Hyderabad factory. India-wide supply. Configure custom sizes on product page.,https://woodenmax.in/products/folding-systems/fold-sliding-window-system,https://woodenmax.in/images/products/Window%20Price%20Per%20Sqft/sliding-window-price-range-india-1200.webp,,in stock,291500.00 INR,,new,Woodenmax,,,no,Hardware > Building Materials,Home & Garden > folding-systems,folding-systems,IN::Standard:0.00 INR,,folding-systems,luxury,package,standard-size-package,2026
fold-sliding-window-system-18x10-std,Fold & Sliding Window System 18×10 ft · 5+1 fold set | Woodenmax,5+1 hardware (live rates incl. +10% hardware) · 8mm clear tuff · Frame + glass + set. Live package rate from WoodenMax calculator. GST 18% extra. Hyderabad factory. India-wide supply. Configure custom sizes on product page.,https://woodenmax.in/products/folding-systems/fold-sliding-window-system,https://woodenmax.in/images/products/Window%20Price%20Per%20Sqft/sliding-window-price-range-india-1200.webp,,in stock,346500.00 INR,,new,Woodenmax,,,no,Hardware > Building Materials,Home & Garden > folding-systems,folding-systems,IN::Standard:0.00 INR,,folding-systems,luxury,package,standard-size-package,2026
fold-sliding-window-system-20x10-std,Fold & Sliding Window System 20×10 ft · 5+1 fold set | Woodenmax,5+1 hardware (live rates incl. +10% hardware) · 8mm clear tuff · Frame + glass + set. Live package rate from WoodenMax calculator. GST 18% extra. Hyderabad factory. India-wide supply. Configure custom sizes on product page.,https://woodenmax.in/products/folding-systems/fold-sliding-window-system,https://woodenmax.in/images/products/Window%20Price%20Per%20Sqft/sliding-window-price-range-india-1200.webp,,in stock,379500.00 INR,,new,Woodenmax,,,no,Hardware > Building Materials,Home & Garden > folding-systems,folding-systems,IN::Standard:0.00 INR,,folding-systems,luxury,package,standard-size-package,2026
wooden-finish-aluminium-louvers-8x10-std,Wooden Finish Aluminium Louvers 8×10 ft Package | Woodenmax,Live calculator rate · Wooden / powder coat options in calculator. Live package rate from WoodenMax calculator. GST 18% extra. Hyderabad factory. India-wide supply. Configure custom sizes on product page.,https://woodenmax.in/products/metal-louvers/wooden-finish-aluminium-louvers,https://woodenmax.in/images/products/Window%20Price%20Per%20Sqft/sliding-window-price-range-india-1200.webp,,in stock,45760.00 INR,,new,Woodenmax,,,no,Hardware > Building Materials,Home & Garden > metal-louvers,metal-louvers,IN::Standard:0.00 INR,,metal-louvers,luxury,package,standard-size-package,2026
wooden-finish-aluminium-louvers-10x12-std,Wooden Finish Aluminium Louvers 10×12 ft Package | Woodenmax,Live calculator rate · Wooden / powder coat options in calculator. Live package rate from WoodenMax calculator. GST 18% extra. Hyderabad factory. India-wide supply. Configure custom sizes on product page.,https://woodenmax.in/products/metal-louvers/wooden-finish-aluminium-louvers,https://woodenmax.in/images/products/Window%20Price%20Per%20Sqft/sliding-window-price-range-india-1200.webp,,in stock,68640.00 INR,,new,Woodenmax,,,no,Hardware > Building Materials,Home & Garden > metal-louvers,metal-louvers,IN::Standard:0.00 INR,,metal-louvers,luxury,package,standard-size-package,2026
wooden-finish-aluminium-louvers-12x14-std,Wooden Finish Aluminium Louvers 12×14 ft Package | Woodenmax,Live calculator rate · Wooden / powder coat options in calculator. Live package rate from WoodenMax calculator. GST 18% extra. Hyderabad factory. India-wide supply. Configure custom sizes on product page.,https://woodenmax.in/products/metal-louvers/wooden-finish-aluminium-louvers,https://woodenmax.in/images/products/Window%20Price%20Per%20Sqft/sliding-window-price-range-india-1200.webp,,in stock,96096.00 INR,,new,Woodenmax,,,no,Hardware > Building Materials,Home & Garden > metal-louvers,metal-louvers,IN::Standard:0.00 INR,,metal-louvers,luxury,package,standard-size-package,2026
wooden-finish-aluminium-louvers-15x18-std,Wooden Finish Aluminium Louvers 15×18 ft Package | Woodenmax,Live calculator rate · Wooden / powder coat options in calculator. Live package rate from WoodenMax calculator. GST 18% extra. Hyderabad factory. India-wide supply. Configure custom sizes on product page.,https://woodenmax.in/products/metal-louvers/wooden-finish-aluminium-louvers,https://woodenmax.in/images/products/Window%20Price%20Per%20Sqft/sliding-window-price-range-india-1200.webp,,in stock,154440.00 INR,,new,Woodenmax,,,no,Hardware > Building Materials,Home & Garden > metal-louvers,metal-louvers,IN::Standard:0.00 INR,,metal-louvers,luxury,package,standard-size-package,2026
wooden-finish-aluminium-louvers-20x24-std,Wooden Finish Aluminium Louvers 20×24 ft Package | Woodenmax,Live calculator rate · Wooden / powder coat options in calculator. Live package rate from WoodenMax calculator. GST 18% extra. Hyderabad factory. India-wide supply. Configure custom sizes on product page.,https://woodenmax.in/products/metal-louvers/wooden-finish-aluminium-louvers,https://woodenmax.in/images/products/Window%20Price%20Per%20Sqft/sliding-window-price-range-india-1200.webp,,in stock,274560.00 INR,,new,Woodenmax,,,no,Hardware > Building Materials,Home & Garden > metal-louvers,metal-louvers,IN::Standard:0.00 INR,,metal-louvers,luxury,package,standard-size-package,2026
curved-architectural-louvers-6x8-std,Architectural Curved Aluminium Louvers 6×8 ft Package | Woodenmax,Live calculator rate · Wooden / powder coat options in calculator. Live package rate from WoodenMax calculator. GST 18% extra. Hyderabad factory. India-wide supply. Configure custom sizes on product page.,https://woodenmax.in/products/metal-louvers/curved-architectural-louvers,https://woodenmax.in/images/products/Window%20Price%20Per%20Sqft/sliding-window-price-range-india-1200.webp,,in stock,29938.00 INR,,new,Woodenmax,,,no,Hardware > Building Materials,Home & Garden > metal-louvers,metal-louvers,IN::Standard:0.00 INR,,metal-louvers,luxury,package,standard-size-package,2026
curved-architectural-louvers-8x10-std,Architectural Curved Aluminium Louvers 8×10 ft Package | Woodenmax,Live calculator rate · Wooden / powder coat options in calculator. Live package rate from WoodenMax calculator. GST 18% extra. Hyderabad factory. India-wide supply. Configure custom sizes on product page.,https://woodenmax.in/products/metal-louvers/curved-architectural-louvers,https://woodenmax.in/images/products/Window%20Price%20Per%20Sqft/sliding-window-price-range-india-1200.webp,,in stock,49896.00 INR,,new,Woodenmax,,,no,Hardware > Building Materials,Home & Garden > metal-louvers,metal-louvers,IN::Standard:0.00 INR,,metal-louvers,luxury,package,standard-size-package,2026
curved-architectural-louvers-10x12-std,Architectural Curved Aluminium Louvers 10×12 ft Package | Woodenmax,Live calculator rate · Wooden / powder coat options in calculator. Live package rate from WoodenMax calculator. GST 18% extra. Hyderabad factory. India-wide supply. Configure custom sizes on product page.,https://woodenmax.in/products/metal-louvers/curved-architectural-louvers,https://woodenmax.in/images/products/Window%20Price%20Per%20Sqft/sliding-window-price-range-india-1200.webp,,in stock,74844.00 INR,,new,Woodenmax,,,no,Hardware > Building Materials,Home & Garden > metal-louvers,metal-louvers,IN::Standard:0.00 INR,,metal-louvers,luxury,package,standard-size-package,2026
curved-architectural-louvers-12x16-std,Architectural Curved Aluminium Louvers 12×16 ft Package | Woodenmax,Live calculator rate · Wooden / powder coat options in calculator. Live package rate from WoodenMax calculator. GST 18% extra. Hyderabad factory. India-wide supply. Configure custom sizes on product page.,https://woodenmax.in/products/metal-louvers/curved-architectural-louvers,https://woodenmax.in/images/products/Window%20Price%20Per%20Sqft/sliding-window-price-range-india-1200.webp,,in stock,119750.00 INR,,new,Woodenmax,,,no,Hardware > Building Materials,Home & Garden > metal-louvers,metal-louvers,IN::Standard:0.00 INR,,metal-louvers,luxury,package,standard-size-package,2026
ceiling-pergola-louvers-10x10-cl9,Ceiling Aluminium Louvers Pergola 10×10 ft · 9 ft clearance | Woodenmax,25×75 ceiling louver pergola · 9 ft standard clearance · Live calculator rate. Live package rate from WoodenMax calculator. GST 18% extra. Hyderabad factory. India-wide supply. Configure custom sizes on product page.,https://woodenmax.in/products/metal-louvers/ceiling-pergola-louvers,https://woodenmax.in/images/products/Window%20Price%20Per%20Sqft/sliding-window-price-range-india-1200.webp,,in stock,60940.00 INR,,new,Woodenmax,,,no,Hardware > Building Materials,Home & Garden > metal-louvers,metal-louvers,IN::Standard:0.00 INR,,metal-louvers,luxury,package,standard-size-package,2026
ceiling-pergola-louvers-10x10-cl9-5,Ceiling Aluminium Louvers Pergola 10×10 ft · 9.5 ft clearance | Woodenmax,25×75 ceiling louver pergola · 9.5 ft standard clearance · Live calculator rate. Live package rate from WoodenMax calculator. GST 18% extra. Hyderabad factory. India-wide supply. Configure custom sizes on product page.,https://woodenmax.in/products/metal-louvers/ceiling-pergola-louvers,https://woodenmax.in/images/products/Window%20Price%20Per%20Sqft/sliding-window-price-range-india-1200.webp,,in stock,64326.00 INR,,new,Woodenmax,,,no,Hardware > Building Materials,Home & Garden > metal-louvers,metal-louvers,IN::Standard:0.00 INR,,metal-louvers,luxury,package,standard-size-package,2026
ceiling-pergola-louvers-10x10-cl10,Ceiling Aluminium Louvers Pergola 10×10 ft · 10 ft clearance | Woodenmax,25×75 ceiling louver pergola · 10 ft standard clearance · Live calculator rate. Live package rate from WoodenMax calculator. GST 18% extra. Hyderabad factory. India-wide supply. Configure custom sizes on product page.,https://woodenmax.in/products/metal-louvers/ceiling-pergola-louvers,https://woodenmax.in/images/products/Window%20Price%20Per%20Sqft/sliding-window-price-range-india-1200.webp,,in stock,67711.00 INR,,new,Woodenmax,,,no,Hardware > Building Materials,Home & Garden > metal-louvers,metal-louvers,IN::Standard:0.00 INR,,metal-louvers,luxury,package,standard-size-package,2026
ceiling-pergola-louvers-12x12-cl9,Ceiling Aluminium Louvers Pergola 12×12 ft · 9 ft clearance | Woodenmax,25×75 ceiling louver pergola · 9 ft standard clearance · Live calculator rate. Live package rate from WoodenMax calculator. GST 18% extra. Hyderabad factory. India-wide supply. Configure custom sizes on product page.,https://woodenmax.in/products/metal-louvers/ceiling-pergola-louvers,https://woodenmax.in/images/products/Window%20Price%20Per%20Sqft/sliding-window-price-range-india-1200.webp,,in stock,87754.00 INR,,new,Woodenmax,,,no,Hardware > Building Materials,Home & Garden > metal-louvers,metal-louvers,IN::Standard:0.00 INR,,metal-louvers,luxury,package,standard-size-package,2026
ceiling-pergola-louvers-12x12-cl9-5,Ceiling Aluminium Louvers Pergola 12×12 ft · 9.5 ft clearance | Woodenmax,25×75 ceiling louver pergola · 9.5 ft standard clearance · Live calculator rate. Live package rate from WoodenMax calculator. GST 18% extra. Hyderabad factory. India-wide supply. Configure custom sizes on product page.,https://woodenmax.in/products/metal-louvers/ceiling-pergola-louvers,https://woodenmax.in/images/products/Window%20Price%20Per%20Sqft/sliding-window-price-range-india-1200.webp,,in stock,92629.00 INR,,new,Woodenmax,,,no,Hardware > Building Materials,Home & Garden > metal-louvers,metal-louvers,IN::Standard:0.00 INR,,metal-louvers,luxury,package,standard-size-package,2026
ceiling-pergola-louvers-12x12-cl10,Ceiling Aluminium Louvers Pergola 12×12 ft · 10 ft clearance | Woodenmax,25×75 ceiling louver pergola · 10 ft standard clearance · Live calculator rate. Live package rate from WoodenMax calculator. GST 18% extra. Hyderabad factory. India-wide supply. Configure custom sizes on product page.,https://woodenmax.in/products/metal-louvers/ceiling-pergola-louvers,https://woodenmax.in/images/products/Window%20Price%20Per%20Sqft/sliding-window-price-range-india-1200.webp,,in stock,97504.00 INR,,new,Woodenmax,,,no,Hardware > Building Materials,Home & Garden > metal-louvers,metal-louvers,IN::Standard:0.00 INR,,metal-louvers,luxury,package,standard-size-package,2026
ceiling-pergola-louvers-12x15-cl9,Ceiling Aluminium Louvers Pergola 12×15 ft · 9 ft clearance | Woodenmax,25×75 ceiling louver pergola · 9 ft standard clearance · Live calculator rate. Live package rate from WoodenMax calculator. GST 18% extra. Hyderabad factory. India-wide supply. Configure custom sizes on product page.,https://woodenmax.in/products/metal-louvers/ceiling-pergola-louvers,https://woodenmax.in/images/products/Window%20Price%20Per%20Sqft/sliding-window-price-range-india-1200.webp,,in stock,109692.00 INR,,new,Woodenmax,,,no,Hardware > Building Materials,Home & Garden > metal-louvers,metal-louvers,IN::Standard:0.00 INR,,metal-louvers,luxury,package,standard-size-package,2026
ceiling-pergola-louvers-12x15-cl9-5,Ceiling Aluminium Louvers Pergola 12×15 ft · 9.5 ft clearance | Woodenmax,25×75 ceiling louver pergola · 9.5 ft standard clearance · Live calculator rate. Live package rate from WoodenMax calculator. GST 18% extra. Hyderabad factory. India-wide supply. Configure custom sizes on product page.,https://woodenmax.in/products/metal-louvers/ceiling-pergola-louvers,https://woodenmax.in/images/products/Window%20Price%20Per%20Sqft/sliding-window-price-range-india-1200.webp,,in stock,115786.00 INR,,new,Woodenmax,,,no,Hardware > Building Materials,Home & Garden > metal-louvers,metal-louvers,IN::Standard:0.00 INR,,metal-louvers,luxury,package,standard-size-package,2026
ceiling-pergola-louvers-12x15-cl10,Ceiling Aluminium Louvers Pergola 12×15 ft · 10 ft clearance | Woodenmax,25×75 ceiling louver pergola · 10 ft standard clearance · Live calculator rate. Live package rate from WoodenMax calculator. GST 18% extra. Hyderabad factory. India-wide supply. Configure custom sizes on product page.,https://woodenmax.in/products/metal-louvers/ceiling-pergola-louvers,https://woodenmax.in/images/products/Window%20Price%20Per%20Sqft/sliding-window-price-range-india-1200.webp,,in stock,121880.00 INR,,new,Woodenmax,,,no,Hardware > Building Materials,Home & Garden > metal-louvers,metal-louvers,IN::Standard:0.00 INR,,metal-louvers,luxury,package,standard-size-package,2026
ceiling-pergola-louvers-15x25-cl9,Ceiling Aluminium Louvers Pergola 15×25 ft · 9 ft clearance | Woodenmax,25×75 ceiling louver pergola · 9 ft standard clearance · Live calculator rate. Live package rate from WoodenMax calculator. GST 18% extra. Hyderabad factory. India-wide supply. Configure custom sizes on product page.,https://woodenmax.in/products/metal-louvers/ceiling-pergola-louvers,https://woodenmax.in/images/products/Window%20Price%20Per%20Sqft/sliding-window-price-range-india-1200.webp,,in stock,228525.00 INR,,new,Woodenmax,,,no,Hardware > Building Materials,Home & Garden > metal-louvers,metal-louvers,IN::Standard:0.00 INR,,metal-louvers,luxury,package,standard-size-package,2026
ceiling-pergola-louvers-15x25-cl9-5,Ceiling Aluminium Louvers Pergola 15×25 ft · 9.5 ft clearance | Woodenmax,25×75 ceiling louver pergola · 9.5 ft standard clearance · Live calculator rate. Live package rate from WoodenMax calculator. GST 18% extra. Hyderabad factory. India-wide supply. Configure custom sizes on product page.,https://woodenmax.in/products/metal-louvers/ceiling-pergola-louvers,https://woodenmax.in/images/products/Window%20Price%20Per%20Sqft/sliding-window-price-range-india-1200.webp,,in stock,241221.00 INR,,new,Woodenmax,,,no,Hardware > Building Materials,Home & Garden > metal-louvers,metal-louvers,IN::Standard:0.00 INR,,metal-louvers,luxury,package,standard-size-package,2026
ceiling-pergola-louvers-15x25-cl10,Ceiling Aluminium Louvers Pergola 15×25 ft · 10 ft clearance | Woodenmax,25×75 ceiling louver pergola · 10 ft standard clearance · Live calculator rate. Live package rate from WoodenMax calculator. GST 18% extra. Hyderabad factory. India-wide supply. Configure custom sizes on product page.,https://woodenmax.in/products/metal-louvers/ceiling-pergola-louvers,https://woodenmax.in/images/products/Window%20Price%20Per%20Sqft/sliding-window-price-range-india-1200.webp,,in stock,253917.00 INR,,new,Woodenmax,,,no,Hardware > Building Materials,Home & Garden > metal-louvers,metal-louvers,IN::Standard:0.00 INR,,metal-louvers,luxury,package,standard-size-package,2026
ceiling-pergola-louvers-35x45-cl9,Ceiling Aluminium Louvers Pergola 35×45 ft · 9 ft clearance | Woodenmax,25×75 ceiling louver pergola · 9 ft standard clearance · Live calculator rate. Live package rate from WoodenMax calculator. GST 18% extra. Hyderabad factory. India-wide supply. Configure custom sizes on product page.,https://woodenmax.in/products/metal-louvers/ceiling-pergola-louvers,https://woodenmax.in/images/products/Window%20Price%20Per%20Sqft/sliding-window-price-range-india-1200.webp,,in stock,959805.00 INR,,new,Woodenmax,,,no,Hardware > Building Materials,Home & Garden > metal-louvers,metal-louvers,IN::Standard:0.00 INR,,metal-louvers,luxury,package,standard-size-package,2026
ceiling-pergola-louvers-35x45-cl9-5,Ceiling Aluminium Louvers Pergola 35×45 ft · 9.5 ft clearance | Woodenmax,25×75 ceiling louver pergola · 9.5 ft standard clearance · Live calculator rate. Live package rate from WoodenMax calculator. GST 18% extra. Hyderabad factory. India-wide supply. Configure custom sizes on product page.,https://woodenmax.in/products/metal-louvers/ceiling-pergola-louvers,https://woodenmax.in/images/products/Window%20Price%20Per%20Sqft/sliding-window-price-range-india-1200.webp,,in stock,1013128.00 INR,,new,Woodenmax,,,no,Hardware > Building Materials,Home & Garden > metal-louvers,metal-louvers,IN::Standard:0.00 INR,,metal-louvers,luxury,package,standard-size-package,2026
ceiling-pergola-louvers-35x45-cl10,Ceiling Aluminium Louvers Pergola 35×45 ft · 10 ft clearance | Woodenmax,25×75 ceiling louver pergola · 10 ft standard clearance · Live calculator rate. Live package rate from WoodenMax calculator. GST 18% extra. Hyderabad factory. India-wide supply. Configure custom sizes on product page.,https://woodenmax.in/products/metal-louvers/ceiling-pergola-louvers,https://woodenmax.in/images/products/Window%20Price%20Per%20Sqft/sliding-window-price-range-india-1200.webp,,in stock,1066450.00 INR,,new,Woodenmax,,,no,Hardware > Building Materials,Home & Garden > metal-louvers,metal-louvers,IN::Standard:0.00 INR,,metal-louvers,luxury,package,standard-size-package,2026
ceiling-pergola-louvers-6x25-cl9,Ceiling Aluminium Louvers Pergola 6×25 ft · 9 ft clearance | Woodenmax,25×75 ceiling louver pergola · 9 ft standard clearance · Live calculator rate. Live package rate from WoodenMax calculator. GST 18% extra. Hyderabad factory. India-wide supply. Configure custom sizes on product page.,https://woodenmax.in/products/metal-louvers/ceiling-pergola-louvers,https://woodenmax.in/images/products/Window%20Price%20Per%20Sqft/sliding-window-price-range-india-1200.webp,,in stock,91410.00 INR,,new,Woodenmax,,,no,Hardware > Building Materials,Home & Garden > metal-louvers,metal-louvers,IN::Standard:0.00 INR,,metal-louvers,luxury,package,standard-size-package,2026
ceiling-pergola-louvers-6x25-cl9-5,Ceiling Aluminium Louvers Pergola 6×25 ft · 9.5 ft clearance | Woodenmax,25×75 ceiling louver pergola · 9.5 ft standard clearance · Live calculator rate. Live package rate from WoodenMax calculator. GST 18% extra. Hyderabad factory. India-wide supply. Configure custom sizes on product page.,https://woodenmax.in/products/metal-louvers/ceiling-pergola-louvers,https://woodenmax.in/images/products/Window%20Price%20Per%20Sqft/sliding-window-price-range-india-1200.webp,,in stock,96488.00 INR,,new,Woodenmax,,,no,Hardware > Building Materials,Home & Garden > metal-louvers,metal-louvers,IN::Standard:0.00 INR,,metal-louvers,luxury,package,standard-size-package,2026
ceiling-pergola-louvers-6x25-cl10,Ceiling Aluminium Louvers Pergola 6×25 ft · 10 ft clearance | Woodenmax,25×75 ceiling louver pergola · 10 ft standard clearance · Live calculator rate. Live package rate from WoodenMax calculator. GST 18% extra. Hyderabad factory. India-wide supply. Configure custom sizes on product page.,https://woodenmax.in/products/metal-louvers/ceiling-pergola-louvers,https://woodenmax.in/images/products/Window%20Price%20Per%20Sqft/sliding-window-price-range-india-1200.webp,,in stock,101567.00 INR,,new,Woodenmax,,,no,Hardware > Building Materials,Home & Garden > metal-louvers,metal-louvers,IN::Standard:0.00 INR,,metal-louvers,luxury,package,standard-size-package,2026
louver-canopy-facade-8x3-std,Balcony / canopy side 8×3 ft Package | Woodenmax,Live calculator rate · Wooden / powder coat options in calculator. Live package rate from WoodenMax calculator. GST 18% extra. Hyderabad factory. India-wide supply. Configure custom sizes on product page.,https://woodenmax.in/products/metal-louvers/louver-canopy-facade,https://woodenmax.in/images/products/Window%20Price%20Per%20Sqft/sliding-window-price-range-india-1200.webp,,in stock,15866.00 INR,,new,Woodenmax,,,no,Hardware > Building Materials,Home & Garden > metal-louvers,metal-louvers,IN::Standard:0.00 INR,,metal-louvers,luxury,package,standard-size-package,2026
louver-canopy-facade-10x3-std,Balcony / canopy side 10×3 ft Package | Woodenmax,Live calculator rate · Wooden / powder coat options in calculator. Live package rate from WoodenMax calculator. GST 18% extra. Hyderabad factory. India-wide supply. Configure custom sizes on product page.,https://woodenmax.in/products/metal-louvers/louver-canopy-facade,https://woodenmax.in/images/products/Window%20Price%20Per%20Sqft/sliding-window-price-range-india-1200.webp,,in stock,19833.00 INR,,new,Woodenmax,,,no,Hardware > Building Materials,Home & Garden > metal-louvers,metal-louvers,IN::Standard:0.00 INR,,metal-louvers,luxury,package,standard-size-package,2026
louver-canopy-facade-12x3-5-std,Balcony / canopy side 12×3.5 ft Package | Woodenmax,Live calculator rate · Wooden / powder coat options in calculator. Live package rate from WoodenMax calculator. GST 18% extra. Hyderabad factory. India-wide supply. Configure custom sizes on product page.,https://woodenmax.in/products/metal-louvers/louver-canopy-facade,https://woodenmax.in/images/products/Window%20Price%20Per%20Sqft/sliding-window-price-range-india-1200.webp,,in stock,27766.00 INR,,new,Woodenmax,,,no,Hardware > Building Materials,Home & Garden > metal-louvers,metal-louvers,IN::Standard:0.00 INR,,metal-louvers,luxury,package,standard-size-package,2026
louver-canopy-facade-14x3-5-std,Balcony / canopy side 14×3.5 ft Package | Woodenmax,Live calculator rate · Wooden / powder coat options in calculator. Live package rate from WoodenMax calculator. GST 18% extra. Hyderabad factory. India-wide supply. Configure custom sizes on product page.,https://woodenmax.in/products/metal-louvers/louver-canopy-facade,https://woodenmax.in/images/products/Window%20Price%20Per%20Sqft/sliding-window-price-range-india-1200.webp,,in stock,32394.00 INR,,new,Woodenmax,,,no,Hardware > Building Materials,Home & Garden > metal-louvers,metal-louvers,IN::Standard:0.00 INR,,metal-louvers,luxury,package,standard-size-package,2026
louver-canopy-facade-16x4-std,Balcony / canopy side 16×4 ft Package | Woodenmax,Live calculator rate · Wooden / powder coat options in calculator. Live package rate from WoodenMax calculator. GST 18% extra. Hyderabad factory. India-wide supply. Configure custom sizes on product page.,https://woodenmax.in/products/metal-louvers/louver-canopy-facade,https://woodenmax.in/images/products/Window%20Price%20Per%20Sqft/sliding-window-price-range-india-1200.webp,,in stock,42310.00 INR,,new,Woodenmax,,,no,Hardware > Building Materials,Home & Garden > metal-louvers,metal-louvers,IN::Standard:0.00 INR,,metal-louvers,luxury,package,standard-size-package,2026
louver-canopy-facade-2x1fl-notrapf1,Pipe / duct shaft 2 ft wide × 1 floor (12 ft) | Woodenmax,Z louvers only · 1.5 mm Z louver · 12 ft/floor · Live rates. Live package rate from WoodenMax calculator. GST 18% extra. Hyderabad factory. India-wide supply. Configure custom sizes on product page.,https://woodenmax.in/products/metal-louvers/louver-canopy-facade,https://woodenmax.in/images/products/Window%20Price%20Per%20Sqft/sliding-window-price-range-india-1200.webp,,in stock,15142.00 INR,,new,Woodenmax,,,no,Hardware > Building Materials,Home & Garden > metal-louvers,metal-louvers,IN::Standard:0.00 INR,,metal-louvers,luxury,package,standard-size-package,2026
louver-canopy-facade-2x1fl-trapf1,Pipe / duct shaft 2 ft wide × 1 floor (12 ft) · louver-canopy-facade | Woodenmax,Z louvers + 1 trap door per floor · 1.5 mm Z louver · 12 ft/floor · Live rates. Live package rate from WoodenMax calculator. GST 18% extra. Hyderabad factory. India-wide supply. Configure custom sizes on product page.,https://woodenmax.in/products/metal-louvers/louver-canopy-facade,https://woodenmax.in/images/products/Window%20Price%20Per%20Sqft/sliding-window-price-range-india-1200.webp,,in stock,26942.00 INR,,new,Woodenmax,,,no,Hardware > Building Materials,Home & Garden > metal-louvers,metal-louvers,IN::Standard:0.00 INR,,metal-louvers,luxury,package,standard-size-package,2026
louver-canopy-facade-2x2fl-notrapf2,Pipe / duct shaft 2 ft wide × 2 floor (24 ft) | Woodenmax,Z louvers only · 1.5 mm Z louver · 12 ft/floor · Live rates. Live package rate from WoodenMax calculator. GST 18% extra. Hyderabad factory. India-wide supply. Configure custom sizes on product page.,https://woodenmax.in/products/metal-louvers/louver-canopy-facade,https://woodenmax.in/images/products/Window%20Price%20Per%20Sqft/sliding-window-price-range-india-1200.webp,,in stock,30284.00 INR,,new,Woodenmax,,,no,Hardware > Building Materials,Home & Garden > metal-louvers,metal-louvers,IN::Standard:0.00 INR,,metal-louvers,luxury,package,standard-size-package,2026
louver-canopy-facade-2x2fl-trapf2,Pipe / duct shaft 2 ft wide × 2 floor (24 ft) · louver-canopy-facade | Woodenmax,Z louvers + 1 trap door per floor · 1.5 mm Z louver · 12 ft/floor · Live rates. Live package rate from WoodenMax calculator. GST 18% extra. Hyderabad factory. India-wide supply. Configure custom sizes on product page.,https://woodenmax.in/products/metal-louvers/louver-canopy-facade,https://woodenmax.in/images/products/Window%20Price%20Per%20Sqft/sliding-window-price-range-india-1200.webp,,in stock,53884.00 INR,,new,Woodenmax,,,no,Hardware > Building Materials,Home & Garden > metal-louvers,metal-louvers,IN::Standard:0.00 INR,,metal-louvers,luxury,package,standard-size-package,2026
louver-canopy-facade-2x3fl-notrapf3,Pipe / duct shaft 2 ft wide × 3 floor (36 ft) | Woodenmax,Z louvers only · 1.5 mm Z louver · 12 ft/floor · Live rates. Live package rate from WoodenMax calculator. GST 18% extra. Hyderabad factory. India-wide supply. Configure custom sizes on product page.,https://woodenmax.in/products/metal-louvers/louver-canopy-facade,https://woodenmax.in/images/products/Window%20Price%20Per%20Sqft/sliding-window-price-range-india-1200.webp,,in stock,45426.00 INR,,new,Woodenmax,,,no,Hardware > Building Materials,Home & Garden > metal-louvers,metal-louvers,IN::Standard:0.00 INR,,metal-louvers,luxury,package,standard-size-package,2026
louver-canopy-facade-2x3fl-trapf3,Pipe / duct shaft 2 ft wide × 3 floor (36 ft) · louver-canopy-facade | Woodenmax,Z louvers + 1 trap door per floor · 1.5 mm Z louver · 12 ft/floor · Live rates. Live package rate from WoodenMax calculator. GST 18% extra. Hyderabad factory. India-wide supply. Configure custom sizes on product page.,https://woodenmax.in/products/metal-louvers/louver-canopy-facade,https://woodenmax.in/images/products/Window%20Price%20Per%20Sqft/sliding-window-price-range-india-1200.webp,,in stock,80826.00 INR,,new,Woodenmax,,,no,Hardware > Building Materials,Home & Garden > metal-louvers,metal-louvers,IN::Standard:0.00 INR,,metal-louvers,luxury,package,standard-size-package,2026
louver-canopy-facade-2x4fl-notrapf4,Pipe / duct shaft 2 ft wide × 4 floor (48 ft) | Woodenmax,Z louvers only · 1.5 mm Z louver · 12 ft/floor · Live rates. Live package rate from WoodenMax calculator. GST 18% extra. Hyderabad factory. India-wide supply. Configure custom sizes on product page.,https://woodenmax.in/products/metal-louvers/louver-canopy-facade,https://woodenmax.in/images/products/Window%20Price%20Per%20Sqft/sliding-window-price-range-india-1200.webp,,in stock,60568.00 INR,,new,Woodenmax,,,no,Hardware > Building Materials,Home & Garden > metal-louvers,metal-louvers,IN::Standard:0.00 INR,,metal-louvers,luxury,package,standard-size-package,2026
louver-canopy-facade-2x4fl-trapf4,Pipe / duct shaft 2 ft wide × 4 floor (48 ft) · louver-canopy-facade | Woodenmax,Z louvers + 1 trap door per floor · 1.5 mm Z louver · 12 ft/floor · Live rates. Live package rate from WoodenMax calculator. GST 18% extra. Hyderabad factory. India-wide supply. Configure custom sizes on product page.,https://woodenmax.in/products/metal-louvers/louver-canopy-facade,https://woodenmax.in/images/products/Window%20Price%20Per%20Sqft/sliding-window-price-range-india-1200.webp,,in stock,107768.00 INR,,new,Woodenmax,,,no,Hardware > Building Materials,Home & Garden > metal-louvers,metal-louvers,IN::Standard:0.00 INR,,metal-louvers,luxury,package,standard-size-package,2026
louver-canopy-facade-2x5fl-notrapf5,Pipe / duct shaft 2 ft wide × 5 floor (60 ft) | Woodenmax,Z louvers only · 1.5 mm Z louver · 12 ft/floor · Live rates. Live package rate from WoodenMax calculator. GST 18% extra. Hyderabad factory. India-wide supply. Configure custom sizes on product page.,https://woodenmax.in/products/metal-louvers/louver-canopy-facade,https://woodenmax.in/images/products/Window%20Price%20Per%20Sqft/sliding-window-price-range-india-1200.webp,,in stock,75710.00 INR,,new,Woodenmax,,,no,Hardware > Building Materials,Home & Garden > metal-louvers,metal-louvers,IN::Standard:0.00 INR,,metal-louvers,luxury,package,standard-size-package,2026
louver-canopy-facade-2x5fl-trapf5,Pipe / duct shaft 2 ft wide × 5 floor (60 ft) · louver-canopy-facade | Woodenmax,Z louvers + 1 trap door per floor · 1.5 mm Z louver · 12 ft/floor · Live rates. Live package rate from WoodenMax calculator. GST 18% extra. Hyderabad factory. India-wide supply. Configure custom sizes on product page.,https://woodenmax.in/products/metal-louvers/louver-canopy-facade,https://woodenmax.in/images/products/Window%20Price%20Per%20Sqft/sliding-window-price-range-india-1200.webp,,in stock,134710.00 INR,,new,Woodenmax,,,no,Hardware > Building Materials,Home & Garden > metal-louvers,metal-louvers,IN::Standard:0.00 INR,,metal-louvers,luxury,package,standard-size-package,2026
louver-canopy-facade-3x1fl-notrapf1,Pipe / duct shaft 3 ft wide × 1 floor (12 ft) | Woodenmax,Z louvers only · 1.5 mm Z louver · 12 ft/floor · Live rates. Live package rate from WoodenMax calculator. GST 18% extra. Hyderabad factory. India-wide supply. Configure custom sizes on product page.,https://woodenmax.in/products/metal-louvers/louver-canopy-facade,https://woodenmax.in/images/products/Window%20Price%20Per%20Sqft/sliding-window-price-range-india-1200.webp,,in stock,22713.00 INR,,new,Woodenmax,,,no,Hardware > Building Materials,Home & Garden > metal-louvers,metal-louvers,IN::Standard:0.00 INR,,metal-louvers,luxury,package,standard-size-package,2026
louver-canopy-facade-3x1fl-trapf1,Pipe / duct shaft 3 ft wide × 1 floor (12 ft) · louver-canopy-facade | Woodenmax,Z louvers + 1 trap door per floor · 1.5 mm Z louver · 12 ft/floor · Live rates. Live package rate from WoodenMax calculator. GST 18% extra. Hyderabad factory. India-wide supply. Configure custom sizes on product page.,https://woodenmax.in/products/metal-louvers/louver-canopy-facade,https://woodenmax.in/images/products/Window%20Price%20Per%20Sqft/sliding-window-price-range-india-1200.webp,,in stock,34513.00 INR,,new,Woodenmax,,,no,Hardware > Building Materials,Home & Garden > metal-louvers,metal-louvers,IN::Standard:0.00 INR,,metal-louvers,luxury,package,standard-size-package,2026
louver-canopy-facade-3x2fl-notrapf2,Pipe / duct shaft 3 ft wide × 2 floor (24 ft) | Woodenmax,Z louvers only · 1.5 mm Z louver · 12 ft/floor · Live rates. Live package rate from WoodenMax calculator. GST 18% extra. Hyderabad factory. India-wide supply. Configure custom sizes on product page.,https://woodenmax.in/products/metal-louvers/louver-canopy-facade,https://woodenmax.in/images/products/Window%20Price%20Per%20Sqft/sliding-window-price-range-india-1200.webp,,in stock,45426.00 INR,,new,Woodenmax,,,no,Hardware > Building Materials,Home & Garden > metal-louvers,metal-louvers,IN::Standard:0.00 INR,,metal-louvers,luxury,package,standard-size-package,2026
louver-canopy-facade-3x2fl-trapf2,Pipe / duct shaft 3 ft wide × 2 floor (24 ft) · louver-canopy-facade | Woodenmax,Z louvers + 1 trap door per floor · 1.5 mm Z louver · 12 ft/floor · Live rates. Live package rate from WoodenMax calculator. GST 18% extra. Hyderabad factory. India-wide supply. Configure custom sizes on product page.,https://woodenmax.in/products/metal-louvers/louver-canopy-facade,https://woodenmax.in/images/products/Window%20Price%20Per%20Sqft/sliding-window-price-range-india-1200.webp,,in stock,69026.00 INR,,new,Woodenmax,,,no,Hardware > Building Materials,Home & Garden > metal-louvers,metal-louvers,IN::Standard:0.00 INR,,metal-louvers,luxury,package,standard-size-package,2026
louver-canopy-facade-3x3fl-notrapf3,Pipe / duct shaft 3 ft wide × 3 floor (36 ft) | Woodenmax,Z louvers only · 1.5 mm Z louver · 12 ft/floor · Live rates. Live package rate from WoodenMax calculator. GST 18% extra. Hyderabad factory. India-wide supply. Configure custom sizes on product page.,https://woodenmax.in/products/metal-louvers/louver-canopy-facade,https://woodenmax.in/images/products/Window%20Price%20Per%20Sqft/sliding-window-price-range-india-1200.webp,,in stock,68139.00 INR,,new,Woodenmax,,,no,Hardware > Building Materials,Home & Garden > metal-louvers,metal-louvers,IN::Standard:0.00 INR,,metal-louvers,luxury,package,standard-size-package,2026
louver-canopy-facade-3x3fl-trapf3,Pipe / duct shaft 3 ft wide × 3 floor (36 ft) · louver-canopy-facade | Woodenmax,Z louvers + 1 trap door per floor · 1.5 mm Z louver · 12 ft/floor · Live rates. Live package rate from WoodenMax calculator. GST 18% extra. Hyderabad factory. India-wide supply. Configure custom sizes on product page.,https://woodenmax.in/products/metal-louvers/louver-canopy-facade,https://woodenmax.in/images/products/Window%20Price%20Per%20Sqft/sliding-window-price-range-india-1200.webp,,in stock,103539.00 INR,,new,Woodenmax,,,no,Hardware > Building Materials,Home & Garden > metal-louvers,metal-louvers,IN::Standard:0.00 INR,,metal-louvers,luxury,package,standard-size-package,2026
louver-canopy-facade-3x4fl-notrapf4,Pipe / duct shaft 3 ft wide × 4 floor (48 ft) | Woodenmax,Z louvers only · 1.5 mm Z louver · 12 ft/floor · Live rates. Live package rate from WoodenMax calculator. GST 18% extra. Hyderabad factory. India-wide supply. Configure custom sizes on product page.,https://woodenmax.in/products/metal-louvers/louver-canopy-facade,https://woodenmax.in/images/products/Window%20Price%20Per%20Sqft/sliding-window-price-range-india-1200.webp,,in stock,90852.00 INR,,new,Woodenmax,,,no,Hardware > Building Materials,Home & Garden > metal-louvers,metal-louvers,IN::Standard:0.00 INR,,metal-louvers,luxury,package,standard-size-package,2026
louver-canopy-facade-3x4fl-trapf4,Pipe / duct shaft 3 ft wide × 4 floor (48 ft) · louver-canopy-facade | Woodenmax,Z louvers + 1 trap door per floor · 1.5 mm Z louver · 12 ft/floor · Live rates. Live package rate from WoodenMax calculator. GST 18% extra. Hyderabad factory. India-wide supply. Configure custom sizes on product page.,https://woodenmax.in/products/metal-louvers/louver-canopy-facade,https://woodenmax.in/images/products/Window%20Price%20Per%20Sqft/sliding-window-price-range-india-1200.webp,,in stock,138052.00 INR,,new,Woodenmax,,,no,Hardware > Building Materials,Home & Garden > metal-louvers,metal-louvers,IN::Standard:0.00 INR,,metal-louvers,luxury,package,standard-size-package,2026
louver-canopy-facade-3x5fl-notrapf5,Pipe / duct shaft 3 ft wide × 5 floor (60 ft) | Woodenmax,Z louvers only · 1.5 mm Z louver · 12 ft/floor · Live rates. Live package rate from WoodenMax calculator. GST 18% extra. Hyderabad factory. India-wide supply. Configure custom sizes on product page.,https://woodenmax.in/products/metal-louvers/louver-canopy-facade,https://woodenmax.in/images/products/Window%20Price%20Per%20Sqft/sliding-window-price-range-india-1200.webp,,in stock,113565.00 INR,,new,Woodenmax,,,no,Hardware > Building Materials,Home & Garden > metal-louvers,metal-louvers,IN::Standard:0.00 INR,,metal-louvers,luxury,package,standard-size-package,2026
louver-canopy-facade-3x5fl-trapf5,Pipe / duct shaft 3 ft wide × 5 floor (60 ft) · louver-canopy-facade | Woodenmax,Z louvers + 1 trap door per floor · 1.5 mm Z louver · 12 ft/floor · Live rates. Live package rate from WoodenMax calculator. GST 18% extra. Hyderabad factory. India-wide supply. Configure custom sizes on product page.,https://woodenmax.in/products/metal-louvers/louver-canopy-facade,https://woodenmax.in/images/products/Window%20Price%20Per%20Sqft/sliding-window-price-range-india-1200.webp,,in stock,172565.00 INR,,new,Woodenmax,,,no,Hardware > Building Materials,Home & Garden > metal-louvers,metal-louvers,IN::Standard:0.00 INR,,metal-louvers,luxury,package,standard-size-package,2026
louver-canopy-facade-3-5x1fl-notrapf1,Pipe / duct shaft 3.5 ft wide × 1 floor (12 ft) | Woodenmax,Z louvers only · 1.5 mm Z louver · 12 ft/floor · Live rates. Live package rate from WoodenMax calculator. GST 18% extra. Hyderabad factory. India-wide supply. Configure custom sizes on product page.,https://woodenmax.in/products/metal-louvers/louver-canopy-facade,https://woodenmax.in/images/products/Window%20Price%20Per%20Sqft/sliding-window-price-range-india-1200.webp,,in stock,26499.00 INR,,new,Woodenmax,,,no,Hardware > Building Materials,Home & Garden > metal-louvers,metal-louvers,IN::Standard:0.00 INR,,metal-louvers,luxury,package,standard-size-package,2026
louver-canopy-facade-3-5x1fl-trapf1,Pipe / duct shaft 3.5 ft wide × 1 floor (12 ft) · louver-canopy-facade | Woodenmax,Z louvers + 1 trap door per floor · 1.5 mm Z louver · 12 ft/floor · Live rates. Live package rate from WoodenMax calculator. GST 18% extra. Hyderabad factory. India-wide supply. Configure custom sizes on product page.,https://woodenmax.in/products/metal-louvers/louver-canopy-facade,https://woodenmax.in/images/products/Window%20Price%20Per%20Sqft/sliding-window-price-range-india-1200.webp,,in stock,38299.00 INR,,new,Woodenmax,,,no,Hardware > Building Materials,Home & Garden > metal-louvers,metal-louvers,IN::Standard:0.00 INR,,metal-louvers,luxury,package,standard-size-package,2026
louver-canopy-facade-3-5x2fl-notrapf2,Pipe / duct shaft 3.5 ft wide × 2 floor (24 ft) | Woodenmax,Z louvers only · 1.5 mm Z louver · 12 ft/floor · Live rates. Live package rate from WoodenMax calculator. GST 18% extra. Hyderabad factory. India-wide supply. Configure custom sizes on product page.,https://woodenmax.in/products/metal-louvers/louver-canopy-facade,https://woodenmax.in/images/products/Window%20Price%20Per%20Sqft/sliding-window-price-range-india-1200.webp,,in stock,52997.00 INR,,new,Woodenmax,,,no,Hardware > Building Materials,Home & Garden > metal-louvers,metal-louvers,IN::Standard:0.00 INR,,metal-louvers,luxury,package,standard-size-package,2026
louver-canopy-facade-3-5x2fl-trapf2,Pipe / duct shaft 3.5 ft wide × 2 floor (24 ft) · louver-canopy-facade | Woodenmax,Z louvers + 1 trap door per floor · 1.5 mm Z louver · 12 ft/floor · Live rates. Live package rate from WoodenMax calculator. GST 18% extra. Hyderabad factory. India-wide supply. Configure custom sizes on product page.,https://woodenmax.in/products/metal-louvers/louver-canopy-facade,https://woodenmax.in/images/products/Window%20Price%20Per%20Sqft/sliding-window-price-range-india-1200.webp,,in stock,76597.00 INR,,new,Woodenmax,,,no,Hardware > Building Materials,Home & Garden > metal-louvers,metal-louvers,IN::Standard:0.00 INR,,metal-louvers,luxury,package,standard-size-package,2026
louver-canopy-facade-3-5x3fl-notrapf3,Pipe / duct shaft 3.5 ft wide × 3 floor (36 ft) | Woodenmax,Z louvers only · 1.5 mm Z louver · 12 ft/floor · Live rates. Live package rate from WoodenMax calculator. GST 18% extra. Hyderabad factory. India-wide supply. Configure custom sizes on product page.,https://woodenmax.in/products/metal-louvers/louver-canopy-facade,https://woodenmax.in/images/products/Window%20Price%20Per%20Sqft/sliding-window-price-range-india-1200.webp,,in stock,79496.00 INR,,new,Woodenmax,,,no,Hardware > Building Materials,Home & Garden > metal-louvers,metal-louvers,IN::Standard:0.00 INR,,metal-louvers,luxury,package,standard-size-package,2026
louver-canopy-facade-3-5x3fl-trapf3,Pipe / duct shaft 3.5 ft wide × 3 floor (36 ft) · louver-canopy-facade | Woodenmax,Z louvers + 1 trap door per floor · 1.5 mm Z louver · 12 ft/floor · Live rates. Live package rate from WoodenMax calculator. GST 18% extra. Hyderabad factory. India-wide supply. Configure custom sizes on product page.,https://woodenmax.in/products/metal-louvers/louver-canopy-facade,https://woodenmax.in/images/products/Window%20Price%20Per%20Sqft/sliding-window-price-range-india-1200.webp,,in stock,114896.00 INR,,new,Woodenmax,,,no,Hardware > Building Materials,Home & Garden > metal-louvers,metal-louvers,IN::Standard:0.00 INR,,metal-louvers,luxury,package,standard-size-package,2026
louver-canopy-facade-3-5x4fl-notrapf4,Pipe / duct shaft 3.5 ft wide × 4 floor (48 ft) | Woodenmax,Z louvers only · 1.5 mm Z louver · 12 ft/floor · Live rates. Live package rate from WoodenMax calculator. GST 18% extra. Hyderabad factory. India-wide supply. Configure custom sizes on product page.,https://woodenmax.in/products/metal-louvers/louver-canopy-facade,https://woodenmax.in/images/products/Window%20Price%20Per%20Sqft/sliding-window-price-range-india-1200.webp,,in stock,105994.00 INR,,new,Woodenmax,,,no,Hardware > Building Materials,Home & Garden > metal-louvers,metal-louvers,IN::Standard:0.00 INR,,metal-louvers,luxury,package,standard-size-package,2026
louver-canopy-facade-3-5x4fl-trapf4,Pipe / duct shaft 3.5 ft wide × 4 floor (48 ft) · louver-canopy-facade | Woodenmax,Z louvers + 1 trap door per floor · 1.5 mm Z louver · 12 ft/floor · Live rates. Live package rate from WoodenMax calculator. GST 18% extra. Hyderabad factory. India-wide supply. Configure custom sizes on product page.,https://woodenmax.in/products/metal-louvers/louver-canopy-facade,https://woodenmax.in/images/products/Window%20Price%20Per%20Sqft/sliding-window-price-range-india-1200.webp,,in stock,153194.00 INR,,new,Woodenmax,,,no,Hardware > Building Materials,Home & Garden > metal-louvers,metal-louvers,IN::Standard:0.00 INR,,metal-louvers,luxury,package,standard-size-package,2026
louver-canopy-facade-3-5x5fl-notrapf5,Pipe / duct shaft 3.5 ft wide × 5 floor (60 ft) | Woodenmax,Z louvers only · 1.5 mm Z louver · 12 ft/floor · Live rates. Live package rate from WoodenMax calculator. GST 18% extra. Hyderabad factory. India-wide supply. Configure custom sizes on product page.,https://woodenmax.in/products/metal-louvers/louver-canopy-facade,https://woodenmax.in/images/products/Window%20Price%20Per%20Sqft/sliding-window-price-range-india-1200.webp,,in stock,132493.00 INR,,new,Woodenmax,,,no,Hardware > Building Materials,Home & Garden > metal-louvers,metal-louvers,IN::Standard:0.00 INR,,metal-louvers,luxury,package,standard-size-package,2026
louver-canopy-facade-3-5x5fl-trapf5,Pipe / duct shaft 3.5 ft wide × 5 floor (60 ft) · louver-canopy-facade | Woodenmax,Z louvers + 1 trap door per floor · 1.5 mm Z louver · 12 ft/floor · Live rates. Live package rate from WoodenMax calculator. GST 18% extra. Hyderabad factory. India-wide supply. Configure custom sizes on product page.,https://woodenmax.in/products/metal-louvers/louver-canopy-facade,https://woodenmax.in/images/products/Window%20Price%20Per%20Sqft/sliding-window-price-range-india-1200.webp,,in stock,191493.00 INR,,new,Woodenmax,,,no,Hardware > Building Materials,Home & Garden > metal-louvers,metal-louvers,IN::Standard:0.00 INR,,metal-louvers,luxury,package,standard-size-package,2026
louver-canopy-facade-4x1fl-notrapf1,Pipe / duct shaft 4 ft wide × 1 floor (12 ft) | Woodenmax,Z louvers only · 1.5 mm Z louver · 12 ft/floor · Live rates. Live package rate from WoodenMax calculator. GST 18% extra. Hyderabad factory. India-wide supply. Configure custom sizes on product page.,https://woodenmax.in/products/metal-louvers/louver-canopy-facade,https://woodenmax.in/images/products/Window%20Price%20Per%20Sqft/sliding-window-price-range-india-1200.webp,,in stock,30284.00 INR,,new,Woodenmax,,,no,Hardware > Building Materials,Home & Garden > metal-louvers,metal-louvers,IN::Standard:0.00 INR,,metal-louvers,luxury,package,standard-size-package,2026
louver-canopy-facade-4x1fl-trapf1,Pipe / duct shaft 4 ft wide × 1 floor (12 ft) · louver-canopy-facade | Woodenmax,Z louvers + 1 trap door per floor · 1.5 mm Z louver · 12 ft/floor · Live rates. Live package rate from WoodenMax calculator. GST 18% extra. Hyderabad factory. India-wide supply. Configure custom sizes on product page.,https://woodenmax.in/products/metal-louvers/louver-canopy-facade,https://woodenmax.in/images/products/Window%20Price%20Per%20Sqft/sliding-window-price-range-india-1200.webp,,in stock,42084.00 INR,,new,Woodenmax,,,no,Hardware > Building Materials,Home & Garden > metal-louvers,metal-louvers,IN::Standard:0.00 INR,,metal-louvers,luxury,package,standard-size-package,2026
louver-canopy-facade-4x2fl-notrapf2,Pipe / duct shaft 4 ft wide × 2 floor (24 ft) | Woodenmax,Z louvers only · 1.5 mm Z louver · 12 ft/floor · Live rates. Live package rate from WoodenMax calculator. GST 18% extra. Hyderabad factory. India-wide supply. Configure custom sizes on product page.,https://woodenmax.in/products/metal-louvers/louver-canopy-facade,https://woodenmax.in/images/products/Window%20Price%20Per%20Sqft/sliding-window-price-range-india-1200.webp,,in stock,60568.00 INR,,new,Woodenmax,,,no,Hardware > Building Materials,Home & Garden > metal-louvers,metal-louvers,IN::Standard:0.00 INR,,metal-louvers,luxury,package,standard-size-package,2026
louver-canopy-facade-4x2fl-trapf2,Pipe / duct shaft 4 ft wide × 2 floor (24 ft) · louver-canopy-facade | Woodenmax,Z louvers + 1 trap door per floor · 1.5 mm Z louver · 12 ft/floor · Live rates. Live package rate from WoodenMax calculator. GST 18% extra. Hyderabad factory. India-wide supply. Configure custom sizes on product page.,https://woodenmax.in/products/metal-louvers/louver-canopy-facade,https://woodenmax.in/images/products/Window%20Price%20Per%20Sqft/sliding-window-price-range-india-1200.webp,,in stock,84168.00 INR,,new,Woodenmax,,,no,Hardware > Building Materials,Home & Garden > metal-louvers,metal-louvers,IN::Standard:0.00 INR,,metal-louvers,luxury,package,standard-size-package,2026
louver-canopy-facade-4x3fl-notrapf3,Pipe / duct shaft 4 ft wide × 3 floor (36 ft) | Woodenmax,Z louvers only · 1.5 mm Z louver · 12 ft/floor · Live rates. Live package rate from WoodenMax calculator. GST 18% extra. Hyderabad factory. India-wide supply. Configure custom sizes on product page.,https://woodenmax.in/products/metal-louvers/louver-canopy-facade,https://woodenmax.in/images/products/Window%20Price%20Per%20Sqft/sliding-window-price-range-india-1200.webp,,in stock,90852.00 INR,,new,Woodenmax,,,no,Hardware > Building Materials,Home & Garden > metal-louvers,metal-louvers,IN::Standard:0.00 INR,,metal-louvers,luxury,package,standard-size-package,2026
louver-canopy-facade-4x3fl-trapf3,Pipe / duct shaft 4 ft wide × 3 floor (36 ft) · louver-canopy-facade | Woodenmax,Z louvers + 1 trap door per floor · 1.5 mm Z louver · 12 ft/floor · Live rates. Live package rate from WoodenMax calculator. GST 18% extra. Hyderabad factory. India-wide supply. Configure custom sizes on product page.,https://woodenmax.in/products/metal-louvers/louver-canopy-facade,https://woodenmax.in/images/products/Window%20Price%20Per%20Sqft/sliding-window-price-range-india-1200.webp,,in stock,126252.00 INR,,new,Woodenmax,,,no,Hardware > Building Materials,Home & Garden > metal-louvers,metal-louvers,IN::Standard:0.00 INR,,metal-louvers,luxury,package,standard-size-package,2026
louver-canopy-facade-4x4fl-notrapf4,Pipe / duct shaft 4 ft wide × 4 floor (48 ft) | Woodenmax,Z louvers only · 1.5 mm Z louver · 12 ft/floor · Live rates. Live package rate from WoodenMax calculator. GST 18% extra. Hyderabad factory. India-wide supply. Configure custom sizes on product page.,https://woodenmax.in/products/metal-louvers/louver-canopy-facade,https://woodenmax.in/images/products/Window%20Price%20Per%20Sqft/sliding-window-price-range-india-1200.webp,,in stock,121136.00 INR,,new,Woodenmax,,,no,Hardware > Building Materials,Home & Garden > metal-louvers,metal-louvers,IN::Standard:0.00 INR,,metal-louvers,luxury,package,standard-size-package,2026
louver-canopy-facade-4x4fl-trapf4,Pipe / duct shaft 4 ft wide × 4 floor (48 ft) · louver-canopy-facade | Woodenmax,Z louvers + 1 trap door per floor · 1.5 mm Z louver · 12 ft/floor · Live rates. Live package rate from WoodenMax calculator. GST 18% extra. Hyderabad factory. India-wide supply. Configure custom sizes on product page.,https://woodenmax.in/products/metal-louvers/louver-canopy-facade,https://woodenmax.in/images/products/Window%20Price%20Per%20Sqft/sliding-window-price-range-india-1200.webp,,in stock,168336.00 INR,,new,Woodenmax,,,no,Hardware > Building Materials,Home & Garden > metal-louvers,metal-louvers,IN::Standard:0.00 INR,,metal-louvers,luxury,package,standard-size-package,2026
louver-canopy-facade-4x5fl-notrapf5,Pipe / duct shaft 4 ft wide × 5 floor (60 ft) | Woodenmax,Z louvers only · 1.5 mm Z louver · 12 ft/floor · Live rates. Live package rate from WoodenMax calculator. GST 18% extra. Hyderabad factory. India-wide supply. Configure custom sizes on product page.,https://woodenmax.in/products/metal-louvers/louver-canopy-facade,https://woodenmax.in/images/products/Window%20Price%20Per%20Sqft/sliding-window-price-range-india-1200.webp,,in stock,151421.00 INR,,new,Woodenmax,,,no,Hardware > Building Materials,Home & Garden > metal-louvers,metal-louvers,IN::Standard:0.00 INR,,metal-louvers,luxury,package,standard-size-package,2026
louver-canopy-facade-4x5fl-trapf5,Pipe / duct shaft 4 ft wide × 5 floor (60 ft) · louver-canopy-facade | Woodenmax,Z louvers + 1 trap door per floor · 1.5 mm Z louver · 12 ft/floor · Live rates. Live package rate from WoodenMax calculator. GST 18% extra. Hyderabad factory. India-wide supply. Configure custom sizes on product page.,https://woodenmax.in/products/metal-louvers/louver-canopy-facade,https://woodenmax.in/images/products/Window%20Price%20Per%20Sqft/sliding-window-price-range-india-1200.webp,,in stock,210421.00 INR,,new,Woodenmax,,,no,Hardware > Building Materials,Home & Garden > metal-louvers,metal-louvers,IN::Standard:0.00 INR,,metal-louvers,luxury,package,standard-size-package,2026
louver-canopy-facade-4-5x1fl-notrapf1,Pipe / duct shaft 4.5 ft wide × 1 floor (12 ft) | Woodenmax,Z louvers only · 1.5 mm Z louver · 12 ft/floor · Live rates. Live package rate from WoodenMax calculator. GST 18% extra. Hyderabad factory. India-wide supply. Configure custom sizes on product page.,https://woodenmax.in/products/metal-louvers/louver-canopy-facade,https://woodenmax.in/images/products/Window%20Price%20Per%20Sqft/sliding-window-price-range-india-1200.webp,,in stock,34070.00 INR,,new,Woodenmax,,,no,Hardware > Building Materials,Home & Garden > metal-louvers,metal-louvers,IN::Standard:0.00 INR,,metal-louvers,luxury,package,standard-size-package,2026
louver-canopy-facade-4-5x1fl-trapf1,Pipe / duct shaft 4.5 ft wide × 1 floor (12 ft) · louver-canopy-facade | Woodenmax,Z louvers + 1 trap door per floor · 1.5 mm Z louver · 12 ft/floor · Live rates. Live package rate from WoodenMax calculator. GST 18% extra. Hyderabad factory. India-wide supply. Configure custom sizes on product page.,https://woodenmax.in/products/metal-louvers/louver-canopy-facade,https://woodenmax.in/images/products/Window%20Price%20Per%20Sqft/sliding-window-price-range-india-1200.webp,,in stock,45870.00 INR,,new,Woodenmax,,,no,Hardware > Building Materials,Home & Garden > metal-louvers,metal-louvers,IN::Standard:0.00 INR,,metal-louvers,luxury,package,standard-size-package,2026
louver-canopy-facade-4-5x2fl-notrapf2,Pipe / duct shaft 4.5 ft wide × 2 floor (24 ft) | Woodenmax,Z louvers only · 1.5 mm Z louver · 12 ft/floor · Live rates. Live package rate from WoodenMax calculator. GST 18% extra. Hyderabad factory. India-wide supply. Configure custom sizes on product page.,https://woodenmax.in/products/metal-louvers/louver-canopy-facade,https://woodenmax.in/images/products/Window%20Price%20Per%20Sqft/sliding-window-price-range-india-1200.webp,,in stock,68139.00 INR,,new,Woodenmax,,,no,Hardware > Building Materials,Home & Garden > metal-louvers,metal-louvers,IN::Standard:0.00 INR,,metal-louvers,luxury,package,standard-size-package,2026
louver-canopy-facade-4-5x2fl-trapf2,Pipe / duct shaft 4.5 ft wide × 2 floor (24 ft) · louver-canopy-facade | Woodenmax,Z louvers + 1 trap door per floor · 1.5 mm Z louver · 12 ft/floor · Live rates. Live package rate from WoodenMax calculator. GST 18% extra. Hyderabad factory. India-wide supply. Configure custom sizes on product page.,https://woodenmax.in/products/metal-louvers/louver-canopy-facade,https://woodenmax.in/images/products/Window%20Price%20Per%20Sqft/sliding-window-price-range-india-1200.webp,,in stock,91739.00 INR,,new,Woodenmax,,,no,Hardware > Building Materials,Home & Garden > metal-louvers,metal-louvers,IN::Standard:0.00 INR,,metal-louvers,luxury,package,standard-size-package,2026
louver-canopy-facade-4-5x3fl-notrapf3,Pipe / duct shaft 4.5 ft wide × 3 floor (36 ft) | Woodenmax,Z louvers only · 1.5 mm Z louver · 12 ft/floor · Live rates. Live package rate from WoodenMax calculator. GST 18% extra. Hyderabad factory. India-wide supply. Configure custom sizes on product page.,https://woodenmax.in/products/metal-louvers/louver-canopy-facade,https://woodenmax.in/images/products/Window%20Price%20Per%20Sqft/sliding-window-price-range-india-1200.webp,,in stock,102209.00 INR,,new,Woodenmax,,,no,Hardware > Building Materials,Home & Garden > metal-louvers,metal-louvers,IN::Standard:0.00 INR,,metal-louvers,luxury,package,standard-size-package,2026
louver-canopy-facade-4-5x3fl-trapf3,Pipe / duct shaft 4.5 ft wide × 3 floor (36 ft) · louver-canopy-facade | Woodenmax,Z louvers + 1 trap door per floor · 1.5 mm Z louver · 12 ft/floor · Live rates. Live package rate from WoodenMax calculator. GST 18% extra. Hyderabad factory. India-wide supply. Configure custom sizes on product page.,https://woodenmax.in/products/metal-louvers/louver-canopy-facade,https://woodenmax.in/images/products/Window%20Price%20Per%20Sqft/sliding-window-price-range-india-1200.webp,,in stock,137609.00 INR,,new,Woodenmax,,,no,Hardware > Building Materials,Home & Garden > metal-louvers,metal-louvers,IN::Standard:0.00 INR,,metal-louvers,luxury,package,standard-size-package,2026
louver-canopy-facade-4-5x4fl-notrapf4,Pipe / duct shaft 4.5 ft wide × 4 floor (48 ft) | Woodenmax,Z louvers only · 1.5 mm Z louver · 12 ft/floor · Live rates. Live package rate from WoodenMax calculator. GST 18% extra. Hyderabad factory. India-wide supply. Configure custom sizes on product page.,https://woodenmax.in/products/metal-louvers/louver-canopy-facade,https://woodenmax.in/images/products/Window%20Price%20Per%20Sqft/sliding-window-price-range-india-1200.webp,,in stock,136278.00 INR,,new,Woodenmax,,,no,Hardware > Building Materials,Home & Garden > metal-louvers,metal-louvers,IN::Standard:0.00 INR,,metal-louvers,luxury,package,standard-size-package,2026
louver-canopy-facade-4-5x4fl-trapf4,Pipe / duct shaft 4.5 ft wide × 4 floor (48 ft) · louver-canopy-facade | Woodenmax,Z louvers + 1 trap door per floor · 1.5 mm Z louver · 12 ft/floor · Live rates. Live package rate from WoodenMax calculator. GST 18% extra. Hyderabad factory. India-wide supply. Configure custom sizes on product page.,https://woodenmax.in/products/metal-louvers/louver-canopy-facade,https://woodenmax.in/images/products/Window%20Price%20Per%20Sqft/sliding-window-price-range-india-1200.webp,,in stock,183478.00 INR,,new,Woodenmax,,,no,Hardware > Building Materials,Home & Garden > metal-louvers,metal-louvers,IN::Standard:0.00 INR,,metal-louvers,luxury,package,standard-size-package,2026
louver-canopy-facade-4-5x5fl-notrapf5,Pipe / duct shaft 4.5 ft wide × 5 floor (60 ft) | Woodenmax,Z louvers only · 1.5 mm Z louver · 12 ft/floor · Live rates. Live package rate from WoodenMax calculator. GST 18% extra. Hyderabad factory. India-wide supply. Configure custom sizes on product page.,https://woodenmax.in/products/metal-louvers/louver-canopy-facade,https://woodenmax.in/images/products/Window%20Price%20Per%20Sqft/sliding-window-price-range-india-1200.webp,,in stock,170348.00 INR,,new,Woodenmax,,,no,Hardware > Building Materials,Home & Garden > metal-louvers,metal-louvers,IN::Standard:0.00 INR,,metal-louvers,luxury,package,standard-size-package,2026
louver-canopy-facade-4-5x5fl-trapf5,Pipe / duct shaft 4.5 ft wide × 5 floor (60 ft) · louver-canopy-facade | Woodenmax,Z louvers + 1 trap door per floor · 1.5 mm Z louver · 12 ft/floor · Live rates. Live package rate from WoodenMax calculator. GST 18% extra. Hyderabad factory. India-wide supply. Configure custom sizes on product page.,https://woodenmax.in/products/metal-louvers/louver-canopy-facade,https://woodenmax.in/images/products/Window%20Price%20Per%20Sqft/sliding-window-price-range-india-1200.webp,,in stock,229348.00 INR,,new,Woodenmax,,,no,Hardware > Building Materials,Home & Garden > metal-louvers,metal-louvers,IN::Standard:0.00 INR,,metal-louvers,luxury,package,standard-size-package,2026
frameless-shower-partition-4x7-hinged,Frameless Shower Partition 4×7 ft Hinged 2.5 ft Door · 10mm · Frameless | Woodenmax,Hinged 2.5 ft door + 1.5 ft fixed · 10mm clear toughened · Straight. Live package rate from WoodenMax calculator. GST 18% extra. Hyderabad factory. India-wide supply. Configure custom sizes on product page.,https://woodenmax.in/products/shower-partitions/frameless-shower-partition,https://woodenmax.in/images/products/Glass%20Shower%20Partition%20Price/glass-shower-partition-modern-bathroom-1200.webp,,in stock,17677.00 INR,,new,Woodenmax,,,no,Hardware > Building Materials,Home & Garden > shower-partitions,shower-partitions,IN::Standard:0.00 INR,,shower-partitions,luxury,package,standard-size-package,2026
frameless-shower-partition-4x7-sliding,Frameless Shower Partition 4×7 ft Sliding Half-Half · 10mm · Frameless | Woodenmax,Sliding half–half (2 + 2 ft) · 10mm clear toughened · Straight. Live package rate from WoodenMax calculator. GST 18% extra. Hyderabad factory. India-wide supply. Configure custom sizes on product page.,https://woodenmax.in/products/shower-partitions/frameless-shower-partition,https://woodenmax.in/images/products/Glass%20Shower%20Partition%20Price/glass-shower-partition-modern-bathroom-1200.webp,,in stock,22374.00 INR,,new,Woodenmax,,,no,Hardware > Building Materials,Home & Garden > shower-partitions,shower-partitions,IN::Standard:0.00 INR,,shower-partitions,luxury,package,standard-size-package,2026
frameless-shower-partition-5x7-hinged,Frameless Shower Partition 5×7 ft Hinged 2.5 ft Door · 10mm · Frameless | Woodenmax,Hinged 2.5 ft door + 2.5 ft fixed · 10mm clear toughened · Straight. Live package rate from WoodenMax calculator. GST 18% extra. Hyderabad factory. India-wide supply. Configure custom sizes on product page.,https://woodenmax.in/products/shower-partitions/frameless-shower-partition,https://woodenmax.in/images/products/Glass%20Shower%20Partition%20Price/glass-shower-partition-modern-bathroom-1200.webp,,in stock,20796.00 INR,,new,Woodenmax,,,no,Hardware > Building Materials,Home & Garden > shower-partitions,shower-partitions,IN::Standard:0.00 INR,,shower-partitions,luxury,package,standard-size-package,2026
frameless-shower-partition-5x7-sliding,Frameless Shower Partition 5×7 ft Sliding Half-Half · 10mm · Frameless | Woodenmax,Sliding half–half (2.5 + 2.5 ft) · 10mm clear toughened · Straight. Live package rate from WoodenMax calculator. GST 18% extra. Hyderabad factory. India-wide supply. Configure custom sizes on product page.,https://woodenmax.in/products/shower-partitions/frameless-shower-partition,https://woodenmax.in/images/products/Glass%20Shower%20Partition%20Price/glass-shower-partition-modern-bathroom-1200.webp,,in stock,26378.00 INR,,new,Woodenmax,,,no,Hardware > Building Materials,Home & Garden > shower-partitions,shower-partitions,IN::Standard:0.00 INR,,shower-partitions,luxury,package,standard-size-package,2026
frameless-shower-partition-6x7-hinged,Frameless Shower Partition 6×7 ft Hinged 2.5 ft Door · 10mm · Frameless | Woodenmax,Hinged 2.5 ft door + 3.5 ft fixed · 10mm clear toughened · Straight. Live package rate from WoodenMax calculator. GST 18% extra. Hyderabad factory. India-wide supply. Configure custom sizes on product page.,https://woodenmax.in/products/shower-partitions/frameless-shower-partition,https://woodenmax.in/images/products/Glass%20Shower%20Partition%20Price/glass-shower-partition-modern-bathroom-1200.webp,,in stock,23914.00 INR,,new,Woodenmax,,,no,Hardware > Building Materials,Home & Garden > shower-partitions,shower-partitions,IN::Standard:0.00 INR,,shower-partitions,luxury,package,standard-size-package,2026
frameless-shower-partition-6x7-sliding,Frameless Shower Partition 6×7 ft Sliding Half-Half · 10mm · Frameless | Woodenmax,Sliding half–half (3 + 3 ft) · 10mm clear toughened · Straight. Live package rate from WoodenMax calculator. GST 18% extra. Hyderabad factory. India-wide supply. Configure custom sizes on product page.,https://woodenmax.in/products/shower-partitions/frameless-shower-partition,https://woodenmax.in/images/products/Glass%20Shower%20Partition%20Price/glass-shower-partition-modern-bathroom-1200.webp,,in stock,30382.00 INR,,new,Woodenmax,,,no,Hardware > Building Materials,Home & Garden > shower-partitions,shower-partitions,IN::Standard:0.00 INR,,shower-partitions,luxury,package,standard-size-package,2026
frameless-shower-partition-7x7-hinged,Frameless Shower Partition 7×7 ft Hinged 2.5 ft Door · 10mm · Frameless | Woodenmax,Hinged 2.5 ft door + 4.5 ft fixed · 10mm clear toughened · Straight. Live package rate from WoodenMax calculator. GST 18% extra. Hyderabad factory. India-wide supply. Configure custom sizes on product page.,https://woodenmax.in/products/shower-partitions/frameless-shower-partition,https://woodenmax.in/images/products/Glass%20Shower%20Partition%20Price/glass-shower-partition-modern-bathroom-1200.webp,,in stock,27033.00 INR,,new,Woodenmax,,,no,Hardware > Building Materials,Home & Garden > shower-partitions,shower-partitions,IN::Standard:0.00 INR,,shower-partitions,luxury,package,standard-size-package,2026
frameless-shower-partition-7x7-sliding,Frameless Shower Partition 7×7 ft Sliding Half-Half · 10mm · Frameless | Woodenmax,Sliding half–half (3.5 + 3.5 ft) · 10mm clear toughened · Straight. Live package rate from WoodenMax calculator. GST 18% extra. Hyderabad factory. India-wide supply. Configure custom sizes on product page.,https://woodenmax.in/products/shower-partitions/frameless-shower-partition,https://woodenmax.in/images/products/Glass%20Shower%20Partition%20Price/glass-shower-partition-modern-bathroom-1200.webp,,in stock,34386.00 INR,,new,Woodenmax,,,no,Hardware > Building Materials,Home & Garden > shower-partitions,shower-partitions,IN::Standard:0.00 INR,,shower-partitions,luxury,package,standard-size-package,2026
premium-black-profile-shower-4x7-hinged,Black Profile Shower Partition 4×7 ft Hinged 2.5 ft Door · 10mm · With Profile | Woodenmax,Hinged 2.5 ft door + 1.5 ft fixed · 10mm clear toughened · Straight. Live package rate from WoodenMax calculator. GST 18% extra. Hyderabad factory. India-wide supply. Configure custom sizes on product page.,https://woodenmax.in/products/shower-partitions/premium-black-profile-shower,https://woodenmax.in/images/products/Glass%20Shower%20Partition%20Price/glass-shower-partition-modern-bathroom-1200.webp,,in stock,28334.00 INR,,new,Woodenmax,,,no,Hardware > Building Materials,Home & Garden > shower-partitions,shower-partitions,IN::Standard:0.00 INR,,shower-partitions,luxury,package,standard-size-package,2026
premium-black-profile-shower-5x7-hinged,Black Profile Shower Partition 5×7 ft Hinged 2.5 ft Door · 10mm · With Profile | Woodenmax,Hinged 2.5 ft door + 2.5 ft fixed · 10mm clear toughened · Straight. Live package rate from WoodenMax calculator. GST 18% extra. Hyderabad factory. India-wide supply. Configure custom sizes on product page.,https://woodenmax.in/products/shower-partitions/premium-black-profile-shower,https://woodenmax.in/images/products/Glass%20Shower%20Partition%20Price/glass-shower-partition-modern-bathroom-1200.webp,,in stock,34117.00 INR,,new,Woodenmax,,,no,Hardware > Building Materials,Home & Garden > shower-partitions,shower-partitions,IN::Standard:0.00 INR,,shower-partitions,luxury,package,standard-size-package,2026
premium-black-profile-shower-6x7-hinged,Black Profile Shower Partition 6×7 ft Hinged 2.5 ft Door · 10mm · With Profile | Woodenmax,Hinged 2.5 ft door + 3.5 ft fixed · 10mm clear toughened · Straight. Live package rate from WoodenMax calculator. GST 18% extra. Hyderabad factory. India-wide supply. Configure custom sizes on product page.,https://woodenmax.in/products/shower-partitions/premium-black-profile-shower,https://woodenmax.in/images/products/Glass%20Shower%20Partition%20Price/glass-shower-partition-modern-bathroom-1200.webp,,in stock,39899.00 INR,,new,Woodenmax,,,no,Hardware > Building Materials,Home & Garden > shower-partitions,shower-partitions,IN::Standard:0.00 INR,,shower-partitions,luxury,package,standard-size-package,2026
premium-black-profile-shower-7x7-hinged,Black Profile Shower Partition 7×7 ft Hinged 2.5 ft Door · 10mm · With Profile | Woodenmax,Hinged 2.5 ft door + 4.5 ft fixed · 10mm clear toughened · Straight. Live package rate from WoodenMax calculator. GST 18% extra. Hyderabad factory. India-wide supply. Configure custom sizes on product page.,https://woodenmax.in/products/shower-partitions/premium-black-profile-shower,https://woodenmax.in/images/products/Glass%20Shower%20Partition%20Price/glass-shower-partition-modern-bathroom-1200.webp,,in stock,45682.00 INR,,new,Woodenmax,,,no,Hardware > Building Materials,Home & Garden > shower-partitions,shower-partitions,IN::Standard:0.00 INR,,shower-partitions,luxury,package,standard-size-package,2026
black-profile-shower-partition-4x7-sliding,Black Profile Sliding Shower 4×7 ft Sliding Half-Half · 10mm · With Profile | Woodenmax,Sliding half–half (2 + 2 ft) · 10mm clear toughened · Straight. Live package rate from WoodenMax calculator. GST 18% extra. Hyderabad factory. India-wide supply. Configure custom sizes on product page.,https://woodenmax.in/products/shower-partitions/black-profile-shower-partition,https://woodenmax.in/images/products/Glass%20Shower%20Partition%20Price/glass-shower-partition-modern-bathroom-1200.webp,,in stock,30644.00 INR,,new,Woodenmax,,,no,Hardware > Building Materials,Home & Garden > shower-partitions,shower-partitions,IN::Standard:0.00 INR,,shower-partitions,luxury,package,standard-size-package,2026
black-profile-shower-partition-5x7-sliding,Black Profile Sliding Shower 5×7 ft Sliding Half-Half · 10mm · With Profile | Woodenmax,Sliding half–half (2.5 + 2.5 ft) · 10mm clear toughened · Straight. Live package rate from WoodenMax calculator. GST 18% extra. Hyderabad factory. India-wide supply. Configure custom sizes on product page.,https://woodenmax.in/products/shower-partitions/black-profile-shower-partition,https://woodenmax.in/images/products/Glass%20Shower%20Partition%20Price/glass-shower-partition-modern-bathroom-1200.webp,,in stock,36427.00 INR,,new,Woodenmax,,,no,Hardware > Building Materials,Home & Garden > shower-partitions,shower-partitions,IN::Standard:0.00 INR,,shower-partitions,luxury,package,standard-size-package,2026
black-profile-shower-partition-6x7-sliding,Black Profile Sliding Shower 6×7 ft Sliding Half-Half · 10mm · With Profile | Woodenmax,Sliding half–half (3 + 3 ft) · 10mm clear toughened · Straight. Live package rate from WoodenMax calculator. GST 18% extra. Hyderabad factory. India-wide supply. Configure custom sizes on product page.,https://woodenmax.in/products/shower-partitions/black-profile-shower-partition,https://woodenmax.in/images/products/Glass%20Shower%20Partition%20Price/glass-shower-partition-modern-bathroom-1200.webp,,in stock,42209.00 INR,,new,Woodenmax,,,no,Hardware > Building Materials,Home & Garden > shower-partitions,shower-partitions,IN::Standard:0.00 INR,,shower-partitions,luxury,package,standard-size-package,2026
black-profile-shower-partition-7x7-sliding,Black Profile Sliding Shower 7×7 ft Sliding Half-Half · 10mm · With Profile | Woodenmax,Sliding half–half (3.5 + 3.5 ft) · 10mm clear toughened · Straight. Live package rate from WoodenMax calculator. GST 18% extra. Hyderabad factory. India-wide supply. Configure custom sizes on product page.,https://woodenmax.in/products/shower-partitions/black-profile-shower-partition,https://woodenmax.in/images/products/Glass%20Shower%20Partition%20Price/glass-shower-partition-modern-bathroom-1200.webp,,in stock,47992.00 INR,,new,Woodenmax,,,no,Hardware > Building Materials,Home & Garden > shower-partitions,shower-partitions,IN::Standard:0.00 INR,,shower-partitions,luxury,package,standard-size-package,2026
frosted-glass-bathroom-door-4x7-fold-slide,Fold & Slide Bathroom Door 4×7 ft Fold & Slide · 10mm | Woodenmax,Fold & slide · 10mm clear toughened · Straight. Live package rate from WoodenMax calculator. GST 18% extra. Hyderabad factory. India-wide supply. Configure custom sizes on product page.,https://woodenmax.in/products/shower-partitions/frosted-glass-bathroom-door,https://woodenmax.in/images/products/Glass%20Shower%20Partition%20Price/glass-shower-partition-modern-bathroom-1200.webp,,in stock,55546.00 INR,,new,Woodenmax,,,no,Hardware > Building Materials,Home & Garden > shower-partitions,shower-partitions,IN::Standard:0.00 INR,,shower-partitions,luxury,package,standard-size-package,2026
frosted-glass-bathroom-door-5x7-fold-slide,Fold & Slide Bathroom Door 5×7 ft Fold & Slide · 10mm | Woodenmax,Fold & slide · 10mm clear toughened · Straight. Live package rate from WoodenMax calculator. GST 18% extra. Hyderabad factory. India-wide supply. Configure custom sizes on product page.,https://woodenmax.in/products/shower-partitions/frosted-glass-bathroom-door,https://woodenmax.in/images/products/Glass%20Shower%20Partition%20Price/glass-shower-partition-modern-bathroom-1200.webp,,in stock,66688.00 INR,,new,Woodenmax,,,no,Hardware > Building Materials,Home & Garden > shower-partitions,shower-partitions,IN::Standard:0.00 INR,,shower-partitions,luxury,package,standard-size-package,2026
frosted-glass-bathroom-door-6x7-fold-slide,Fold & Slide Bathroom Door 6×7 ft Fold & Slide · 10mm | Woodenmax,Fold & slide · 10mm clear toughened · Straight. Live package rate from WoodenMax calculator. GST 18% extra. Hyderabad factory. India-wide supply. Configure custom sizes on product page.,https://woodenmax.in/products/shower-partitions/frosted-glass-bathroom-door,https://woodenmax.in/images/products/Glass%20Shower%20Partition%20Price/glass-shower-partition-modern-bathroom-1200.webp,,in stock,77829.00 INR,,new,Woodenmax,,,no,Hardware > Building Materials,Home & Garden > shower-partitions,shower-partitions,IN::Standard:0.00 INR,,shower-partitions,luxury,package,standard-size-package,2026
frosted-glass-bathroom-door-7x7-fold-slide,Fold & Slide Bathroom Door 7×7 ft Fold & Slide · 10mm | Woodenmax,Fold & slide · 10mm clear toughened · Straight. Live package rate from WoodenMax calculator. GST 18% extra. Hyderabad factory. India-wide supply. Configure custom sizes on product page.,https://woodenmax.in/products/shower-partitions/frosted-glass-bathroom-door,https://woodenmax.in/images/products/Glass%20Shower%20Partition%20Price/glass-shower-partition-modern-bathroom-1200.webp,,in stock,88971.00 INR,,new,Woodenmax,,,no,Hardware > Building Materials,Home & Garden > shower-partitions,shower-partitions,IN::Standard:0.00 INR,,shower-partitions,luxury,package,standard-size-package,2026
slim-gold-profile-fluted-shower-4x7-hinged,Gold Profile Shower Partition 4×7 ft Hinged 2.5 ft Door · 10mm · With Profile | Woodenmax,Hinged 2.5 ft door + 1.5 ft fixed · 10mm clear toughened · Straight. Live package rate from WoodenMax calculator. GST 18% extra. Hyderabad factory. India-wide supply. Configure custom sizes on product page.,https://woodenmax.in/products/shower-partitions/slim-frame-shower-partition,https://woodenmax.in/images/products/Glass%20Shower%20Partition%20Price/glass-shower-partition-modern-bathroom-1200.webp,,in stock,38914.00 INR,,new,Woodenmax,,,no,Hardware > Building Materials,Home & Garden > shower-partitions,shower-partitions,IN::Standard:0.00 INR,,shower-partitions,luxury,package,standard-size-package,2026
slim-gold-profile-fluted-shower-4x7-sliding,Gold Profile Shower Partition 4×7 ft Sliding Half-Half · 10mm · With Profile | Woodenmax,Sliding half–half (2 + 2 ft) · 10mm clear toughened · Straight. Live package rate from WoodenMax calculator. GST 18% extra. Hyderabad factory. India-wide supply. Configure custom sizes on product page.,https://woodenmax.in/products/shower-partitions/slim-frame-shower-partition,https://woodenmax.in/images/products/Glass%20Shower%20Partition%20Price/glass-shower-partition-modern-bathroom-1200.webp,,in stock,38914.00 INR,,new,Woodenmax,,,no,Hardware > Building Materials,Home & Garden > shower-partitions,shower-partitions,IN::Standard:0.00 INR,,shower-partitions,luxury,package,standard-size-package,2026
slim-gold-profile-fluted-shower-5x7-hinged,Gold Profile Shower Partition 5×7 ft Hinged 2.5 ft Door · 10mm · With Profile | Woodenmax,Hinged 2.5 ft door + 2.5 ft fixed · 10mm clear toughened · Straight. Live package rate from WoodenMax calculator. GST 18% extra. Hyderabad factory. India-wide supply. Configure custom sizes on product page.,https://woodenmax.in/products/shower-partitions/slim-frame-shower-partition,https://woodenmax.in/images/products/Glass%20Shower%20Partition%20Price/glass-shower-partition-modern-bathroom-1200.webp,,in stock,46475.00 INR,,new,Woodenmax,,,no,Hardware > Building Materials,Home & Garden > shower-partitions,shower-partitions,IN::Standard:0.00 INR,,shower-partitions,luxury,package,standard-size-package,2026
slim-gold-profile-fluted-shower-5x7-sliding,Gold Profile Shower Partition 5×7 ft Sliding Half-Half · 10mm · With Profile | Woodenmax,Sliding half–half (2.5 + 2.5 ft) · 10mm clear toughened · Straight. Live package rate from WoodenMax calculator. GST 18% extra. Hyderabad factory. India-wide supply. Configure custom sizes on product page.,https://woodenmax.in/products/shower-partitions/slim-frame-shower-partition,https://woodenmax.in/images/products/Glass%20Shower%20Partition%20Price/glass-shower-partition-modern-bathroom-1200.webp,,in stock,46475.00 INR,,new,Woodenmax,,,no,Hardware > Building Materials,Home & Garden > shower-partitions,shower-partitions,IN::Standard:0.00 INR,,shower-partitions,luxury,package,standard-size-package,2026
slim-gold-profile-fluted-shower-6x7-hinged,Gold Profile Shower Partition 6×7 ft Hinged 2.5 ft Door · 10mm · With Profile | Woodenmax,Hinged 2.5 ft door + 3.5 ft fixed · 10mm clear toughened · Straight. Live package rate from WoodenMax calculator. GST 18% extra. Hyderabad factory. India-wide supply. Configure custom sizes on product page.,https://woodenmax.in/products/shower-partitions/slim-frame-shower-partition,https://woodenmax.in/images/products/Glass%20Shower%20Partition%20Price/glass-shower-partition-modern-bathroom-1200.webp,,in stock,54036.00 INR,,new,Woodenmax,,,no,Hardware > Building Materials,Home & Garden > shower-partitions,shower-partitions,IN::Standard:0.00 INR,,shower-partitions,luxury,package,standard-size-package,2026
slim-gold-profile-fluted-shower-6x7-sliding,Gold Profile Shower Partition 6×7 ft Sliding Half-Half · 10mm · With Profile | Woodenmax,Sliding half–half (3 + 3 ft) · 10mm clear toughened · Straight. Live package rate from WoodenMax calculator. GST 18% extra. Hyderabad factory. India-wide supply. Configure custom sizes on product page.,https://woodenmax.in/products/shower-partitions/slim-frame-shower-partition,https://woodenmax.in/images/products/Glass%20Shower%20Partition%20Price/glass-shower-partition-modern-bathroom-1200.webp,,in stock,54036.00 INR,,new,Woodenmax,,,no,Hardware > Building Materials,Home & Garden > shower-partitions,shower-partitions,IN::Standard:0.00 INR,,shower-partitions,luxury,package,standard-size-package,2026
slim-gold-profile-fluted-shower-7x7-hinged,Gold Profile Shower Partition 7×7 ft Hinged 2.5 ft Door · 10mm · With Profile | Woodenmax,Hinged 2.5 ft door + 4.5 ft fixed · 10mm clear toughened · Straight. Live package rate from WoodenMax calculator. GST 18% extra. Hyderabad factory. India-wide supply. Configure custom sizes on product page.,https://woodenmax.in/products/shower-partitions/slim-frame-shower-partition,https://woodenmax.in/images/products/Glass%20Shower%20Partition%20Price/glass-shower-partition-modern-bathroom-1200.webp,,in stock,61598.00 INR,,new,Woodenmax,,,no,Hardware > Building Materials,Home & Garden > shower-partitions,shower-partitions,IN::Standard:0.00 INR,,shower-partitions,luxury,package,standard-size-package,2026
slim-gold-profile-fluted-shower-7x7-sliding,Gold Profile Shower Partition 7×7 ft Sliding Half-Half · 10mm · With Profile | Woodenmax,Sliding half–half (3.5 + 3.5 ft) · 10mm clear toughened · Straight. Live package rate from WoodenMax calculator. GST 18% extra. Hyderabad factory. India-wide supply. Configure custom sizes on product page.,https://woodenmax.in/products/shower-partitions/slim-frame-shower-partition,https://woodenmax.in/images/products/Glass%20Shower%20Partition%20Price/glass-shower-partition-modern-bathroom-1200.webp,,in stock,61598.00 INR,,new,Woodenmax,,,no,Hardware > Building Materials,Home & Garden > shower-partitions,shower-partitions,IN::Standard:0.00 INR,,shower-partitions,luxury,package,standard-size-package,2026
hpl-exterior-cladding-100sqft-std,HPL Exterior Cladding & Ceiling 10×10 ft (100 sq.ft) | Woodenmax,Facade elevation band · Supply + typical install · Live rate from products.json. Live package rate from WoodenMax calculator. GST 18% extra. Hyderabad factory. India-wide supply. Configure custom sizes on product page.,https://woodenmax.in/products/elevation-cladding/hpl-exterior-cladding,https://woodenmax.in/images/products/Window%20Price%20Per%20Sqft/sliding-window-price-range-india-1200.webp,,in stock,57200.00 INR,,new,Woodenmax,,,no,Hardware > Building Materials,Home & Garden > elevation-cladding,elevation-cladding,IN::Standard:0.00 INR,,elevation-cladding,luxury,package,standard-size-package,2026
hpl-exterior-cladding-120sqft-std,HPL Exterior Cladding & Ceiling 12×10 ft (120 sq.ft) | Woodenmax,Facade elevation band · Supply + typical install · Live rate from products.json. Live package rate from WoodenMax calculator. GST 18% extra. Hyderabad factory. India-wide supply. Configure custom sizes on product page.,https://woodenmax.in/products/elevation-cladding/hpl-exterior-cladding,https://woodenmax.in/images/products/Window%20Price%20Per%20Sqft/sliding-window-price-range-india-1200.webp,,in stock,68640.00 INR,,new,Woodenmax,,,no,Hardware > Building Materials,Home & Garden > elevation-cladding,elevation-cladding,IN::Standard:0.00 INR,,elevation-cladding,luxury,package,standard-size-package,2026
hpl-exterior-cladding-180sqft-std,HPL Exterior Cladding & Ceiling 15×12 ft (180 sq.ft) | Woodenmax,Facade elevation band · Supply + typical install · Live rate from products.json. Live package rate from WoodenMax calculator. GST 18% extra. Hyderabad factory. India-wide supply. Configure custom sizes on product page.,https://woodenmax.in/products/elevation-cladding/hpl-exterior-cladding,https://woodenmax.in/images/products/Window%20Price%20Per%20Sqft/sliding-window-price-range-india-1200.webp,,in stock,102960.00 INR,,new,Woodenmax,,,no,Hardware > Building Materials,Home & Garden > elevation-cladding,elevation-cladding,IN::Standard:0.00 INR,,elevation-cladding,luxury,package,standard-size-package,2026
hpl-exterior-cladding-240sqft-std,HPL Exterior Cladding & Ceiling 20×12 ft (240 sq.ft) | Woodenmax,Facade elevation band · Supply + typical install · Live rate from products.json. Live package rate from WoodenMax calculator. GST 18% extra. Hyderabad factory. India-wide supply. Configure custom sizes on product page.,https://woodenmax.in/products/elevation-cladding/hpl-exterior-cladding,https://woodenmax.in/images/products/Window%20Price%20Per%20Sqft/sliding-window-price-range-india-1200.webp,,in stock,137280.00 INR,,new,Woodenmax,,,no,Hardware > Building Materials,Home & Garden > elevation-cladding,elevation-cladding,IN::Standard:0.00 INR,,elevation-cladding,luxury,package,standard-size-package,2026
hpl-exterior-cladding-375sqft-std,HPL Exterior Cladding & Ceiling 25×15 ft (375 sq.ft) | Woodenmax,Facade elevation band · Supply + typical install · Live rate from products.json. Live package rate from WoodenMax calculator. GST 18% extra. Hyderabad factory. India-wide supply. Configure custom sizes on product page.,https://woodenmax.in/products/elevation-cladding/hpl-exterior-cladding,https://woodenmax.in/images/products/Window%20Price%20Per%20Sqft/sliding-window-price-range-india-1200.webp,,in stock,214500.00 INR,,new,Woodenmax,,,no,Hardware > Building Materials,Home & Garden > elevation-cladding,elevation-cladding,IN::Standard:0.00 INR,,elevation-cladding,luxury,package,standard-size-package,2026
acp-elevation-100sqft-std,ACP Elevation Cladding 10×10 ft (100 sq.ft) | Woodenmax,Facade elevation band · Supply + typical install · Live rate from products.json. Live package rate from WoodenMax calculator. GST 18% extra. Hyderabad factory. India-wide supply. Configure custom sizes on product page.,https://woodenmax.in/products/elevation-cladding/hpl-acp-elevation-cladding,https://woodenmax.in/images/products/Window%20Price%20Per%20Sqft/sliding-window-price-range-india-1200.webp,,in stock,39490.00 INR,,new,Woodenmax,,,no,Hardware > Building Materials,Home & Garden > elevation-cladding,elevation-cladding,IN::Standard:0.00 INR,,elevation-cladding,luxury,package,standard-size-package,2026
acp-elevation-120sqft-std,ACP Elevation Cladding 12×10 ft (120 sq.ft) | Woodenmax,Facade elevation band · Supply + typical install · Live rate from products.json. Live package rate from WoodenMax calculator. GST 18% extra. Hyderabad factory. India-wide supply. Configure custom sizes on product page.,https://woodenmax.in/products/elevation-cladding/hpl-acp-elevation-cladding,https://woodenmax.in/images/products/Window%20Price%20Per%20Sqft/sliding-window-price-range-india-1200.webp,,in stock,47388.00 INR,,new,Woodenmax,,,no,Hardware > Building Materials,Home & Garden > elevation-cladding,elevation-cladding,IN::Standard:0.00 INR,,elevation-cladding,luxury,package,standard-size-package,2026
acp-elevation-180sqft-std,ACP Elevation Cladding 15×12 ft (180 sq.ft) | Woodenmax,Facade elevation band · Supply + typical install · Live rate from products.json. Live package rate from WoodenMax calculator. GST 18% extra. Hyderabad factory. India-wide supply. Configure custom sizes on product page.,https://woodenmax.in/products/elevation-cladding/hpl-acp-elevation-cladding,https://woodenmax.in/images/products/Window%20Price%20Per%20Sqft/sliding-window-price-range-india-1200.webp,,in stock,71082.00 INR,,new,Woodenmax,,,no,Hardware > Building Materials,Home & Garden > elevation-cladding,elevation-cladding,IN::Standard:0.00 INR,,elevation-cladding,luxury,package,standard-size-package,2026
acp-elevation-240sqft-std,ACP Elevation Cladding 20×12 ft (240 sq.ft) | Woodenmax,Facade elevation band · Supply + typical install · Live rate from products.json. Live package rate from WoodenMax calculator. GST 18% extra. Hyderabad factory. India-wide supply. Configure custom sizes on product page.,https://woodenmax.in/products/elevation-cladding/hpl-acp-elevation-cladding,https://woodenmax.in/images/products/Window%20Price%20Per%20Sqft/sliding-window-price-range-india-1200.webp,,in stock,94776.00 INR,,new,Woodenmax,,,no,Hardware > Building Materials,Home & Garden > elevation-cladding,elevation-cladding,IN::Standard:0.00 INR,,elevation-cladding,luxury,package,standard-size-package,2026
acp-elevation-375sqft-std,ACP Elevation Cladding 25×15 ft (375 sq.ft) | Woodenmax,Facade elevation band · Supply + typical install · Live rate from products.json. Live package rate from WoodenMax calculator. GST 18% extra. Hyderabad factory. India-wide supply. Configure custom sizes on product page.,https://woodenmax.in/products/elevation-cladding/hpl-acp-elevation-cladding,https://woodenmax.in/images/products/Window%20Price%20Per%20Sqft/sliding-window-price-range-india-1200.webp,,in stock,148088.00 INR,,new,Woodenmax,,,no,Hardware > Building Materials,Home & Garden > elevation-cladding,elevation-cladding,IN::Standard:0.00 INR,,elevation-cladding,luxury,package,standard-size-package,2026
glass-railing-balcony-8x2-std,Balcony Glass Railing System 2 ft glass × 8 ft run · 12mm | Woodenmax,121×45 heavy bottom rail · parapet wall · Glass area 16.0 sq.ft · Live calculator rate. Live package rate from WoodenMax calculator. GST 18% extra. Hyderabad factory. India-wide supply. Configure custom sizes on product page.,https://woodenmax.in/products/glass-railing/balcony-glass-railing,https://woodenmax.in/images/products/Window%20Price%20Per%20Sqft/sliding-window-price-range-india-1200.webp,,in stock,17171.00 INR,,new,Woodenmax,,,no,Hardware > Building Materials,Home & Garden > glass-railing,glass-railing,IN::Standard:0.00 INR,,glass-railing,luxury,package,standard-size-package,2026
glass-railing-balcony-8x2-5-std,Balcony Glass Railing System 2.5 ft glass × 8 ft run · 12mm | Woodenmax,121×45 heavy bottom rail · parapet wall · Glass area 20.0 sq.ft · Live calculator rate. Live package rate from WoodenMax calculator. GST 18% extra. Hyderabad factory. India-wide supply. Configure custom sizes on product page.,https://woodenmax.in/products/glass-railing/balcony-glass-railing,https://woodenmax.in/images/products/Window%20Price%20Per%20Sqft/sliding-window-price-range-india-1200.webp,,in stock,18443.00 INR,,new,Woodenmax,,,no,Hardware > Building Materials,Home & Garden > glass-railing,glass-railing,IN::Standard:0.00 INR,,glass-railing,luxury,package,standard-size-package,2026
glass-railing-balcony-8x3-std,Balcony Glass Railing System 3 ft glass × 8 ft run · 12mm | Woodenmax,121×45 heavy bottom rail · parapet wall · Glass area 24.0 sq.ft · Live calculator rate. Live package rate from WoodenMax calculator. GST 18% extra. Hyderabad factory. India-wide supply. Configure custom sizes on product page.,https://woodenmax.in/products/glass-railing/balcony-glass-railing,https://woodenmax.in/images/products/Window%20Price%20Per%20Sqft/sliding-window-price-range-india-1200.webp,,in stock,19714.00 INR,,new,Woodenmax,,,no,Hardware > Building Materials,Home & Garden > glass-railing,glass-railing,IN::Standard:0.00 INR,,glass-railing,luxury,package,standard-size-package,2026
glass-railing-balcony-8x3-5-std,Balcony Glass Railing System 3.5 ft glass × 8 ft run · 12mm | Woodenmax,121×45 heavy bottom rail · parapet wall · Glass area 28.0 sq.ft · Live calculator rate. Live package rate from WoodenMax calculator. GST 18% extra. Hyderabad factory. India-wide supply. Configure custom sizes on product page.,https://woodenmax.in/products/glass-railing/balcony-glass-railing,https://woodenmax.in/images/products/Window%20Price%20Per%20Sqft/sliding-window-price-range-india-1200.webp,,in stock,20986.00 INR,,new,Woodenmax,,,no,Hardware > Building Materials,Home & Garden > glass-railing,glass-railing,IN::Standard:0.00 INR,,glass-railing,luxury,package,standard-size-package,2026
glass-railing-balcony-8x4-std,Balcony Glass Railing System 4 ft commercial × 8 ft · 12mm | Woodenmax,Commercial facade (no parapet) · 121×45 heavy bottom · 4 ft glass height. Live package rate from WoodenMax calculator. GST 18% extra. Hyderabad factory. India-wide supply. Configure custom sizes on product page.,https://woodenmax.in/products/glass-railing/balcony-glass-railing,https://woodenmax.in/images/products/Window%20Price%20Per%20Sqft/sliding-window-price-range-india-1200.webp,,in stock,22258.00 INR,,new,Woodenmax,,,no,Hardware > Building Materials,Home & Garden > glass-railing,glass-railing,IN::Standard:0.00 INR,,glass-railing,luxury,package,standard-size-package,2026
glass-railing-balcony-10x2-std,Balcony Glass Railing System 2 ft glass × 10 ft run · 12mm | Woodenmax,121×45 heavy bottom rail · parapet wall · Glass area 20.0 sq.ft · Live calculator rate. Live package rate from WoodenMax calculator. GST 18% extra. Hyderabad factory. India-wide supply. Configure custom sizes on product page.,https://woodenmax.in/products/glass-railing/balcony-glass-railing,https://woodenmax.in/images/products/Window%20Price%20Per%20Sqft/sliding-window-price-range-india-1200.webp,,in stock,21464.00 INR,,new,Woodenmax,,,no,Hardware > Building Materials,Home & Garden > glass-railing,glass-railing,IN::Standard:0.00 INR,,glass-railing,luxury,package,standard-size-package,2026
glass-railing-balcony-10x2-5-std,Balcony Glass Railing System 2.5 ft glass × 10 ft run · 12mm | Woodenmax,121×45 heavy bottom rail · parapet wall · Glass area 25.0 sq.ft · Live calculator rate. Live package rate from WoodenMax calculator. GST 18% extra. Hyderabad factory. India-wide supply. Configure custom sizes on product page.,https://woodenmax.in/products/glass-railing/balcony-glass-railing,https://woodenmax.in/images/products/Window%20Price%20Per%20Sqft/sliding-window-price-range-india-1200.webp,,in stock,23054.00 INR,,new,Woodenmax,,,no,Hardware > Building Materials,Home & Garden > glass-railing,glass-railing,IN::Standard:0.00 INR,,glass-railing,luxury,package,standard-size-package,2026
glass-railing-balcony-10x3-std,Balcony Glass Railing System 3 ft glass × 10 ft run · 12mm | Woodenmax,121×45 heavy bottom rail · parapet wall · Glass area 30.0 sq.ft · Live calculator rate. Live package rate from WoodenMax calculator. GST 18% extra. Hyderabad factory. India-wide supply. Configure custom sizes on product page.,https://woodenmax.in/products/glass-railing/balcony-glass-railing,https://woodenmax.in/images/products/Window%20Price%20Per%20Sqft/sliding-window-price-range-india-1200.webp,,in stock,24643.00 INR,,new,Woodenmax,,,no,Hardware > Building Materials,Home & Garden > glass-railing,glass-railing,IN::Standard:0.00 INR,,glass-railing,luxury,package,standard-size-package,2026
glass-railing-balcony-10x3-5-std,Balcony Glass Railing System 3.5 ft glass × 10 ft run · 12mm | Woodenmax,121×45 heavy bottom rail · parapet wall · Glass area 35.0 sq.ft · Live calculator rate. Live package rate from WoodenMax calculator. GST 18% extra. Hyderabad factory. India-wide supply. Configure custom sizes on product page.,https://woodenmax.in/products/glass-railing/balcony-glass-railing,https://woodenmax.in/images/products/Window%20Price%20Per%20Sqft/sliding-window-price-range-india-1200.webp,,in stock,26233.00 INR,,new,Woodenmax,,,no,Hardware > Building Materials,Home & Garden > glass-railing,glass-railing,IN::Standard:0.00 INR,,glass-railing,luxury,package,standard-size-package,2026
glass-railing-balcony-10x4-std,Balcony Glass Railing System 4 ft commercial × 10 ft · 12mm | Woodenmax,Commercial facade (no parapet) · 121×45 heavy bottom · 4 ft glass height. Live package rate from WoodenMax calculator. GST 18% extra. Hyderabad factory. India-wide supply. Configure custom sizes on product page.,https://woodenmax.in/products/glass-railing/balcony-glass-railing,https://woodenmax.in/images/products/Window%20Price%20Per%20Sqft/sliding-window-price-range-india-1200.webp,,in stock,27822.00 INR,,new,Woodenmax,,,no,Hardware > Building Materials,Home & Garden > glass-railing,glass-railing,IN::Standard:0.00 INR,,glass-railing,luxury,package,standard-size-package,2026
glass-railing-balcony-12x2-std,Balcony Glass Railing System 2 ft glass × 12 ft run · 12mm | Woodenmax,121×45 heavy bottom rail · parapet wall · Glass area 24.0 sq.ft · Live calculator rate. Live package rate from WoodenMax calculator. GST 18% extra. Hyderabad factory. India-wide supply. Configure custom sizes on product page.,https://woodenmax.in/products/glass-railing/balcony-glass-railing,https://woodenmax.in/images/products/Window%20Price%20Per%20Sqft/sliding-window-price-range-india-1200.webp,,in stock,25757.00 INR,,new,Woodenmax,,,no,Hardware > Building Materials,Home & Garden > glass-railing,glass-railing,IN::Standard:0.00 INR,,glass-railing,luxury,package,standard-size-package,2026
glass-railing-balcony-12x2-5-std,Balcony Glass Railing System 2.5 ft glass × 12 ft run · 12mm | Woodenmax,121×45 heavy bottom rail · parapet wall · Glass area 30.0 sq.ft · Live calculator rate. Live package rate from WoodenMax calculator. GST 18% extra. Hyderabad factory. India-wide supply. Configure custom sizes on product page.,https://woodenmax.in/products/glass-railing/balcony-glass-railing,https://woodenmax.in/images/products/Window%20Price%20Per%20Sqft/sliding-window-price-range-india-1200.webp,,in stock,27664.00 INR,,new,Woodenmax,,,no,Hardware > Building Materials,Home & Garden > glass-railing,glass-railing,IN::Standard:0.00 INR,,glass-railing,luxury,package,standard-size-package,2026
glass-railing-balcony-12x3-std,Balcony Glass Railing System 3 ft glass × 12 ft run · 12mm | Woodenmax,121×45 heavy bottom rail · parapet wall · Glass area 36.0 sq.ft · Live calculator rate. Live package rate from WoodenMax calculator. GST 18% extra. Hyderabad factory. India-wide supply. Configure custom sizes on product page.,https://woodenmax.in/products/glass-railing/balcony-glass-railing,https://woodenmax.in/images/products/Window%20Price%20Per%20Sqft/sliding-window-price-range-india-1200.webp,,in stock,29572.00 INR,,new,Woodenmax,,,no,Hardware > Building Materials,Home & Garden > glass-railing,glass-railing,IN::Standard:0.00 INR,,glass-railing,luxury,package,standard-size-package,2026
glass-railing-balcony-12x3-5-std,Balcony Glass Railing System 3.5 ft glass × 12 ft run · 12mm | Woodenmax,121×45 heavy bottom rail · parapet wall · Glass area 42.0 sq.ft · Live calculator rate. Live package rate from WoodenMax calculator. GST 18% extra. Hyderabad factory. India-wide supply. Configure custom sizes on product page.,https://woodenmax.in/products/glass-railing/balcony-glass-railing,https://woodenmax.in/images/products/Window%20Price%20Per%20Sqft/sliding-window-price-range-india-1200.webp,,in stock,31479.00 INR,,new,Woodenmax,,,no,Hardware > Building Materials,Home & Garden > glass-railing,glass-railing,IN::Standard:0.00 INR,,glass-railing,luxury,package,standard-size-package,2026
glass-railing-balcony-12x4-std,Balcony Glass Railing System 4 ft commercial × 12 ft · 12mm | Woodenmax,Commercial facade (no parapet) · 121×45 heavy bottom · 4 ft glass height. Live package rate from WoodenMax calculator. GST 18% extra. Hyderabad factory. India-wide supply. Configure custom sizes on product page.,https://woodenmax.in/products/glass-railing/balcony-glass-railing,https://woodenmax.in/images/products/Window%20Price%20Per%20Sqft/sliding-window-price-range-india-1200.webp,,in stock,33386.00 INR,,new,Woodenmax,,,no,Hardware > Building Materials,Home & Garden > glass-railing,glass-railing,IN::Standard:0.00 INR,,glass-railing,luxury,package,standard-size-package,2026
glass-railing-balcony-14x2-std,Balcony Glass Railing System 2 ft glass × 14 ft run · 12mm | Woodenmax,121×45 heavy bottom rail · parapet wall · Glass area 28.0 sq.ft · Live calculator rate. Live package rate from WoodenMax calculator. GST 18% extra. Hyderabad factory. India-wide supply. Configure custom sizes on product page.,https://woodenmax.in/products/glass-railing/balcony-glass-railing,https://woodenmax.in/images/products/Window%20Price%20Per%20Sqft/sliding-window-price-range-india-1200.webp,,in stock,30050.00 INR,,new,Woodenmax,,,no,Hardware > Building Materials,Home & Garden > glass-railing,glass-railing,IN::Standard:0.00 INR,,glass-railing,luxury,package,standard-size-package,2026
glass-railing-balcony-14x2-5-std,Balcony Glass Railing System 2.5 ft glass × 14 ft run · 12mm | Woodenmax,121×45 heavy bottom rail · parapet wall · Glass area 35.0 sq.ft · Live calculator rate. Live package rate from WoodenMax calculator. GST 18% extra. Hyderabad factory. India-wide supply. Configure custom sizes on product page.,https://woodenmax.in/products/glass-railing/balcony-glass-railing,https://woodenmax.in/images/products/Window%20Price%20Per%20Sqft/sliding-window-price-range-india-1200.webp,,in stock,32275.00 INR,,new,Woodenmax,,,no,Hardware > Building Materials,Home & Garden > glass-railing,glass-railing,IN::Standard:0.00 INR,,glass-railing,luxury,package,standard-size-package,2026
glass-railing-balcony-14x3-std,Balcony Glass Railing System 3 ft glass × 14 ft run · 12mm | Woodenmax,121×45 heavy bottom rail · parapet wall · Glass area 42.0 sq.ft · Live calculator rate. Live package rate from WoodenMax calculator. GST 18% extra. Hyderabad factory. India-wide supply. Configure custom sizes on product page.,https://woodenmax.in/products/glass-railing/balcony-glass-railing,https://woodenmax.in/images/products/Window%20Price%20Per%20Sqft/sliding-window-price-range-india-1200.webp,,in stock,34500.00 INR,,new,Woodenmax,,,no,Hardware > Building Materials,Home & Garden > glass-railing,glass-railing,IN::Standard:0.00 INR,,glass-railing,luxury,package,standard-size-package,2026
glass-railing-balcony-14x3-5-std,Balcony Glass Railing System 3.5 ft glass × 14 ft run · 12mm | Woodenmax,121×45 heavy bottom rail · parapet wall · Glass area 49.0 sq.ft · Live calculator rate. Live package rate from WoodenMax calculator. GST 18% extra. Hyderabad factory. India-wide supply. Configure custom sizes on product page.,https://woodenmax.in/products/glass-railing/balcony-glass-railing,https://woodenmax.in/images/products/Window%20Price%20Per%20Sqft/sliding-window-price-range-india-1200.webp,,in stock,36726.00 INR,,new,Woodenmax,,,no,Hardware > Building Materials,Home & Garden > glass-railing,glass-railing,IN::Standard:0.00 INR,,glass-railing,luxury,package,standard-size-package,2026
glass-railing-balcony-14x4-std,Balcony Glass Railing System 4 ft commercial × 14 ft · 12mm | Woodenmax,Commercial facade (no parapet) · 121×45 heavy bottom · 4 ft glass height. Live package rate from WoodenMax calculator. GST 18% extra. Hyderabad factory. India-wide supply. Configure custom sizes on product page.,https://woodenmax.in/products/glass-railing/balcony-glass-railing,https://woodenmax.in/images/products/Window%20Price%20Per%20Sqft/sliding-window-price-range-india-1200.webp,,in stock,38951.00 INR,,new,Woodenmax,,,no,Hardware > Building Materials,Home & Garden > glass-railing,glass-railing,IN::Standard:0.00 INR,,glass-railing,luxury,package,standard-size-package,2026
glass-railing-balcony-16x2-std,Balcony Glass Railing System 2 ft glass × 16 ft run · 12mm | Woodenmax,121×45 heavy bottom rail · parapet wall · Glass area 32.0 sq.ft · Live calculator rate. Live package rate from WoodenMax calculator. GST 18% extra. Hyderabad factory. India-wide supply. Configure custom sizes on product page.,https://woodenmax.in/products/glass-railing/balcony-glass-railing,https://woodenmax.in/images/products/Window%20Price%20Per%20Sqft/sliding-window-price-range-india-1200.webp,,in stock,34342.00 INR,,new,Woodenmax,,,no,Hardware > Building Materials,Home & Garden > glass-railing,glass-railing,IN::Standard:0.00 INR,,glass-railing,luxury,package,standard-size-package,2026
glass-railing-balcony-16x2-5-std,Balcony Glass Railing System 2.5 ft glass × 16 ft run · 12mm | Woodenmax,121×45 heavy bottom rail · parapet wall · Glass area 40.0 sq.ft · Live calculator rate. Live package rate from WoodenMax calculator. GST 18% extra. Hyderabad factory. India-wide supply. Configure custom sizes on product page.,https://woodenmax.in/products/glass-railing/balcony-glass-railing,https://woodenmax.in/images/products/Window%20Price%20Per%20Sqft/sliding-window-price-range-india-1200.webp,,in stock,36886.00 INR,,new,Woodenmax,,,no,Hardware > Building Materials,Home & Garden > glass-railing,glass-railing,IN::Standard:0.00 INR,,glass-railing,luxury,package,standard-size-package,2026
glass-railing-balcony-16x3-std,Balcony Glass Railing System 3 ft glass × 16 ft run · 12mm | Woodenmax,121×45 heavy bottom rail · parapet wall · Glass area 48.0 sq.ft · Live calculator rate. Live package rate from WoodenMax calculator. GST 18% extra. Hyderabad factory. India-wide supply. Configure custom sizes on product page.,https://woodenmax.in/products/glass-railing/balcony-glass-railing,https://woodenmax.in/images/products/Window%20Price%20Per%20Sqft/sliding-window-price-range-india-1200.webp,,in stock,39429.00 INR,,new,Woodenmax,,,no,Hardware > Building Materials,Home & Garden > glass-railing,glass-railing,IN::Standard:0.00 INR,,glass-railing,luxury,package,standard-size-package,2026
glass-railing-balcony-16x3-5-std,Balcony Glass Railing System 3.5 ft glass × 16 ft run · 12mm | Woodenmax,121×45 heavy bottom rail · parapet wall · Glass area 56.0 sq.ft · Live calculator rate. Live package rate from WoodenMax calculator. GST 18% extra. Hyderabad factory. India-wide supply. Configure custom sizes on product page.,https://woodenmax.in/products/glass-railing/balcony-glass-railing,https://woodenmax.in/images/products/Window%20Price%20Per%20Sqft/sliding-window-price-range-india-1200.webp,,in stock,41972.00 INR,,new,Woodenmax,,,no,Hardware > Building Materials,Home & Garden > glass-railing,glass-railing,IN::Standard:0.00 INR,,glass-railing,luxury,package,standard-size-package,2026
glass-railing-balcony-16x4-std,Balcony Glass Railing System 4 ft commercial × 16 ft · 12mm | Woodenmax,Commercial facade (no parapet) · 121×45 heavy bottom · 4 ft glass height. Live package rate from WoodenMax calculator. GST 18% extra. Hyderabad factory. India-wide supply. Configure custom sizes on product page.,https://woodenmax.in/products/glass-railing/balcony-glass-railing,https://woodenmax.in/images/products/Window%20Price%20Per%20Sqft/sliding-window-price-range-india-1200.webp,,in stock,44515.00 INR,,new,Woodenmax,,,no,Hardware > Building Materials,Home & Garden > glass-railing,glass-railing,IN::Standard:0.00 INR,,glass-railing,luxury,package,standard-size-package,2026
glass-railing-balcony-18x2-std,Balcony Glass Railing System 2 ft glass × 18 ft run · 12mm | Woodenmax,121×45 heavy bottom rail · parapet wall · Glass area 36.0 sq.ft · Live calculator rate. Live package rate from WoodenMax calculator. GST 18% extra. Hyderabad factory. India-wide supply. Configure custom sizes on product page.,https://woodenmax.in/products/glass-railing/balcony-glass-railing,https://woodenmax.in/images/products/Window%20Price%20Per%20Sqft/sliding-window-price-range-india-1200.webp,,in stock,38635.00 INR,,new,Woodenmax,,,no,Hardware > Building Materials,Home & Garden > glass-railing,glass-railing,IN::Standard:0.00 INR,,glass-railing,luxury,package,standard-size-package,2026
glass-railing-balcony-18x2-5-std,Balcony Glass Railing System 2.5 ft glass × 18 ft run · 12mm | Woodenmax,121×45 heavy bottom rail · parapet wall · Glass area 45.0 sq.ft · Live calculator rate. Live package rate from WoodenMax calculator. GST 18% extra. Hyderabad factory. India-wide supply. Configure custom sizes on product page.,https://woodenmax.in/products/glass-railing/balcony-glass-railing,https://woodenmax.in/images/products/Window%20Price%20Per%20Sqft/sliding-window-price-range-india-1200.webp,,in stock,41496.00 INR,,new,Woodenmax,,,no,Hardware > Building Materials,Home & Garden > glass-railing,glass-railing,IN::Standard:0.00 INR,,glass-railing,luxury,package,standard-size-package,2026
glass-railing-balcony-18x3-std,Balcony Glass Railing System 3 ft glass × 18 ft run · 12mm | Woodenmax,121×45 heavy bottom rail · parapet wall · Glass area 54.0 sq.ft · Live calculator rate. Live package rate from WoodenMax calculator. GST 18% extra. Hyderabad factory. India-wide supply. Configure custom sizes on product page.,https://woodenmax.in/products/glass-railing/balcony-glass-railing,https://woodenmax.in/images/products/Window%20Price%20Per%20Sqft/sliding-window-price-range-india-1200.webp,,in stock,44357.00 INR,,new,Woodenmax,,,no,Hardware > Building Materials,Home & Garden > glass-railing,glass-railing,IN::Standard:0.00 INR,,glass-railing,luxury,package,standard-size-package,2026
glass-railing-balcony-18x3-5-std,Balcony Glass Railing System 3.5 ft glass × 18 ft run · 12mm | Woodenmax,121×45 heavy bottom rail · parapet wall · Glass area 63.0 sq.ft · Live calculator rate. Live package rate from WoodenMax calculator. GST 18% extra. Hyderabad factory. India-wide supply. Configure custom sizes on product page.,https://woodenmax.in/products/glass-railing/balcony-glass-railing,https://woodenmax.in/images/products/Window%20Price%20Per%20Sqft/sliding-window-price-range-india-1200.webp,,in stock,47219.00 INR,,new,Woodenmax,,,no,Hardware > Building Materials,Home & Garden > glass-railing,glass-railing,IN::Standard:0.00 INR,,glass-railing,luxury,package,standard-size-package,2026
glass-railing-balcony-18x4-std,Balcony Glass Railing System 4 ft commercial × 18 ft · 12mm | Woodenmax,Commercial facade (no parapet) · 121×45 heavy bottom · 4 ft glass height. Live package rate from WoodenMax calculator. GST 18% extra. Hyderabad factory. India-wide supply. Configure custom sizes on product page.,https://woodenmax.in/products/glass-railing/balcony-glass-railing,https://woodenmax.in/images/products/Window%20Price%20Per%20Sqft/sliding-window-price-range-india-1200.webp,,in stock,50080.00 INR,,new,Woodenmax,,,no,Hardware > Building Materials,Home & Garden > glass-railing,glass-railing,IN::Standard:0.00 INR,,glass-railing,luxury,package,standard-size-package,2026
glass-railing-balcony-20x2-std,Balcony Glass Railing System 2 ft glass × 20 ft run · 12mm | Woodenmax,121×45 heavy bottom rail · parapet wall · Glass area 40.0 sq.ft · Live calculator rate. Live package rate from WoodenMax calculator. GST 18% extra. Hyderabad factory. India-wide supply. Configure custom sizes on product page.,https://woodenmax.in/products/glass-railing/balcony-glass-railing,https://woodenmax.in/images/products/Window%20Price%20Per%20Sqft/sliding-window-price-range-india-1200.webp,,in stock,42928.00 INR,,new,Woodenmax,,,no,Hardware > Building Materials,Home & Garden > glass-railing,glass-railing,IN::Standard:0.00 INR,,glass-railing,luxury,package,standard-size-package,2026
glass-railing-balcony-20x2-5-std,Balcony Glass Railing System 2.5 ft glass × 20 ft run · 12mm | Woodenmax,121×45 heavy bottom rail · parapet wall · Glass area 50.0 sq.ft · Live calculator rate. Live package rate from WoodenMax calculator. GST 18% extra. Hyderabad factory. India-wide supply. Configure custom sizes on product page.,https://woodenmax.in/products/glass-railing/balcony-glass-railing,https://woodenmax.in/images/products/Window%20Price%20Per%20Sqft/sliding-window-price-range-india-1200.webp,,in stock,46107.00 INR,,new,Woodenmax,,,no,Hardware > Building Materials,Home & Garden > glass-railing,glass-railing,IN::Standard:0.00 INR,,glass-railing,luxury,package,standard-size-package,2026
glass-railing-balcony-20x3-std,Balcony Glass Railing System 3 ft glass × 20 ft run · 12mm | Woodenmax,121×45 heavy bottom rail · parapet wall · Glass area 60.0 sq.ft · Live calculator rate. Live package rate from WoodenMax calculator. GST 18% extra. Hyderabad factory. India-wide supply. Configure custom sizes on product page.,https://woodenmax.in/products/glass-railing/balcony-glass-railing,https://woodenmax.in/images/products/Window%20Price%20Per%20Sqft/sliding-window-price-range-india-1200.webp,,in stock,49286.00 INR,,new,Woodenmax,,,no,Hardware > Building Materials,Home & Garden > glass-railing,glass-railing,IN::Standard:0.00 INR,,glass-railing,luxury,package,standard-size-package,2026
glass-railing-balcony-20x3-5-std,Balcony Glass Railing System 3.5 ft glass × 20 ft run · 12mm | Woodenmax,121×45 heavy bottom rail · parapet wall · Glass area 70.0 sq.ft · Live calculator rate. Live package rate from WoodenMax calculator. GST 18% extra. Hyderabad factory. India-wide supply. Configure custom sizes on product page.,https://woodenmax.in/products/glass-railing/balcony-glass-railing,https://woodenmax.in/images/products/Window%20Price%20Per%20Sqft/sliding-window-price-range-india-1200.webp,,in stock,52465.00 INR,,new,Woodenmax,,,no,Hardware > Building Materials,Home & Garden > glass-railing,glass-railing,IN::Standard:0.00 INR,,glass-railing,luxury,package,standard-size-package,2026
glass-railing-balcony-20x4-std,Balcony Glass Railing System 4 ft commercial × 20 ft · 12mm | Woodenmax,Commercial facade (no parapet) · 121×45 heavy bottom · 4 ft glass height. Live package rate from WoodenMax calculator. GST 18% extra. Hyderabad factory. India-wide supply. Configure custom sizes on product page.,https://woodenmax.in/products/glass-railing/balcony-glass-railing,https://woodenmax.in/images/products/Window%20Price%20Per%20Sqft/sliding-window-price-range-india-1200.webp,,in stock,55644.00 INR,,new,Woodenmax,,,no,Hardware > Building Materials,Home & Garden > glass-railing,glass-railing,IN::Standard:0.00 INR,,glass-railing,luxury,package,standard-size-package,2026
glass-railing-staircase-8x2-std,Staircase Glass Railing System 2 ft glass × 8 ft run · 12mm | Woodenmax,SS pillar on treads · 25×25 handrail · Glass area 16.0 sq.ft · Live calculator rate. Live package rate from WoodenMax calculator. GST 18% extra. Hyderabad factory. India-wide supply. Configure custom sizes on product page.,https://woodenmax.in/products/glass-railing/staircase-glass-railing,https://woodenmax.in/images/products/Window%20Price%20Per%20Sqft/sliding-window-price-range-india-1200.webp,,in stock,13348.00 INR,,new,Woodenmax,,,no,Hardware > Building Materials,Home & Garden > glass-railing,glass-railing,IN::Standard:0.00 INR,,glass-railing,luxury,package,standard-size-package,2026
glass-railing-staircase-8x2-5-std,Staircase Glass Railing System 2.5 ft glass × 8 ft run · 12mm | Woodenmax,SS pillar on treads · 25×25 handrail · Glass area 20.0 sq.ft · Live calculator rate. Live package rate from WoodenMax calculator. GST 18% extra. Hyderabad factory. India-wide supply. Configure custom sizes on product page.,https://woodenmax.in/products/glass-railing/staircase-glass-railing,https://woodenmax.in/images/products/Window%20Price%20Per%20Sqft/sliding-window-price-range-india-1200.webp,,in stock,14874.00 INR,,new,Woodenmax,,,no,Hardware > Building Materials,Home & Garden > glass-railing,glass-railing,IN::Standard:0.00 INR,,glass-railing,luxury,package,standard-size-package,2026
glass-railing-staircase-8x3-std,Staircase Glass Railing System 3 ft glass × 8 ft run · 12mm | Woodenmax,SS pillar on treads · 25×25 handrail · Glass area 24.0 sq.ft · Live calculator rate. Live package rate from WoodenMax calculator. GST 18% extra. Hyderabad factory. India-wide supply. Configure custom sizes on product page.,https://woodenmax.in/products/glass-railing/staircase-glass-railing,https://woodenmax.in/images/products/Window%20Price%20Per%20Sqft/sliding-window-price-range-india-1200.webp,,in stock,16400.00 INR,,new,Woodenmax,,,no,Hardware > Building Materials,Home & Garden > glass-railing,glass-railing,IN::Standard:0.00 INR,,glass-railing,luxury,package,standard-size-package,2026
glass-railing-staircase-8x3-5-std,Staircase Glass Railing System 3.5 ft glass × 8 ft run · 12mm | Woodenmax,SS pillar on treads · 25×25 handrail · Glass area 28.0 sq.ft · Live calculator rate. Live package rate from WoodenMax calculator. GST 18% extra. Hyderabad factory. India-wide supply. Configure custom sizes on product page.,https://woodenmax.in/products/glass-railing/staircase-glass-railing,https://woodenmax.in/images/products/Window%20Price%20Per%20Sqft/sliding-window-price-range-india-1200.webp,,in stock,17926.00 INR,,new,Woodenmax,,,no,Hardware > Building Materials,Home & Garden > glass-railing,glass-railing,IN::Standard:0.00 INR,,glass-railing,luxury,package,standard-size-package,2026
glass-railing-staircase-10x2-std,Staircase Glass Railing System 2 ft glass × 10 ft run · 12mm | Woodenmax,SS pillar on treads · 25×25 handrail · Glass area 20.0 sq.ft · Live calculator rate. Live package rate from WoodenMax calculator. GST 18% extra. Hyderabad factory. India-wide supply. Configure custom sizes on product page.,https://woodenmax.in/products/glass-railing/staircase-glass-railing,https://woodenmax.in/images/products/Window%20Price%20Per%20Sqft/sliding-window-price-range-india-1200.webp,,in stock,15986.00 INR,,new,Woodenmax,,,no,Hardware > Building Materials,Home & Garden > glass-railing,glass-railing,IN::Standard:0.00 INR,,glass-railing,luxury,package,standard-size-package,2026
glass-railing-staircase-10x2-5-std,Staircase Glass Railing System 2.5 ft glass × 10 ft run · 12mm | Woodenmax,SS pillar on treads · 25×25 handrail · Glass area 25.0 sq.ft · Live calculator rate. Live package rate from WoodenMax calculator. GST 18% extra. Hyderabad factory. India-wide supply. Configure custom sizes on product page.,https://woodenmax.in/products/glass-railing/staircase-glass-railing,https://woodenmax.in/images/products/Window%20Price%20Per%20Sqft/sliding-window-price-range-india-1200.webp,,in stock,17893.00 INR,,new,Woodenmax,,,no,Hardware > Building Materials,Home & Garden > glass-railing,glass-railing,IN::Standard:0.00 INR,,glass-railing,luxury,package,standard-size-package,2026
glass-railing-staircase-10x3-std,Staircase Glass Railing System 3 ft glass × 10 ft run · 12mm | Woodenmax,SS pillar on treads · 25×25 handrail · Glass area 30.0 sq.ft · Live calculator rate. Live package rate from WoodenMax calculator. GST 18% extra. Hyderabad factory. India-wide supply. Configure custom sizes on product page.,https://woodenmax.in/products/glass-railing/staircase-glass-railing,https://woodenmax.in/images/products/Window%20Price%20Per%20Sqft/sliding-window-price-range-india-1200.webp,,in stock,19801.00 INR,,new,Woodenmax,,,no,Hardware > Building Materials,Home & Garden > glass-railing,glass-railing,IN::Standard:0.00 INR,,glass-railing,luxury,package,standard-size-package,2026
glass-railing-staircase-10x3-5-std,Staircase Glass Railing System 3.5 ft glass × 10 ft run · 12mm | Woodenmax,SS pillar on treads · 25×25 handrail · Glass area 35.0 sq.ft · Live calculator rate. Live package rate from WoodenMax calculator. GST 18% extra. Hyderabad factory. India-wide supply. Configure custom sizes on product page.,https://woodenmax.in/products/glass-railing/staircase-glass-railing,https://woodenmax.in/images/products/Window%20Price%20Per%20Sqft/sliding-window-price-range-india-1200.webp,,in stock,21708.00 INR,,new,Woodenmax,,,no,Hardware > Building Materials,Home & Garden > glass-railing,glass-railing,IN::Standard:0.00 INR,,glass-railing,luxury,package,standard-size-package,2026
glass-railing-staircase-12x2-std,Staircase Glass Railing System 2 ft glass × 12 ft run · 12mm | Woodenmax,SS pillar on treads · 25×25 handrail · Glass area 24.0 sq.ft · Live calculator rate. Live package rate from WoodenMax calculator. GST 18% extra. Hyderabad factory. India-wide supply. Configure custom sizes on product page.,https://woodenmax.in/products/glass-railing/staircase-glass-railing,https://woodenmax.in/images/products/Window%20Price%20Per%20Sqft/sliding-window-price-range-india-1200.webp,,in stock,19323.00 INR,,new,Woodenmax,,,no,Hardware > Building Materials,Home & Garden > glass-railing,glass-railing,IN::Standard:0.00 INR,,glass-railing,luxury,package,standard-size-package,2026
glass-railing-staircase-12x2-5-std,Staircase Glass Railing System 2.5 ft glass × 12 ft run · 12mm | Woodenmax,SS pillar on treads · 25×25 handrail · Glass area 30.0 sq.ft · Live calculator rate. Live package rate from WoodenMax calculator. GST 18% extra. Hyderabad factory. India-wide supply. Configure custom sizes on product page.,https://woodenmax.in/products/glass-railing/staircase-glass-railing,https://woodenmax.in/images/products/Window%20Price%20Per%20Sqft/sliding-window-price-range-india-1200.webp,,in stock,21612.00 INR,,new,Woodenmax,,,no,Hardware > Building Materials,Home & Garden > glass-railing,glass-railing,IN::Standard:0.00 INR,,glass-railing,luxury,package,standard-size-package,2026
glass-railing-staircase-12x3-std,Staircase Glass Railing System 3 ft glass × 12 ft run · 12mm | Woodenmax,SS pillar on treads · 25×25 handrail · Glass area 36.0 sq.ft · Live calculator rate. Live package rate from WoodenMax calculator. GST 18% extra. Hyderabad factory. India-wide supply. Configure custom sizes on product page.,https://woodenmax.in/products/glass-railing/staircase-glass-railing,https://woodenmax.in/images/products/Window%20Price%20Per%20Sqft/sliding-window-price-range-india-1200.webp,,in stock,23901.00 INR,,new,Woodenmax,,,no,Hardware > Building Materials,Home & Garden > glass-railing,glass-railing,IN::Standard:0.00 INR,,glass-railing,luxury,package,standard-size-package,2026
glass-railing-staircase-12x3-5-std,Staircase Glass Railing System 3.5 ft glass × 12 ft run · 12mm | Woodenmax,SS pillar on treads · 25×25 handrail · Glass area 42.0 sq.ft · Live calculator rate. Live package rate from WoodenMax calculator. GST 18% extra. Hyderabad factory. India-wide supply. Configure custom sizes on product page.,https://woodenmax.in/products/glass-railing/staircase-glass-railing,https://woodenmax.in/images/products/Window%20Price%20Per%20Sqft/sliding-window-price-range-india-1200.webp,,in stock,26190.00 INR,,new,Woodenmax,,,no,Hardware > Building Materials,Home & Garden > glass-railing,glass-railing,IN::Standard:0.00 INR,,glass-railing,luxury,package,standard-size-package,2026
glass-railing-staircase-14x2-std,Staircase Glass Railing System 2 ft glass × 14 ft run · 12mm | Woodenmax,SS pillar on treads · 25×25 handrail · Glass area 28.0 sq.ft · Live calculator rate. Live package rate from WoodenMax calculator. GST 18% extra. Hyderabad factory. India-wide supply. Configure custom sizes on product page.,https://woodenmax.in/products/glass-railing/staircase-glass-railing,https://woodenmax.in/images/products/Window%20Price%20Per%20Sqft/sliding-window-price-range-india-1200.webp,,in stock,22660.00 INR,,new,Woodenmax,,,no,Hardware > Building Materials,Home & Garden > glass-railing,glass-railing,IN::Standard:0.00 INR,,glass-railing,luxury,package,standard-size-package,2026
glass-railing-staircase-14x2-5-std,Staircase Glass Railing System 2.5 ft glass × 14 ft run · 12mm | Woodenmax,SS pillar on treads · 25×25 handrail · Glass area 35.0 sq.ft · Live calculator rate. Live package rate from WoodenMax calculator. GST 18% extra. Hyderabad factory. India-wide supply. Configure custom sizes on product page.,https://woodenmax.in/products/glass-railing/staircase-glass-railing,https://woodenmax.in/images/products/Window%20Price%20Per%20Sqft/sliding-window-price-range-india-1200.webp,,in stock,25331.00 INR,,new,Woodenmax,,,no,Hardware > Building Materials,Home & Garden > glass-railing,glass-railing,IN::Standard:0.00 INR,,glass-railing,luxury,package,standard-size-package,2026
glass-railing-staircase-14x3-std,Staircase Glass Railing System 3 ft glass × 14 ft run · 12mm | Woodenmax,SS pillar on treads · 25×25 handrail · Glass area 42.0 sq.ft · Live calculator rate. Live package rate from WoodenMax calculator. GST 18% extra. Hyderabad factory. India-wide supply. Configure custom sizes on product page.,https://woodenmax.in/products/glass-railing/staircase-glass-railing,https://woodenmax.in/images/products/Window%20Price%20Per%20Sqft/sliding-window-price-range-india-1200.webp,,in stock,28001.00 INR,,new,Woodenmax,,,no,Hardware > Building Materials,Home & Garden > glass-railing,glass-railing,IN::Standard:0.00 INR,,glass-railing,luxury,package,standard-size-package,2026
glass-railing-staircase-14x3-5-std,Staircase Glass Railing System 3.5 ft glass × 14 ft run · 12mm | Woodenmax,SS pillar on treads · 25×25 handrail · Glass area 49.0 sq.ft · Live calculator rate. Live package rate from WoodenMax calculator. GST 18% extra. Hyderabad factory. India-wide supply. Configure custom sizes on product page.,https://woodenmax.in/products/glass-railing/staircase-glass-railing,https://woodenmax.in/images/products/Window%20Price%20Per%20Sqft/sliding-window-price-range-india-1200.webp,,in stock,30671.00 INR,,new,Woodenmax,,,no,Hardware > Building Materials,Home & Garden > glass-railing,glass-railing,IN::Standard:0.00 INR,,glass-railing,luxury,package,standard-size-package,2026
glass-railing-staircase-16x2-std,Staircase Glass Railing System 2 ft glass × 16 ft run · 12mm | Woodenmax,SS pillar on treads · 25×25 handrail · Glass area 32.0 sq.ft · Live calculator rate. Live package rate from WoodenMax calculator. GST 18% extra. Hyderabad factory. India-wide supply. Configure custom sizes on product page.,https://woodenmax.in/products/glass-railing/staircase-glass-railing,https://woodenmax.in/images/products/Window%20Price%20Per%20Sqft/sliding-window-price-range-india-1200.webp,,in stock,25997.00 INR,,new,Woodenmax,,,no,Hardware > Building Materials,Home & Garden > glass-railing,glass-railing,IN::Standard:0.00 INR,,glass-railing,luxury,package,standard-size-package,2026
glass-railing-staircase-16x2-5-std,Staircase Glass Railing System 2.5 ft glass × 16 ft run · 12mm | Woodenmax,SS pillar on treads · 25×25 handrail · Glass area 40.0 sq.ft · Live calculator rate. Live package rate from WoodenMax calculator. GST 18% extra. Hyderabad factory. India-wide supply. Configure custom sizes on product page.,https://woodenmax.in/products/glass-railing/staircase-glass-railing,https://woodenmax.in/images/products/Window%20Price%20Per%20Sqft/sliding-window-price-range-india-1200.webp,,in stock,29049.00 INR,,new,Woodenmax,,,no,Hardware > Building Materials,Home & Garden > glass-railing,glass-railing,IN::Standard:0.00 INR,,glass-railing,luxury,package,standard-size-package,2026
glass-railing-staircase-16x3-std,Staircase Glass Railing System 3 ft glass × 16 ft run · 12mm | Woodenmax,SS pillar on treads · 25×25 handrail · Glass area 48.0 sq.ft · Live calculator rate. Live package rate from WoodenMax calculator. GST 18% extra. Hyderabad factory. India-wide supply. Configure custom sizes on product page.,https://woodenmax.in/products/glass-railing/staircase-glass-railing,https://woodenmax.in/images/products/Window%20Price%20Per%20Sqft/sliding-window-price-range-india-1200.webp,,in stock,32101.00 INR,,new,Woodenmax,,,no,Hardware > Building Materials,Home & Garden > glass-railing,glass-railing,IN::Standard:0.00 INR,,glass-railing,luxury,package,standard-size-package,2026
glass-railing-staircase-16x3-5-std,Staircase Glass Railing System 3.5 ft glass × 16 ft run · 12mm | Woodenmax,SS pillar on treads · 25×25 handrail · Glass area 56.0 sq.ft · Live calculator rate. Live package rate from WoodenMax calculator. GST 18% extra. Hyderabad factory. India-wide supply. Configure custom sizes on product page.,https://woodenmax.in/products/glass-railing/staircase-glass-railing,https://woodenmax.in/images/products/Window%20Price%20Per%20Sqft/sliding-window-price-range-india-1200.webp,,in stock,35153.00 INR,,new,Woodenmax,,,no,Hardware > Building Materials,Home & Garden > glass-railing,glass-railing,IN::Standard:0.00 INR,,glass-railing,luxury,package,standard-size-package,2026
glass-railing-staircase-18x2-std,Staircase Glass Railing System 2 ft glass × 18 ft run · 12mm | Woodenmax,SS pillar on treads · 25×25 handrail · Glass area 36.0 sq.ft · Live calculator rate. Live package rate from WoodenMax calculator. GST 18% extra. Hyderabad factory. India-wide supply. Configure custom sizes on product page.,https://woodenmax.in/products/glass-railing/staircase-glass-railing,https://woodenmax.in/images/products/Window%20Price%20Per%20Sqft/sliding-window-price-range-india-1200.webp,,in stock,29334.00 INR,,new,Woodenmax,,,no,Hardware > Building Materials,Home & Garden > glass-railing,glass-railing,IN::Standard:0.00 INR,,glass-railing,luxury,package,standard-size-package,2026
glass-railing-staircase-18x2-5-std,Staircase Glass Railing System 2.5 ft glass × 18 ft run · 12mm | Woodenmax,SS pillar on treads · 25×25 handrail · Glass area 45.0 sq.ft · Live calculator rate. Live package rate from WoodenMax calculator. GST 18% extra. Hyderabad factory. India-wide supply. Configure custom sizes on product page.,https://woodenmax.in/products/glass-railing/staircase-glass-railing,https://woodenmax.in/images/products/Window%20Price%20Per%20Sqft/sliding-window-price-range-india-1200.webp,,in stock,32768.00 INR,,new,Woodenmax,,,no,Hardware > Building Materials,Home & Garden > glass-railing,glass-railing,IN::Standard:0.00 INR,,glass-railing,luxury,package,standard-size-package,2026
glass-railing-staircase-18x3-std,Staircase Glass Railing System 3 ft glass × 18 ft run · 12mm | Woodenmax,SS pillar on treads · 25×25 handrail · Glass area 54.0 sq.ft · Live calculator rate. Live package rate from WoodenMax calculator. GST 18% extra. Hyderabad factory. India-wide supply. Configure custom sizes on product page.,https://woodenmax.in/products/glass-railing/staircase-glass-railing,https://woodenmax.in/images/products/Window%20Price%20Per%20Sqft/sliding-window-price-range-india-1200.webp,,in stock,36201.00 INR,,new,Woodenmax,,,no,Hardware > Building Materials,Home & Garden > glass-railing,glass-railing,IN::Standard:0.00 INR,,glass-railing,luxury,package,standard-size-package,2026
glass-railing-staircase-18x3-5-std,Staircase Glass Railing System 3.5 ft glass × 18 ft run · 12mm | Woodenmax,SS pillar on treads · 25×25 handrail · Glass area 63.0 sq.ft · Live calculator rate. Live package rate from WoodenMax calculator. GST 18% extra. Hyderabad factory. India-wide supply. Configure custom sizes on product page.,https://woodenmax.in/products/glass-railing/staircase-glass-railing,https://woodenmax.in/images/products/Window%20Price%20Per%20Sqft/sliding-window-price-range-india-1200.webp,,in stock,39634.00 INR,,new,Woodenmax,,,no,Hardware > Building Materials,Home & Garden > glass-railing,glass-railing,IN::Standard:0.00 INR,,glass-railing,luxury,package,standard-size-package,2026
glass-railing-staircase-20x2-std,Staircase Glass Railing System 2 ft glass × 20 ft run · 12mm | Woodenmax,SS pillar on treads · 25×25 handrail · Glass area 40.0 sq.ft · Live calculator rate. Live package rate from WoodenMax calculator. GST 18% extra. Hyderabad factory. India-wide supply. Configure custom sizes on product page.,https://woodenmax.in/products/glass-railing/staircase-glass-railing,https://woodenmax.in/images/products/Window%20Price%20Per%20Sqft/sliding-window-price-range-india-1200.webp,,in stock,31972.00 INR,,new,Woodenmax,,,no,Hardware > Building Materials,Home & Garden > glass-railing,glass-railing,IN::Standard:0.00 INR,,glass-railing,luxury,package,standard-size-package,2026
glass-railing-staircase-20x2-5-std,Staircase Glass Railing System 2.5 ft glass × 20 ft run · 12mm | Woodenmax,SS pillar on treads · 25×25 handrail · Glass area 50.0 sq.ft · Live calculator rate. Live package rate from WoodenMax calculator. GST 18% extra. Hyderabad factory. India-wide supply. Configure custom sizes on product page.,https://woodenmax.in/products/glass-railing/staircase-glass-railing,https://woodenmax.in/images/products/Window%20Price%20Per%20Sqft/sliding-window-price-range-india-1200.webp,,in stock,35787.00 INR,,new,Woodenmax,,,no,Hardware > Building Materials,Home & Garden > glass-railing,glass-railing,IN::Standard:0.00 INR,,glass-railing,luxury,package,standard-size-package,2026
glass-railing-staircase-20x3-std,Staircase Glass Railing System 3 ft glass × 20 ft run · 12mm | Woodenmax,SS pillar on treads · 25×25 handrail · Glass area 60.0 sq.ft · Live calculator rate. Live package rate from WoodenMax calculator. GST 18% extra. Hyderabad factory. India-wide supply. Configure custom sizes on product page.,https://woodenmax.in/products/glass-railing/staircase-glass-railing,https://woodenmax.in/images/products/Window%20Price%20Per%20Sqft/sliding-window-price-range-india-1200.webp,,in stock,39602.00 INR,,new,Woodenmax,,,no,Hardware > Building Materials,Home & Garden > glass-railing,glass-railing,IN::Standard:0.00 INR,,glass-railing,luxury,package,standard-size-package,2026
glass-railing-staircase-20x3-5-std,Staircase Glass Railing System 3.5 ft glass × 20 ft run · 12mm | Woodenmax,SS pillar on treads · 25×25 handrail · Glass area 70.0 sq.ft · Live calculator rate. Live package rate from WoodenMax calculator. GST 18% extra. Hyderabad factory. India-wide supply. Configure custom sizes on product page.,https://woodenmax.in/products/glass-railing/staircase-glass-railing,https://woodenmax.in/images/products/Window%20Price%20Per%20Sqft/sliding-window-price-range-india-1200.webp,,in stock,43416.00 INR,,new,Woodenmax,,,no,Hardware > Building Materials,Home & Garden > glass-railing,glass-railing,IN::Standard:0.00 INR,,glass-railing,luxury,package,standard-size-package,2026
mirror-bevel-modular-1-5x2-std,LED Mirror 1.5×2 ft · Without Profile · Without LED | Woodenmax,Bevel modular package · Live mirror rates · Without Profile · Without LED. Live package rate from WoodenMax calculator. GST 18% extra. Hyderabad factory. India-wide supply. Configure custom sizes on product page.,https://woodenmax.in/products/mirror-profiles/mirror-profile-price-per-foot,https://woodenmax.in/images/products/mirror-profiles/aluminium-mirror-profile-price-per-foot-india.webp,,in stock,2805.00 INR,,new,Woodenmax,,,no,Hardware > Building Materials,Home & Garden > mirror-profiles,mirror-profiles,IN::Standard:0.00 INR,,mirror-profiles,luxury,package,standard-size-package,2026
mirror-bevel-modular-1-5x2-std-prof,LED Mirror 1.5×2 ft · With Profile · Without LED | Woodenmax,Bevel modular package · Live mirror rates · With Profile · Without LED. Live package rate from WoodenMax calculator. GST 18% extra. Hyderabad factory. India-wide supply. Configure custom sizes on product page.,https://woodenmax.in/products/mirror-profiles/mirror-profile-price-per-foot,https://woodenmax.in/images/products/mirror-profiles/aluminium-mirror-profile-price-per-foot-india.webp,,in stock,3630.00 INR,,new,Woodenmax,,,no,Hardware > Building Materials,Home & Garden > mirror-profiles,mirror-profiles,IN::Standard:0.00 INR,,mirror-profiles,luxury,package,standard-size-package,2026
mirror-bevel-modular-1-5x2-std-led,LED Mirror 1.5×2 ft · Without Profile · With LED | Woodenmax,Bevel modular package · Live mirror rates · Without Profile · With LED. Live package rate from WoodenMax calculator. GST 18% extra. Hyderabad factory. India-wide supply. Configure custom sizes on product page.,https://woodenmax.in/products/mirror-profiles/mirror-profile-price-per-foot,https://woodenmax.in/images/products/mirror-profiles/aluminium-mirror-profile-price-per-foot-india.webp,,in stock,3201.00 INR,,new,Woodenmax,,,no,Hardware > Building Materials,Home & Garden > mirror-profiles,mirror-profiles,IN::Standard:0.00 INR,,mirror-profiles,luxury,package,standard-size-package,2026
mirror-bevel-modular-1-5x2-std-prof-led,LED Mirror 1.5×2 ft · With Profile · With LED | Woodenmax,Bevel modular package · Live mirror rates · With Profile · With LED. Live package rate from WoodenMax calculator. GST 18% extra. Hyderabad factory. India-wide supply. Configure custom sizes on product page.,https://woodenmax.in/products/mirror-profiles/mirror-profile-price-per-foot,https://woodenmax.in/images/products/mirror-profiles/aluminium-mirror-profile-price-per-foot-india.webp,,in stock,4026.00 INR,,new,Woodenmax,,,no,Hardware > Building Materials,Home & Garden > mirror-profiles,mirror-profiles,IN::Standard:0.00 INR,,mirror-profiles,luxury,package,standard-size-package,2026
mirror-bevel-modular-2x2-std,LED Mirror 2×2 ft · Without Profile · Without LED | Woodenmax,Bevel modular package · Live mirror rates · Without Profile · Without LED. Live package rate from WoodenMax calculator. GST 18% extra. Hyderabad factory. India-wide supply. Configure custom sizes on product page.,https://woodenmax.in/products/mirror-profiles/mirror-profile-price-per-foot,https://woodenmax.in/images/products/mirror-profiles/aluminium-mirror-profile-price-per-foot-india.webp,,in stock,3740.00 INR,,new,Woodenmax,,,no,Hardware > Building Materials,Home & Garden > mirror-profiles,mirror-profiles,IN::Standard:0.00 INR,,mirror-profiles,luxury,package,standard-size-package,2026
mirror-bevel-modular-2x2-std-prof,LED Mirror 2×2 ft · With Profile · Without LED | Woodenmax,Bevel modular package · Live mirror rates · With Profile · Without LED. Live package rate from WoodenMax calculator. GST 18% extra. Hyderabad factory. India-wide supply. Configure custom sizes on product page.,https://woodenmax.in/products/mirror-profiles/mirror-profile-price-per-foot,https://woodenmax.in/images/products/mirror-profiles/aluminium-mirror-profile-price-per-foot-india.webp,,in stock,4840.00 INR,,new,Woodenmax,,,no,Hardware > Building Materials,Home & Garden > mirror-profiles,mirror-profiles,IN::Standard:0.00 INR,,mirror-profiles,luxury,package,standard-size-package,2026
mirror-bevel-modular-2x2-std-led,LED Mirror 2×2 ft · Without Profile · With LED | Woodenmax,Bevel modular package · Live mirror rates · Without Profile · With LED. Live package rate from WoodenMax calculator. GST 18% extra. Hyderabad factory. India-wide supply. Configure custom sizes on product page.,https://woodenmax.in/products/mirror-profiles/mirror-profile-price-per-foot,https://woodenmax.in/images/products/mirror-profiles/aluminium-mirror-profile-price-per-foot-india.webp,,in stock,4268.00 INR,,new,Woodenmax,,,no,Hardware > Building Materials,Home & Garden > mirror-profiles,mirror-profiles,IN::Standard:0.00 INR,,mirror-profiles,luxury,package,standard-size-package,2026
mirror-bevel-modular-2x2-std-prof-led,LED Mirror 2×2 ft · With Profile · With LED | Woodenmax,Bevel modular package · Live mirror rates · With Profile · With LED. Live package rate from WoodenMax calculator. GST 18% extra. Hyderabad factory. India-wide supply. Configure custom sizes on product page.,https://woodenmax.in/products/mirror-profiles/mirror-profile-price-per-foot,https://woodenmax.in/images/products/mirror-profiles/aluminium-mirror-profile-price-per-foot-india.webp,,in stock,5368.00 INR,,new,Woodenmax,,,no,Hardware > Building Materials,Home & Garden > mirror-profiles,mirror-profiles,IN::Standard:0.00 INR,,mirror-profiles,luxury,package,standard-size-package,2026
mirror-bevel-modular-2-5x3-std,LED Mirror 2.5×3 ft · Without Profile · Without LED | Woodenmax,Bevel modular package · Live mirror rates · Without Profile · Without LED. Live package rate from WoodenMax calculator. GST 18% extra. Hyderabad factory. India-wide supply. Configure custom sizes on product page.,https://woodenmax.in/products/mirror-profiles/mirror-profile-price-per-foot,https://woodenmax.in/images/products/mirror-profiles/aluminium-mirror-profile-price-per-foot-india.webp,,in stock,7013.00 INR,,new,Woodenmax,,,no,Hardware > Building Materials,Home & Garden > mirror-profiles,mirror-profiles,IN::Standard:0.00 INR,,mirror-profiles,luxury,package,standard-size-package,2026
mirror-bevel-modular-2-5x3-std-prof,LED Mirror 2.5×3 ft · With Profile · Without LED | Woodenmax,Bevel modular package · Live mirror rates · With Profile · Without LED. Live package rate from WoodenMax calculator. GST 18% extra. Hyderabad factory. India-wide supply. Configure custom sizes on product page.,https://woodenmax.in/products/mirror-profiles/mirror-profile-price-per-foot,https://woodenmax.in/images/products/mirror-profiles/aluminium-mirror-profile-price-per-foot-india.webp,,in stock,9075.00 INR,,new,Woodenmax,,,no,Hardware > Building Materials,Home & Garden > mirror-profiles,mirror-profiles,IN::Standard:0.00 INR,,mirror-profiles,luxury,package,standard-size-package,2026
mirror-bevel-modular-2-5x3-std-led,LED Mirror 2.5×3 ft · Without Profile · With LED | Woodenmax,Bevel modular package · Live mirror rates · Without Profile · With LED. Live package rate from WoodenMax calculator. GST 18% extra. Hyderabad factory. India-wide supply. Configure custom sizes on product page.,https://woodenmax.in/products/mirror-profiles/mirror-profile-price-per-foot,https://woodenmax.in/images/products/mirror-profiles/aluminium-mirror-profile-price-per-foot-india.webp,,in stock,8003.00 INR,,new,Woodenmax,,,no,Hardware > Building Materials,Home & Garden > mirror-profiles,mirror-profiles,IN::Standard:0.00 INR,,mirror-profiles,luxury,package,standard-size-package,2026
mirror-bevel-modular-2-5x3-std-prof-led,LED Mirror 2.5×3 ft · With Profile · With LED | Woodenmax,Bevel modular package · Live mirror rates · With Profile · With LED. Live package rate from WoodenMax calculator. GST 18% extra. Hyderabad factory. India-wide supply. Configure custom sizes on product page.,https://woodenmax.in/products/mirror-profiles/mirror-profile-price-per-foot,https://woodenmax.in/images/products/mirror-profiles/aluminium-mirror-profile-price-per-foot-india.webp,,in stock,10065.00 INR,,new,Woodenmax,,,no,Hardware > Building Materials,Home & Garden > mirror-profiles,mirror-profiles,IN::Standard:0.00 INR,,mirror-profiles,luxury,package,standard-size-package,2026
