id,title,description,link,image_link,additional_image_link,availability,price,sale_price,condition,brand,gtin,mpn,identifier_exists,google_product_category,product_type,category,shipping,shipping_weight,custom_label_0,custom_label_1,custom_label_2,custom_label_3,custom_label_4
29mm-sliding-7x7-nomesh,29mm Premium Sliding Window 7×7 ft Without Mesh · 8mm Clear Tuff | Woodenmax,Premium series · Without mesh · 8mm clear tuff · Standard powder coat. Live package rate from WoodenMax calculator. GST 18% extra. Hyderabad factory. India-wide supply. Configure custom sizes on product page.,https://woodenmax.in/products/aluminium-windows/aluminium-sliding-window,https://woodenmax.in/images/products/Window%20Price%20Per%20Sqft/sliding-window-price-range-india-1200.webp,,in stock,51359.00 INR,,new,Woodenmax,,,no,Hardware > Building Materials,Home & Garden > aluminium-windows,aluminium-windows,IN::Standard:0.00 INR,,aluminium-windows,luxury,package,standard-size-package,2026
29mm-sliding-7x7-mesh,29mm Premium Sliding Window 7×7 ft With Mesh · 8mm Clear Tuff | Woodenmax,Premium series · With mesh · 8mm clear tuff · Standard powder coat. Live package rate from WoodenMax calculator. GST 18% extra. Hyderabad factory. India-wide supply. Configure custom sizes on product page.,https://woodenmax.in/products/aluminium-windows/aluminium-sliding-window,https://woodenmax.in/images/products/Window%20Price%20Per%20Sqft/sliding-window-price-range-india-1200.webp,,in stock,58204.00 INR,,new,Woodenmax,,,no,Hardware > Building Materials,Home & Garden > aluminium-windows,aluminium-windows,IN::Standard:0.00 INR,,aluminium-windows,luxury,package,standard-size-package,2026
29mm-sliding-8x8-nomesh,29mm Premium Sliding Window 8×8 ft Without Mesh · 8mm Clear Tuff | Woodenmax,Premium series · Without mesh · 8mm clear tuff · Standard powder coat. Live package rate from WoodenMax calculator. GST 18% extra. Hyderabad factory. India-wide supply. Configure custom sizes on product page.,https://woodenmax.in/products/aluminium-windows/aluminium-sliding-window,https://woodenmax.in/images/products/Window%20Price%20Per%20Sqft/sliding-window-price-range-india-1200.webp,,in stock,66226.00 INR,,new,Woodenmax,,,no,Hardware > Building Materials,Home & Garden > aluminium-windows,aluminium-windows,IN::Standard:0.00 INR,,aluminium-windows,luxury,package,standard-size-package,2026
29mm-sliding-8x8-mesh,29mm Premium Sliding Window 8×8 ft With Mesh · 8mm Clear Tuff | Woodenmax,Premium series · With mesh · 8mm clear tuff · Standard powder coat. Live package rate from WoodenMax calculator. GST 18% extra. Hyderabad factory. India-wide supply. Configure custom sizes on product page.,https://woodenmax.in/products/aluminium-windows/aluminium-sliding-window,https://woodenmax.in/images/products/Window%20Price%20Per%20Sqft/sliding-window-price-range-india-1200.webp,,in stock,75166.00 INR,,new,Woodenmax,,,no,Hardware > Building Materials,Home & Garden > aluminium-windows,aluminium-windows,IN::Standard:0.00 INR,,aluminium-windows,luxury,package,standard-size-package,2026
29mm-sliding-6x8-nomesh,29mm Premium Sliding Window 6×8 ft Without Mesh · 8mm Clear Tuff | Woodenmax,Premium series · Without mesh · 8mm clear tuff · Standard powder coat. Live package rate from WoodenMax calculator. GST 18% extra. Hyderabad factory. India-wide supply. Configure custom sizes on product page.,https://woodenmax.in/products/aluminium-windows/aluminium-sliding-window,https://woodenmax.in/images/products/Window%20Price%20Per%20Sqft/sliding-window-price-range-india-1200.webp,,in stock,50368.00 INR,,new,Woodenmax,,,no,Hardware > Building Materials,Home & Garden > aluminium-windows,aluminium-windows,IN::Standard:0.00 INR,,aluminium-windows,luxury,package,standard-size-package,2026
29mm-sliding-6x8-mesh,29mm Premium Sliding Window 6×8 ft With Mesh · 8mm Clear Tuff | Woodenmax,Premium series · With mesh · 8mm clear tuff · Standard powder coat. Live package rate from WoodenMax calculator. GST 18% extra. Hyderabad factory. India-wide supply. Configure custom sizes on product page.,https://woodenmax.in/products/aluminium-windows/aluminium-sliding-window,https://woodenmax.in/images/products/Window%20Price%20Per%20Sqft/sliding-window-price-range-india-1200.webp,,in stock,57074.00 INR,,new,Woodenmax,,,no,Hardware > Building Materials,Home & Garden > aluminium-windows,aluminium-windows,IN::Standard:0.00 INR,,aluminium-windows,luxury,package,standard-size-package,2026
29mm-sliding-10x8-nomesh,29mm Premium Sliding Window 10×8 ft Without Mesh · 8mm Clear Tuff | Woodenmax,Premium series · Without mesh · 8mm clear tuff · Standard powder coat. Live package rate from WoodenMax calculator. GST 18% extra. Hyderabad factory. India-wide supply. Configure custom sizes on product page.,https://woodenmax.in/products/aluminium-windows/aluminium-sliding-window,https://woodenmax.in/images/products/Window%20Price%20Per%20Sqft/sliding-window-price-range-india-1200.webp,,in stock,82083.00 INR,,new,Woodenmax,,,no,Hardware > Building Materials,Home & Garden > aluminium-windows,aluminium-windows,IN::Standard:0.00 INR,,aluminium-windows,luxury,package,standard-size-package,2026
29mm-sliding-10x8-mesh,29mm Premium Sliding Window 10×8 ft With Mesh · 8mm Clear Tuff | Woodenmax,Premium series · With mesh · 8mm clear tuff · Standard powder coat. Live package rate from WoodenMax calculator. GST 18% extra. Hyderabad factory. India-wide supply. Configure custom sizes on product page.,https://woodenmax.in/products/aluminium-windows/aluminium-sliding-window,https://woodenmax.in/images/products/Window%20Price%20Per%20Sqft/sliding-window-price-range-india-1200.webp,,in stock,93259.00 INR,,new,Woodenmax,,,no,Hardware > Building Materials,Home & Garden > aluminium-windows,aluminium-windows,IN::Standard:0.00 INR,,aluminium-windows,luxury,package,standard-size-package,2026
29mm-sliding-12x8-nomesh,29mm Premium Sliding Window 12×8 ft Without Mesh · 8mm Clear Tuff | Woodenmax,Premium series · Without mesh · 8mm clear tuff · Standard powder coat. Live package rate from WoodenMax calculator. GST 18% extra. Hyderabad factory. India-wide supply. Configure custom sizes on product page.,https://woodenmax.in/products/aluminium-windows/aluminium-sliding-window,https://woodenmax.in/images/products/Window%20Price%20Per%20Sqft/sliding-window-price-range-india-1200.webp,,in stock,97941.00 INR,,new,Woodenmax,,,no,Hardware > Building Materials,Home & Garden > aluminium-windows,aluminium-windows,IN::Standard:0.00 INR,,aluminium-windows,luxury,package,standard-size-package,2026
29mm-sliding-12x8-mesh,29mm Premium Sliding Window 12×8 ft With Mesh · 8mm Clear Tuff | Woodenmax,Premium series · With mesh · 8mm clear tuff · Standard powder coat. Live package rate from WoodenMax calculator. GST 18% extra. Hyderabad factory. India-wide supply. Configure custom sizes on product page.,https://woodenmax.in/products/aluminium-windows/aluminium-sliding-window,https://woodenmax.in/images/products/Window%20Price%20Per%20Sqft/sliding-window-price-range-india-1200.webp,,in stock,111352.00 INR,,new,Woodenmax,,,no,Hardware > Building Materials,Home & Garden > aluminium-windows,aluminium-windows,IN::Standard:0.00 INR,,aluminium-windows,luxury,package,standard-size-package,2026
system-sliding-30mm-7x7-nomesh,30mm System Sliding Sliding Window 7×7 ft Without Mesh · 8mm Clear Tuff | Woodenmax,Premium series · Without mesh · 8mm clear tuff · Standard powder coat. Live package rate from WoodenMax calculator. GST 18% extra. Hyderabad factory. India-wide supply. Configure custom sizes on product page.,https://woodenmax.in/products/aluminium-windows/aluminium-system-window-price,https://woodenmax.in/images/products/Window%20Price%20Per%20Sqft/sliding-window-price-range-india-1200.webp,,in stock,48920.00 INR,,new,Woodenmax,,,no,Hardware > Building Materials,Home & Garden > aluminium-windows,aluminium-windows,IN::Standard:0.00 INR,,aluminium-windows,luxury,package,standard-size-package,2026
system-sliding-30mm-7x7-mesh,30mm System Sliding Sliding Window 7×7 ft With Mesh · 8mm Clear Tuff | Woodenmax,Premium series · With mesh · 8mm clear tuff · Standard powder coat. Live package rate from WoodenMax calculator. GST 18% extra. Hyderabad factory. India-wide supply. Configure custom sizes on product page.,https://woodenmax.in/products/aluminium-windows/aluminium-system-window-price,https://woodenmax.in/images/products/Window%20Price%20Per%20Sqft/sliding-window-price-range-india-1200.webp,,in stock,55766.00 INR,,new,Woodenmax,,,no,Hardware > Building Materials,Home & Garden > aluminium-windows,aluminium-windows,IN::Standard:0.00 INR,,aluminium-windows,luxury,package,standard-size-package,2026
system-sliding-30mm-8x8-nomesh,30mm System Sliding Sliding Window 8×8 ft Without Mesh · 8mm Clear Tuff | Woodenmax,Premium series · Without mesh · 8mm clear tuff · Standard powder coat. Live package rate from WoodenMax calculator. GST 18% extra. Hyderabad factory. India-wide supply. Configure custom sizes on product page.,https://woodenmax.in/products/aluminium-windows/aluminium-system-window-price,https://woodenmax.in/images/products/Window%20Price%20Per%20Sqft/sliding-window-price-range-india-1200.webp,,in stock,63061.00 INR,,new,Woodenmax,,,no,Hardware > Building Materials,Home & Garden > aluminium-windows,aluminium-windows,IN::Standard:0.00 INR,,aluminium-windows,luxury,package,standard-size-package,2026
system-sliding-30mm-8x8-mesh,30mm System Sliding Sliding Window 8×8 ft With Mesh · 8mm Clear Tuff | Woodenmax,Premium series · With mesh · 8mm clear tuff · Standard powder coat. Live package rate from WoodenMax calculator. GST 18% extra. Hyderabad factory. India-wide supply. Configure custom sizes on product page.,https://woodenmax.in/products/aluminium-windows/aluminium-system-window-price,https://woodenmax.in/images/products/Window%20Price%20Per%20Sqft/sliding-window-price-range-india-1200.webp,,in stock,72002.00 INR,,new,Woodenmax,,,no,Hardware > Building Materials,Home & Garden > aluminium-windows,aluminium-windows,IN::Standard:0.00 INR,,aluminium-windows,luxury,package,standard-size-package,2026
system-sliding-30mm-6x8-nomesh,30mm System Sliding Sliding Window 6×8 ft Without Mesh · 8mm Clear Tuff | Woodenmax,Premium series · Without mesh · 8mm clear tuff · Standard powder coat. Live package rate from WoodenMax calculator. GST 18% extra. Hyderabad factory. India-wide supply. Configure custom sizes on product page.,https://woodenmax.in/products/aluminium-windows/aluminium-system-window-price,https://woodenmax.in/images/products/Window%20Price%20Per%20Sqft/sliding-window-price-range-india-1200.webp,,in stock,47978.00 INR,,new,Woodenmax,,,no,Hardware > Building Materials,Home & Garden > aluminium-windows,aluminium-windows,IN::Standard:0.00 INR,,aluminium-windows,luxury,package,standard-size-package,2026
system-sliding-30mm-6x8-mesh,30mm System Sliding Sliding Window 6×8 ft With Mesh · 8mm Clear Tuff | Woodenmax,Premium series · With mesh · 8mm clear tuff · Standard powder coat. Live package rate from WoodenMax calculator. GST 18% extra. Hyderabad factory. India-wide supply. Configure custom sizes on product page.,https://woodenmax.in/products/aluminium-windows/aluminium-system-window-price,https://woodenmax.in/images/products/Window%20Price%20Per%20Sqft/sliding-window-price-range-india-1200.webp,,in stock,54683.00 INR,,new,Woodenmax,,,no,Hardware > Building Materials,Home & Garden > aluminium-windows,aluminium-windows,IN::Standard:0.00 INR,,aluminium-windows,luxury,package,standard-size-package,2026
system-sliding-30mm-10x8-nomesh,30mm System Sliding Sliding Window 10×8 ft Without Mesh · 8mm Clear Tuff | Woodenmax,Premium series · Without mesh · 8mm clear tuff · Standard powder coat. Live package rate from WoodenMax calculator. GST 18% extra. Hyderabad factory. India-wide supply. Configure custom sizes on product page.,https://woodenmax.in/products/aluminium-windows/aluminium-system-window-price,https://woodenmax.in/images/products/Window%20Price%20Per%20Sqft/sliding-window-price-range-india-1200.webp,,in stock,78144.00 INR,,new,Woodenmax,,,no,Hardware > Building Materials,Home & Garden > aluminium-windows,aluminium-windows,IN::Standard:0.00 INR,,aluminium-windows,luxury,package,standard-size-package,2026
system-sliding-30mm-10x8-mesh,30mm System Sliding Sliding Window 10×8 ft With Mesh · 8mm Clear Tuff | Woodenmax,Premium series · With mesh · 8mm clear tuff · Standard powder coat. Live package rate from WoodenMax calculator. GST 18% extra. Hyderabad factory. India-wide supply. Configure custom sizes on product page.,https://woodenmax.in/products/aluminium-windows/aluminium-system-window-price,https://woodenmax.in/images/products/Window%20Price%20Per%20Sqft/sliding-window-price-range-india-1200.webp,,in stock,89320.00 INR,,new,Woodenmax,,,no,Hardware > Building Materials,Home & Garden > aluminium-windows,aluminium-windows,IN::Standard:0.00 INR,,aluminium-windows,luxury,package,standard-size-package,2026
system-sliding-30mm-12x8-nomesh,30mm System Sliding Sliding Window 12×8 ft Without Mesh · 8mm Clear Tuff | Woodenmax,Premium series · Without mesh · 8mm clear tuff · Standard powder coat. Live package rate from WoodenMax calculator. GST 18% extra. Hyderabad factory. India-wide supply. Configure custom sizes on product page.,https://woodenmax.in/products/aluminium-windows/aluminium-system-window-price,https://woodenmax.in/images/products/Window%20Price%20Per%20Sqft/sliding-window-price-range-india-1200.webp,,in stock,93227.00 INR,,new,Woodenmax,,,no,Hardware > Building Materials,Home & Garden > aluminium-windows,aluminium-windows,IN::Standard:0.00 INR,,aluminium-windows,luxury,package,standard-size-package,2026
system-sliding-30mm-12x8-mesh,30mm System Sliding Sliding Window 12×8 ft With Mesh · 8mm Clear Tuff | Woodenmax,Premium series · With mesh · 8mm clear tuff · Standard powder coat. Live package rate from WoodenMax calculator. GST 18% extra. Hyderabad factory. India-wide supply. Configure custom sizes on product page.,https://woodenmax.in/products/aluminium-windows/aluminium-system-window-price,https://woodenmax.in/images/products/Window%20Price%20Per%20Sqft/sliding-window-price-range-india-1200.webp,,in stock,106638.00 INR,,new,Woodenmax,,,no,Hardware > Building Materials,Home & Garden > aluminium-windows,aluminium-windows,IN::Standard:0.00 INR,,aluminium-windows,luxury,package,standard-size-package,2026
system-sliding-31mm-7x7-nomesh,31mm System Sliding Sliding Window 7×7 ft Without Mesh · 8mm Clear Tuff | Woodenmax,Premium series · Without mesh · 8mm clear tuff · Standard powder coat. Live package rate from WoodenMax calculator. GST 18% extra. Hyderabad factory. India-wide supply. Configure custom sizes on product page.,https://woodenmax.in/products/aluminium-windows/system-window-vs-normal-window,https://woodenmax.in/images/products/Window%20Price%20Per%20Sqft/sliding-window-price-range-india-1200.webp,,in stock,49634.00 INR,,new,Woodenmax,,,no,Hardware > Building Materials,Home & Garden > aluminium-windows,aluminium-windows,IN::Standard:0.00 INR,,aluminium-windows,luxury,package,standard-size-package,2026
system-sliding-31mm-7x7-mesh,31mm System Sliding Sliding Window 7×7 ft With Mesh · 8mm Clear Tuff | Woodenmax,Premium series · With mesh · 8mm clear tuff · Standard powder coat. Live package rate from WoodenMax calculator. GST 18% extra. Hyderabad factory. India-wide supply. Configure custom sizes on product page.,https://woodenmax.in/products/aluminium-windows/system-window-vs-normal-window,https://woodenmax.in/images/products/Window%20Price%20Per%20Sqft/sliding-window-price-range-india-1200.webp,,in stock,56480.00 INR,,new,Woodenmax,,,no,Hardware > Building Materials,Home & Garden > aluminium-windows,aluminium-windows,IN::Standard:0.00 INR,,aluminium-windows,luxury,package,standard-size-package,2026
system-sliding-31mm-8x8-nomesh,31mm System Sliding Sliding Window 8×8 ft Without Mesh · 8mm Clear Tuff | Woodenmax,Premium series · Without mesh · 8mm clear tuff · Standard powder coat. Live package rate from WoodenMax calculator. GST 18% extra. Hyderabad factory. India-wide supply. Configure custom sizes on product page.,https://woodenmax.in/products/aluminium-windows/system-window-vs-normal-window,https://woodenmax.in/images/products/Window%20Price%20Per%20Sqft/sliding-window-price-range-india-1200.webp,,in stock,63989.00 INR,,new,Woodenmax,,,no,Hardware > Building Materials,Home & Garden > aluminium-windows,aluminium-windows,IN::Standard:0.00 INR,,aluminium-windows,luxury,package,standard-size-package,2026
system-sliding-31mm-8x8-mesh,31mm System Sliding Sliding Window 8×8 ft With Mesh · 8mm Clear Tuff | Woodenmax,Premium series · With mesh · 8mm clear tuff · Standard powder coat. Live package rate from WoodenMax calculator. GST 18% extra. Hyderabad factory. India-wide supply. Configure custom sizes on product page.,https://woodenmax.in/products/aluminium-windows/system-window-vs-normal-window,https://woodenmax.in/images/products/Window%20Price%20Per%20Sqft/sliding-window-price-range-india-1200.webp,,in stock,72930.00 INR,,new,Woodenmax,,,no,Hardware > Building Materials,Home & Garden > aluminium-windows,aluminium-windows,IN::Standard:0.00 INR,,aluminium-windows,luxury,package,standard-size-package,2026
system-sliding-31mm-6x8-nomesh,31mm System Sliding Sliding Window 6×8 ft Without Mesh · 8mm Clear Tuff | Woodenmax,Premium series · Without mesh · 8mm clear tuff · Standard powder coat. Live package rate from WoodenMax calculator. GST 18% extra. Hyderabad factory. India-wide supply. Configure custom sizes on product page.,https://woodenmax.in/products/aluminium-windows/system-window-vs-normal-window,https://woodenmax.in/images/products/Window%20Price%20Per%20Sqft/sliding-window-price-range-india-1200.webp,,in stock,48677.00 INR,,new,Woodenmax,,,no,Hardware > Building Materials,Home & Garden > aluminium-windows,aluminium-windows,IN::Standard:0.00 INR,,aluminium-windows,luxury,package,standard-size-package,2026
system-sliding-31mm-6x8-mesh,31mm System Sliding Sliding Window 6×8 ft With Mesh · 8mm Clear Tuff | Woodenmax,Premium series · With mesh · 8mm clear tuff · Standard powder coat. Live package rate from WoodenMax calculator. GST 18% extra. Hyderabad factory. India-wide supply. Configure custom sizes on product page.,https://woodenmax.in/products/aluminium-windows/system-window-vs-normal-window,https://woodenmax.in/images/products/Window%20Price%20Per%20Sqft/sliding-window-price-range-india-1200.webp,,in stock,55383.00 INR,,new,Woodenmax,,,no,Hardware > Building Materials,Home & Garden > aluminium-windows,aluminium-windows,IN::Standard:0.00 INR,,aluminium-windows,luxury,package,standard-size-package,2026
system-sliding-31mm-10x8-nomesh,31mm System Sliding Sliding Window 10×8 ft Without Mesh · 8mm Clear Tuff | Woodenmax,Premium series · Without mesh · 8mm clear tuff · Standard powder coat. Live package rate from WoodenMax calculator. GST 18% extra. Hyderabad factory. India-wide supply. Configure custom sizes on product page.,https://woodenmax.in/products/aluminium-windows/system-window-vs-normal-window,https://woodenmax.in/images/products/Window%20Price%20Per%20Sqft/sliding-window-price-range-india-1200.webp,,in stock,79301.00 INR,,new,Woodenmax,,,no,Hardware > Building Materials,Home & Garden > aluminium-windows,aluminium-windows,IN::Standard:0.00 INR,,aluminium-windows,luxury,package,standard-size-package,2026
system-sliding-31mm-10x8-mesh,31mm System Sliding Sliding Window 10×8 ft With Mesh · 8mm Clear Tuff | Woodenmax,Premium series · With mesh · 8mm clear tuff · Standard powder coat. Live package rate from WoodenMax calculator. GST 18% extra. Hyderabad factory. India-wide supply. Configure custom sizes on product page.,https://woodenmax.in/products/aluminium-windows/system-window-vs-normal-window,https://woodenmax.in/images/products/Window%20Price%20Per%20Sqft/sliding-window-price-range-india-1200.webp,,in stock,90477.00 INR,,new,Woodenmax,,,no,Hardware > Building Materials,Home & Garden > aluminium-windows,aluminium-windows,IN::Standard:0.00 INR,,aluminium-windows,luxury,package,standard-size-package,2026
system-sliding-31mm-12x8-nomesh,31mm System Sliding Sliding Window 12×8 ft Without Mesh · 8mm Clear Tuff | Woodenmax,Premium series · Without mesh · 8mm clear tuff · Standard powder coat. Live package rate from WoodenMax calculator. GST 18% extra. Hyderabad factory. India-wide supply. Configure custom sizes on product page.,https://woodenmax.in/products/aluminium-windows/system-window-vs-normal-window,https://woodenmax.in/images/products/Window%20Price%20Per%20Sqft/sliding-window-price-range-india-1200.webp,,in stock,94613.00 INR,,new,Woodenmax,,,no,Hardware > Building Materials,Home & Garden > aluminium-windows,aluminium-windows,IN::Standard:0.00 INR,,aluminium-windows,luxury,package,standard-size-package,2026
system-sliding-31mm-12x8-mesh,31mm System Sliding Sliding Window 12×8 ft With Mesh · 8mm Clear Tuff | Woodenmax,Premium series · With mesh · 8mm clear tuff · Standard powder coat. Live package rate from WoodenMax calculator. GST 18% extra. Hyderabad factory. India-wide supply. Configure custom sizes on product page.,https://woodenmax.in/products/aluminium-windows/system-window-vs-normal-window,https://woodenmax.in/images/products/Window%20Price%20Per%20Sqft/sliding-window-price-range-india-1200.webp,,in stock,108024.00 INR,,new,Woodenmax,,,no,Hardware > Building Materials,Home & Garden > aluminium-windows,aluminium-windows,IN::Standard:0.00 INR,,aluminium-windows,luxury,package,standard-size-package,2026
system-sliding-35mm-gulf-7x7-nomesh,35mm Gulf Sliding Sliding Window 7×7 ft Without Mesh · 8mm Clear Tuff | Woodenmax,Premium series · Without mesh · 8mm clear tuff · Standard powder coat. Live package rate from WoodenMax calculator. GST 18% extra. Hyderabad factory. India-wide supply. Configure custom sizes on product page.,https://woodenmax.in/products/aluminium-windows/system-sliding-window-price,https://woodenmax.in/images/products/Window%20Price%20Per%20Sqft/sliding-window-price-range-india-1200.webp,,in stock,50732.00 INR,,new,Woodenmax,,,no,Hardware > Building Materials,Home & Garden > aluminium-windows,aluminium-windows,IN::Standard:0.00 INR,,aluminium-windows,luxury,package,standard-size-package,2026
system-sliding-35mm-gulf-7x7-mesh,35mm Gulf Sliding Sliding Window 7×7 ft With Mesh · 8mm Clear Tuff | Woodenmax,Premium series · With mesh · 8mm clear tuff · Standard powder coat. Live package rate from WoodenMax calculator. GST 18% extra. Hyderabad factory. India-wide supply. Configure custom sizes on product page.,https://woodenmax.in/products/aluminium-windows/system-sliding-window-price,https://woodenmax.in/images/products/Window%20Price%20Per%20Sqft/sliding-window-price-range-india-1200.webp,,in stock,57577.00 INR,,new,Woodenmax,,,no,Hardware > Building Materials,Home & Garden > aluminium-windows,aluminium-windows,IN::Standard:0.00 INR,,aluminium-windows,luxury,package,standard-size-package,2026
system-sliding-35mm-gulf-8x8-nomesh,35mm Gulf Sliding Sliding Window 8×8 ft Without Mesh · 8mm Clear Tuff | Woodenmax,Premium series · Without mesh · 8mm clear tuff · Standard powder coat. Live package rate from WoodenMax calculator. GST 18% extra. Hyderabad factory. India-wide supply. Configure custom sizes on product page.,https://woodenmax.in/products/aluminium-windows/system-sliding-window-price,https://woodenmax.in/images/products/Window%20Price%20Per%20Sqft/sliding-window-price-range-india-1200.webp,,in stock,65417.00 INR,,new,Woodenmax,,,no,Hardware > Building Materials,Home & Garden > aluminium-windows,aluminium-windows,IN::Standard:0.00 INR,,aluminium-windows,luxury,package,standard-size-package,2026
system-sliding-35mm-gulf-8x8-mesh,35mm Gulf Sliding Sliding Window 8×8 ft With Mesh · 8mm Clear Tuff | Woodenmax,Premium series · With mesh · 8mm clear tuff · Standard powder coat. Live package rate from WoodenMax calculator. GST 18% extra. Hyderabad factory. India-wide supply. Configure custom sizes on product page.,https://woodenmax.in/products/aluminium-windows/system-sliding-window-price,https://woodenmax.in/images/products/Window%20Price%20Per%20Sqft/sliding-window-price-range-india-1200.webp,,in stock,74358.00 INR,,new,Woodenmax,,,no,Hardware > Building Materials,Home & Garden > aluminium-windows,aluminium-windows,IN::Standard:0.00 INR,,aluminium-windows,luxury,package,standard-size-package,2026
system-sliding-35mm-gulf-6x8-nomesh,35mm Gulf Sliding Sliding Window 6×8 ft Without Mesh · 8mm Clear Tuff | Woodenmax,Premium series · Without mesh · 8mm clear tuff · Standard powder coat. Live package rate from WoodenMax calculator. GST 18% extra. Hyderabad factory. India-wide supply. Configure custom sizes on product page.,https://woodenmax.in/products/aluminium-windows/system-sliding-window-price,https://woodenmax.in/images/products/Window%20Price%20Per%20Sqft/sliding-window-price-range-india-1200.webp,,in stock,49753.00 INR,,new,Woodenmax,,,no,Hardware > Building Materials,Home & Garden > aluminium-windows,aluminium-windows,IN::Standard:0.00 INR,,aluminium-windows,luxury,package,standard-size-package,2026
system-sliding-35mm-gulf-6x8-mesh,35mm Gulf Sliding Sliding Window 6×8 ft With Mesh · 8mm Clear Tuff | Woodenmax,Premium series · With mesh · 8mm clear tuff · Standard powder coat. Live package rate from WoodenMax calculator. GST 18% extra. Hyderabad factory. India-wide supply. Configure custom sizes on product page.,https://woodenmax.in/products/aluminium-windows/system-sliding-window-price,https://woodenmax.in/images/products/Window%20Price%20Per%20Sqft/sliding-window-price-range-india-1200.webp,,in stock,56459.00 INR,,new,Woodenmax,,,no,Hardware > Building Materials,Home & Garden > aluminium-windows,aluminium-windows,IN::Standard:0.00 INR,,aluminium-windows,luxury,package,standard-size-package,2026
system-sliding-35mm-gulf-10x8-nomesh,35mm Gulf Sliding Sliding Window 10×8 ft Without Mesh · 8mm Clear Tuff | Woodenmax,Premium series · Without mesh · 8mm clear tuff · Standard powder coat. Live package rate from WoodenMax calculator. GST 18% extra. Hyderabad factory. India-wide supply. Configure custom sizes on product page.,https://woodenmax.in/products/aluminium-windows/system-sliding-window-price,https://woodenmax.in/images/products/Window%20Price%20Per%20Sqft/sliding-window-price-range-india-1200.webp,,in stock,81081.00 INR,,new,Woodenmax,,,no,Hardware > Building Materials,Home & Garden > aluminium-windows,aluminium-windows,IN::Standard:0.00 INR,,aluminium-windows,luxury,package,standard-size-package,2026
system-sliding-35mm-gulf-10x8-mesh,35mm Gulf Sliding Sliding Window 10×8 ft With Mesh · 8mm Clear Tuff | Woodenmax,Premium series · With mesh · 8mm clear tuff · Standard powder coat. Live package rate from WoodenMax calculator. GST 18% extra. Hyderabad factory. India-wide supply. Configure custom sizes on product page.,https://woodenmax.in/products/aluminium-windows/system-sliding-window-price,https://woodenmax.in/images/products/Window%20Price%20Per%20Sqft/sliding-window-price-range-india-1200.webp,,in stock,92257.00 INR,,new,Woodenmax,,,no,Hardware > Building Materials,Home & Garden > aluminium-windows,aluminium-windows,IN::Standard:0.00 INR,,aluminium-windows,luxury,package,standard-size-package,2026
system-sliding-35mm-gulf-12x8-nomesh,35mm Gulf Sliding Sliding Window 12×8 ft Without Mesh · 8mm Clear Tuff | Woodenmax,Premium series · Without mesh · 8mm clear tuff · Standard powder coat. Live package rate from WoodenMax calculator. GST 18% extra. Hyderabad factory. India-wide supply. Configure custom sizes on product page.,https://woodenmax.in/products/aluminium-windows/system-sliding-window-price,https://woodenmax.in/images/products/Window%20Price%20Per%20Sqft/sliding-window-price-range-india-1200.webp,,in stock,96745.00 INR,,new,Woodenmax,,,no,Hardware > Building Materials,Home & Garden > aluminium-windows,aluminium-windows,IN::Standard:0.00 INR,,aluminium-windows,luxury,package,standard-size-package,2026
system-sliding-35mm-gulf-12x8-mesh,35mm Gulf Sliding Sliding Window 12×8 ft With Mesh · 8mm Clear Tuff | Woodenmax,Premium series · With mesh · 8mm clear tuff · Standard powder coat. Live package rate from WoodenMax calculator. GST 18% extra. Hyderabad factory. India-wide supply. Configure custom sizes on product page.,https://woodenmax.in/products/aluminium-windows/system-sliding-window-price,https://woodenmax.in/images/products/Window%20Price%20Per%20Sqft/sliding-window-price-range-india-1200.webp,,in stock,110156.00 INR,,new,Woodenmax,,,no,Hardware > Building Materials,Home & Garden > aluminium-windows,aluminium-windows,IN::Standard:0.00 INR,,aluminium-windows,luxury,package,standard-size-package,2026
system-sliding-40mm-minimal-7x7-nomesh,40mm Minimal Sliding Sliding Window 7×7 ft Without Mesh · 8mm Clear Tuff | Woodenmax,Premium series · Without mesh · 8mm clear tuff · Standard powder coat. Live package rate from WoodenMax calculator. GST 18% extra. Hyderabad factory. India-wide supply. Configure custom sizes on product page.,https://woodenmax.in/products/aluminium-windows/system-window-installation,https://woodenmax.in/images/products/Window%20Price%20Per%20Sqft/sliding-window-price-range-india-1200.webp,,in stock,51838.00 INR,,new,Woodenmax,,,no,Hardware > Building Materials,Home & Garden > aluminium-windows,aluminium-windows,IN::Standard:0.00 INR,,aluminium-windows,luxury,package,standard-size-package,2026
system-sliding-40mm-minimal-7x7-mesh,40mm Minimal Sliding Sliding Window 7×7 ft With Mesh · 8mm Clear Tuff | Woodenmax,Premium series · With mesh · 8mm clear tuff · Standard powder coat. Live package rate from WoodenMax calculator. GST 18% extra. Hyderabad factory. India-wide supply. Configure custom sizes on product page.,https://woodenmax.in/products/aluminium-windows/system-window-installation,https://woodenmax.in/images/products/Window%20Price%20Per%20Sqft/sliding-window-price-range-india-1200.webp,,in stock,58683.00 INR,,new,Woodenmax,,,no,Hardware > Building Materials,Home & Garden > aluminium-windows,aluminium-windows,IN::Standard:0.00 INR,,aluminium-windows,luxury,package,standard-size-package,2026
system-sliding-40mm-minimal-8x8-nomesh,40mm Minimal Sliding Sliding Window 8×8 ft Without Mesh · 8mm Clear Tuff | Woodenmax,Premium series · Without mesh · 8mm clear tuff · Standard powder coat. Live package rate from WoodenMax calculator. GST 18% extra. Hyderabad factory. India-wide supply. Configure custom sizes on product page.,https://woodenmax.in/products/aluminium-windows/system-window-installation,https://woodenmax.in/images/products/Window%20Price%20Per%20Sqft/sliding-window-price-range-india-1200.webp,,in stock,66853.00 INR,,new,Woodenmax,,,no,Hardware > Building Materials,Home & Garden > aluminium-windows,aluminium-windows,IN::Standard:0.00 INR,,aluminium-windows,luxury,package,standard-size-package,2026
system-sliding-40mm-minimal-8x8-mesh,40mm Minimal Sliding Sliding Window 8×8 ft With Mesh · 8mm Clear Tuff | Woodenmax,Premium series · With mesh · 8mm clear tuff · Standard powder coat. Live package rate from WoodenMax calculator. GST 18% extra. Hyderabad factory. India-wide supply. Configure custom sizes on product page.,https://woodenmax.in/products/aluminium-windows/system-window-installation,https://woodenmax.in/images/products/Window%20Price%20Per%20Sqft/sliding-window-price-range-india-1200.webp,,in stock,75793.00 INR,,new,Woodenmax,,,no,Hardware > Building Materials,Home & Garden > aluminium-windows,aluminium-windows,IN::Standard:0.00 INR,,aluminium-windows,luxury,package,standard-size-package,2026
system-sliding-40mm-minimal-6x8-nomesh,40mm Minimal Sliding Sliding Window 6×8 ft Without Mesh · 8mm Clear Tuff | Woodenmax,Premium series · Without mesh · 8mm clear tuff · Standard powder coat. Live package rate from WoodenMax calculator. GST 18% extra. Hyderabad factory. India-wide supply. Configure custom sizes on product page.,https://woodenmax.in/products/aluminium-windows/system-window-installation,https://woodenmax.in/images/products/Window%20Price%20Per%20Sqft/sliding-window-price-range-india-1200.webp,,in stock,50837.00 INR,,new,Woodenmax,,,no,Hardware > Building Materials,Home & Garden > aluminium-windows,aluminium-windows,IN::Standard:0.00 INR,,aluminium-windows,luxury,package,standard-size-package,2026
system-sliding-40mm-minimal-6x8-mesh,40mm Minimal Sliding Sliding Window 6×8 ft With Mesh · 8mm Clear Tuff | Woodenmax,Premium series · With mesh · 8mm clear tuff · Standard powder coat. Live package rate from WoodenMax calculator. GST 18% extra. Hyderabad factory. India-wide supply. Configure custom sizes on product page.,https://woodenmax.in/products/aluminium-windows/system-window-installation,https://woodenmax.in/images/products/Window%20Price%20Per%20Sqft/sliding-window-price-range-india-1200.webp,,in stock,57542.00 INR,,new,Woodenmax,,,no,Hardware > Building Materials,Home & Garden > aluminium-windows,aluminium-windows,IN::Standard:0.00 INR,,aluminium-windows,luxury,package,standard-size-package,2026
system-sliding-40mm-minimal-10x8-nomesh,40mm Minimal Sliding Sliding Window 10×8 ft Without Mesh · 8mm Clear Tuff | Woodenmax,Premium series · Without mesh · 8mm clear tuff · Standard powder coat. Live package rate from WoodenMax calculator. GST 18% extra. Hyderabad factory. India-wide supply. Configure custom sizes on product page.,https://woodenmax.in/products/aluminium-windows/system-window-installation,https://woodenmax.in/images/products/Window%20Price%20Per%20Sqft/sliding-window-price-range-india-1200.webp,,in stock,82869.00 INR,,new,Woodenmax,,,no,Hardware > Building Materials,Home & Garden > aluminium-windows,aluminium-windows,IN::Standard:0.00 INR,,aluminium-windows,luxury,package,standard-size-package,2026
system-sliding-40mm-minimal-10x8-mesh,40mm Minimal Sliding Sliding Window 10×8 ft With Mesh · 8mm Clear Tuff | Woodenmax,Premium series · With mesh · 8mm clear tuff · Standard powder coat. Live package rate from WoodenMax calculator. GST 18% extra. Hyderabad factory. India-wide supply. Configure custom sizes on product page.,https://woodenmax.in/products/aluminium-windows/system-window-installation,https://woodenmax.in/images/products/Window%20Price%20Per%20Sqft/sliding-window-price-range-india-1200.webp,,in stock,94045.00 INR,,new,Woodenmax,,,no,Hardware > Building Materials,Home & Garden > aluminium-windows,aluminium-windows,IN::Standard:0.00 INR,,aluminium-windows,luxury,package,standard-size-package,2026
system-sliding-40mm-minimal-12x8-nomesh,40mm Minimal Sliding Sliding Window 12×8 ft Without Mesh · 8mm Clear Tuff | Woodenmax,Premium series · Without mesh · 8mm clear tuff · Standard powder coat. Live package rate from WoodenMax calculator. GST 18% extra. Hyderabad factory. India-wide supply. Configure custom sizes on product page.,https://woodenmax.in/products/aluminium-windows/system-window-installation,https://woodenmax.in/images/products/Window%20Price%20Per%20Sqft/sliding-window-price-range-india-1200.webp,,in stock,98885.00 INR,,new,Woodenmax,,,no,Hardware > Building Materials,Home & Garden > aluminium-windows,aluminium-windows,IN::Standard:0.00 INR,,aluminium-windows,luxury,package,standard-size-package,2026
system-sliding-40mm-minimal-12x8-mesh,40mm Minimal Sliding Sliding Window 12×8 ft With Mesh · 8mm Clear Tuff | Woodenmax,Premium series · With mesh · 8mm clear tuff · Standard powder coat. Live package rate from WoodenMax calculator. GST 18% extra. Hyderabad factory. India-wide supply. Configure custom sizes on product page.,https://woodenmax.in/products/aluminium-windows/system-window-installation,https://woodenmax.in/images/products/Window%20Price%20Per%20Sqft/sliding-window-price-range-india-1200.webp,,in stock,112296.00 INR,,new,Woodenmax,,,no,Hardware > Building Materials,Home & Garden > aluminium-windows,aluminium-windows,IN::Standard:0.00 INR,,aluminium-windows,luxury,package,standard-size-package,2026
system-sliding-31mm-glass-7x7-nomesh,31mm Glass System Sliding Sliding Window 7×7 ft Without Mesh · 8mm Clear Tuff | Woodenmax,Premium series · Without mesh · 8mm clear tuff · Standard powder coat. Live package rate from WoodenMax calculator. GST 18% extra. Hyderabad factory. India-wide supply. Configure custom sizes on product page.,https://woodenmax.in/products/aluminium-windows/system-window-glass-options,https://woodenmax.in/images/products/Window%20Price%20Per%20Sqft/sliding-window-price-range-india-1200.webp,,in stock,50188.00 INR,,new,Woodenmax,,,no,Hardware > Building Materials,Home & Garden > aluminium-windows,aluminium-windows,IN::Standard:0.00 INR,,aluminium-windows,luxury,package,standard-size-package,2026
system-sliding-31mm-glass-7x7-mesh,31mm Glass System Sliding Sliding Window 7×7 ft With Mesh · 8mm Clear Tuff | Woodenmax,Premium series · With mesh · 8mm clear tuff · Standard powder coat. Live package rate from WoodenMax calculator. GST 18% extra. Hyderabad factory. India-wide supply. Configure custom sizes on product page.,https://woodenmax.in/products/aluminium-windows/system-window-glass-options,https://woodenmax.in/images/products/Window%20Price%20Per%20Sqft/sliding-window-price-range-india-1200.webp,,in stock,57033.00 INR,,new,Woodenmax,,,no,Hardware > Building Materials,Home & Garden > aluminium-windows,aluminium-windows,IN::Standard:0.00 INR,,aluminium-windows,luxury,package,standard-size-package,2026
system-sliding-31mm-glass-8x8-nomesh,31mm Glass System Sliding Sliding Window 8×8 ft Without Mesh · 8mm Clear Tuff | Woodenmax,Premium series · Without mesh · 8mm clear tuff · Standard powder coat. Live package rate from WoodenMax calculator. GST 18% extra. Hyderabad factory. India-wide supply. Configure custom sizes on product page.,https://woodenmax.in/products/aluminium-windows/system-window-glass-options,https://woodenmax.in/images/products/Window%20Price%20Per%20Sqft/sliding-window-price-range-india-1200.webp,,in stock,64708.00 INR,,new,Woodenmax,,,no,Hardware > Building Materials,Home & Garden > aluminium-windows,aluminium-windows,IN::Standard:0.00 INR,,aluminium-windows,luxury,package,standard-size-package,2026
system-sliding-31mm-glass-8x8-mesh,31mm Glass System Sliding Sliding Window 8×8 ft With Mesh · 8mm Clear Tuff | Woodenmax,Premium series · With mesh · 8mm clear tuff · Standard powder coat. Live package rate from WoodenMax calculator. GST 18% extra. Hyderabad factory. India-wide supply. Configure custom sizes on product page.,https://woodenmax.in/products/aluminium-windows/system-window-glass-options,https://woodenmax.in/images/products/Window%20Price%20Per%20Sqft/sliding-window-price-range-india-1200.webp,,in stock,73648.00 INR,,new,Woodenmax,,,no,Hardware > Building Materials,Home & Garden > aluminium-windows,aluminium-windows,IN::Standard:0.00 INR,,aluminium-windows,luxury,package,standard-size-package,2026
system-sliding-31mm-glass-6x8-nomesh,31mm Glass System Sliding Sliding Window 6×8 ft Without Mesh · 8mm Clear Tuff | Woodenmax,Premium series · Without mesh · 8mm clear tuff · Standard powder coat. Live package rate from WoodenMax calculator. GST 18% extra. Hyderabad factory. India-wide supply. Configure custom sizes on product page.,https://woodenmax.in/products/aluminium-windows/system-window-glass-options,https://woodenmax.in/images/products/Window%20Price%20Per%20Sqft/sliding-window-price-range-india-1200.webp,,in stock,49220.00 INR,,new,Woodenmax,,,no,Hardware > Building Materials,Home & Garden > aluminium-windows,aluminium-windows,IN::Standard:0.00 INR,,aluminium-windows,luxury,package,standard-size-package,2026
system-sliding-31mm-glass-6x8-mesh,31mm Glass System Sliding Sliding Window 6×8 ft With Mesh · 8mm Clear Tuff | Woodenmax,Premium series · With mesh · 8mm clear tuff · Standard powder coat. Live package rate from WoodenMax calculator. GST 18% extra. Hyderabad factory. India-wide supply. Configure custom sizes on product page.,https://woodenmax.in/products/aluminium-windows/system-window-glass-options,https://woodenmax.in/images/products/Window%20Price%20Per%20Sqft/sliding-window-price-range-india-1200.webp,,in stock,55925.00 INR,,new,Woodenmax,,,no,Hardware > Building Materials,Home & Garden > aluminium-windows,aluminium-windows,IN::Standard:0.00 INR,,aluminium-windows,luxury,package,standard-size-package,2026
system-sliding-31mm-glass-10x8-nomesh,31mm Glass System Sliding Sliding Window 10×8 ft Without Mesh · 8mm Clear Tuff | Woodenmax,Premium series · Without mesh · 8mm clear tuff · Standard powder coat. Live package rate from WoodenMax calculator. GST 18% extra. Hyderabad factory. India-wide supply. Configure custom sizes on product page.,https://woodenmax.in/products/aluminium-windows/system-window-glass-options,https://woodenmax.in/images/products/Window%20Price%20Per%20Sqft/sliding-window-price-range-india-1200.webp,,in stock,80196.00 INR,,new,Woodenmax,,,no,Hardware > Building Materials,Home & Garden > aluminium-windows,aluminium-windows,IN::Standard:0.00 INR,,aluminium-windows,luxury,package,standard-size-package,2026
system-sliding-31mm-glass-10x8-mesh,31mm Glass System Sliding Sliding Window 10×8 ft With Mesh · 8mm Clear Tuff | Woodenmax,Premium series · With mesh · 8mm clear tuff · Standard powder coat. Live package rate from WoodenMax calculator. GST 18% extra. Hyderabad factory. India-wide supply. Configure custom sizes on product page.,https://woodenmax.in/products/aluminium-windows/system-window-glass-options,https://woodenmax.in/images/products/Window%20Price%20Per%20Sqft/sliding-window-price-range-india-1200.webp,,in stock,91372.00 INR,,new,Woodenmax,,,no,Hardware > Building Materials,Home & Garden > aluminium-windows,aluminium-windows,IN::Standard:0.00 INR,,aluminium-windows,luxury,package,standard-size-package,2026
system-sliding-31mm-glass-12x8-nomesh,31mm Glass System Sliding Sliding Window 12×8 ft Without Mesh · 8mm Clear Tuff | Woodenmax,Premium series · Without mesh · 8mm clear tuff · Standard powder coat. Live package rate from WoodenMax calculator. GST 18% extra. Hyderabad factory. India-wide supply. Configure custom sizes on product page.,https://woodenmax.in/products/aluminium-windows/system-window-glass-options,https://woodenmax.in/images/products/Window%20Price%20Per%20Sqft/sliding-window-price-range-india-1200.webp,,in stock,95684.00 INR,,new,Woodenmax,,,no,Hardware > Building Materials,Home & Garden > aluminium-windows,aluminium-windows,IN::Standard:0.00 INR,,aluminium-windows,luxury,package,standard-size-package,2026
system-sliding-31mm-glass-12x8-mesh,31mm Glass System Sliding Sliding Window 12×8 ft With Mesh · 8mm Clear Tuff | Woodenmax,Premium series · With mesh · 8mm clear tuff · Standard powder coat. Live package rate from WoodenMax calculator. GST 18% extra. Hyderabad factory. India-wide supply. Configure custom sizes on product page.,https://woodenmax.in/products/aluminium-windows/system-window-glass-options,https://woodenmax.in/images/products/Window%20Price%20Per%20Sqft/sliding-window-price-range-india-1200.webp,,in stock,109095.00 INR,,new,Woodenmax,,,no,Hardware > Building Materials,Home & Garden > aluminium-windows,aluminium-windows,IN::Standard:0.00 INR,,aluminium-windows,luxury,package,standard-size-package,2026
2track-french-7x7-nomesh,2 Track French Sliding Door Sliding Window 7×7 ft Without Mesh · 8mm Clear Tuff | Woodenmax,Premium series · Without mesh · 8mm clear tuff · Standard powder coat. Live package rate from WoodenMax calculator. GST 18% extra. Hyderabad factory. India-wide supply. Configure custom sizes on product page.,https://woodenmax.in/products/aluminium-windows/2-track-french-sliding-door,https://woodenmax.in/images/products/Window%20Price%20Per%20Sqft/sliding-window-price-range-india-1200.webp,,in stock,51359.00 INR,,new,Woodenmax,,,no,Hardware > Building Materials,Home & Garden > aluminium-windows,aluminium-windows,IN::Standard:0.00 INR,,aluminium-windows,luxury,package,standard-size-package,2026
2track-french-7x7-mesh,2 Track French Sliding Door Sliding Window 7×7 ft With Mesh · 8mm Clear Tuff | Woodenmax,Premium series · With mesh · 8mm clear tuff · Standard powder coat. Live package rate from WoodenMax calculator. GST 18% extra. Hyderabad factory. India-wide supply. Configure custom sizes on product page.,https://woodenmax.in/products/aluminium-windows/2-track-french-sliding-door,https://woodenmax.in/images/products/Window%20Price%20Per%20Sqft/sliding-window-price-range-india-1200.webp,,in stock,58204.00 INR,,new,Woodenmax,,,no,Hardware > Building Materials,Home & Garden > aluminium-windows,aluminium-windows,IN::Standard:0.00 INR,,aluminium-windows,luxury,package,standard-size-package,2026
2track-french-8x8-nomesh,2 Track French Sliding Door Sliding Window 8×8 ft Without Mesh · 8mm Clear Tuff | Woodenmax,Premium series · Without mesh · 8mm clear tuff · Standard powder coat. Live package rate from WoodenMax calculator. GST 18% extra. Hyderabad factory. India-wide supply. Configure custom sizes on product page.,https://woodenmax.in/products/aluminium-windows/2-track-french-sliding-door,https://woodenmax.in/images/products/Window%20Price%20Per%20Sqft/sliding-window-price-range-india-1200.webp,,in stock,66226.00 INR,,new,Woodenmax,,,no,Hardware > Building Materials,Home & Garden > aluminium-windows,aluminium-windows,IN::Standard:0.00 INR,,aluminium-windows,luxury,package,standard-size-package,2026
2track-french-8x8-mesh,2 Track French Sliding Door Sliding Window 8×8 ft With Mesh · 8mm Clear Tuff | Woodenmax,Premium series · With mesh · 8mm clear tuff · Standard powder coat. Live package rate from WoodenMax calculator. GST 18% extra. Hyderabad factory. India-wide supply. Configure custom sizes on product page.,https://woodenmax.in/products/aluminium-windows/2-track-french-sliding-door,https://woodenmax.in/images/products/Window%20Price%20Per%20Sqft/sliding-window-price-range-india-1200.webp,,in stock,75166.00 INR,,new,Woodenmax,,,no,Hardware > Building Materials,Home & Garden > aluminium-windows,aluminium-windows,IN::Standard:0.00 INR,,aluminium-windows,luxury,package,standard-size-package,2026
2track-french-6x8-nomesh,2 Track French Sliding Door Sliding Window 6×8 ft Without Mesh · 8mm Clear Tuff | Woodenmax,Premium series · Without mesh · 8mm clear tuff · Standard powder coat. Live package rate from WoodenMax calculator. GST 18% extra. Hyderabad factory. India-wide supply. Configure custom sizes on product page.,https://woodenmax.in/products/aluminium-windows/2-track-french-sliding-door,https://woodenmax.in/images/products/Window%20Price%20Per%20Sqft/sliding-window-price-range-india-1200.webp,,in stock,50368.00 INR,,new,Woodenmax,,,no,Hardware > Building Materials,Home & Garden > aluminium-windows,aluminium-windows,IN::Standard:0.00 INR,,aluminium-windows,luxury,package,standard-size-package,2026
2track-french-6x8-mesh,2 Track French Sliding Door Sliding Window 6×8 ft With Mesh · 8mm Clear Tuff | Woodenmax,Premium series · With mesh · 8mm clear tuff · Standard powder coat. Live package rate from WoodenMax calculator. GST 18% extra. Hyderabad factory. India-wide supply. Configure custom sizes on product page.,https://woodenmax.in/products/aluminium-windows/2-track-french-sliding-door,https://woodenmax.in/images/products/Window%20Price%20Per%20Sqft/sliding-window-price-range-india-1200.webp,,in stock,57074.00 INR,,new,Woodenmax,,,no,Hardware > Building Materials,Home & Garden > aluminium-windows,aluminium-windows,IN::Standard:0.00 INR,,aluminium-windows,luxury,package,standard-size-package,2026
2track-french-10x8-nomesh,2 Track French Sliding Door Sliding Window 10×8 ft Without Mesh · 8mm Clear Tuff | Woodenmax,Premium series · Without mesh · 8mm clear tuff · Standard powder coat. Live package rate from WoodenMax calculator. GST 18% extra. Hyderabad factory. India-wide supply. Configure custom sizes on product page.,https://woodenmax.in/products/aluminium-windows/2-track-french-sliding-door,https://woodenmax.in/images/products/Window%20Price%20Per%20Sqft/sliding-window-price-range-india-1200.webp,,in stock,82083.00 INR,,new,Woodenmax,,,no,Hardware > Building Materials,Home & Garden > aluminium-windows,aluminium-windows,IN::Standard:0.00 INR,,aluminium-windows,luxury,package,standard-size-package,2026
2track-french-10x8-mesh,2 Track French Sliding Door Sliding Window 10×8 ft With Mesh · 8mm Clear Tuff | Woodenmax,Premium series · With mesh · 8mm clear tuff · Standard powder coat. Live package rate from WoodenMax calculator. GST 18% extra. Hyderabad factory. India-wide supply. Configure custom sizes on product page.,https://woodenmax.in/products/aluminium-windows/2-track-french-sliding-door,https://woodenmax.in/images/products/Window%20Price%20Per%20Sqft/sliding-window-price-range-india-1200.webp,,in stock,93259.00 INR,,new,Woodenmax,,,no,Hardware > Building Materials,Home & Garden > aluminium-windows,aluminium-windows,IN::Standard:0.00 INR,,aluminium-windows,luxury,package,standard-size-package,2026
2track-french-12x8-nomesh,2 Track French Sliding Door Sliding Window 12×8 ft Without Mesh · 8mm Clear Tuff | Woodenmax,Premium series · Without mesh · 8mm clear tuff · Standard powder coat. Live package rate from WoodenMax calculator. GST 18% extra. Hyderabad factory. India-wide supply. Configure custom sizes on product page.,https://woodenmax.in/products/aluminium-windows/2-track-french-sliding-door,https://woodenmax.in/images/products/Window%20Price%20Per%20Sqft/sliding-window-price-range-india-1200.webp,,in stock,97941.00 INR,,new,Woodenmax,,,no,Hardware > Building Materials,Home & Garden > aluminium-windows,aluminium-windows,IN::Standard:0.00 INR,,aluminium-windows,luxury,package,standard-size-package,2026
2track-french-12x8-mesh,2 Track French Sliding Door Sliding Window 12×8 ft With Mesh · 8mm Clear Tuff | Woodenmax,Premium series · With mesh · 8mm clear tuff · Standard powder coat. Live package rate from WoodenMax calculator. GST 18% extra. Hyderabad factory. India-wide supply. Configure custom sizes on product page.,https://woodenmax.in/products/aluminium-windows/2-track-french-sliding-door,https://woodenmax.in/images/products/Window%20Price%20Per%20Sqft/sliding-window-price-range-india-1200.webp,,in stock,111352.00 INR,,new,Woodenmax,,,no,Hardware > Building Materials,Home & Garden > aluminium-windows,aluminium-windows,IN::Standard:0.00 INR,,aluminium-windows,luxury,package,standard-size-package,2026
3track-sliding-5x4-nomesh,2 Track 27mm Domal Sliding Window 5×4 ft Without Mesh · 6mm Clear Tuff | Woodenmax,Economy Domal · 2 track without mesh · 6mm clear tuff · Standard powder coat. Live package rate from WoodenMax calculator. GST 18% extra. Hyderabad factory. India-wide supply. Configure custom sizes on product page.,https://woodenmax.in/products/aluminium-windows/3-track-sliding-window,https://woodenmax.in/images/products/Window%20Price%20Per%20Sqft/sliding-window-price-range-india-1200.webp,,in stock,15365.00 INR,,new,Woodenmax,,,no,Hardware > Building Materials,Home & Garden > aluminium-windows,aluminium-windows,IN::Standard:0.00 INR,,aluminium-windows,luxury,package,standard-size-package,2026
3track-sliding-5x4-mesh,3 Track 27mm Domal Sliding Window 5×4 ft With Mesh · 6mm Clear Tuff | Woodenmax,Economy Domal · 3 track with mesh · 6mm clear tuff · Standard powder coat. Live package rate from WoodenMax calculator. GST 18% extra. Hyderabad factory. India-wide supply. Configure custom sizes on product page.,https://woodenmax.in/products/aluminium-windows/3-track-sliding-window,https://woodenmax.in/images/products/Window%20Price%20Per%20Sqft/sliding-window-price-range-india-1200.webp,,in stock,18125.00 INR,,new,Woodenmax,,,no,Hardware > Building Materials,Home & Garden > aluminium-windows,aluminium-windows,IN::Standard:0.00 INR,,aluminium-windows,luxury,package,standard-size-package,2026
3track-sliding-4x4-nomesh,2 Track 27mm Domal Sliding Window 4×4 ft Without Mesh · 6mm Clear Tuff | Woodenmax,Economy Domal · 2 track without mesh · 6mm clear tuff · Standard powder coat. Live package rate from WoodenMax calculator. GST 18% extra. Hyderabad factory. India-wide supply. Configure custom sizes on product page.,https://woodenmax.in/products/aluminium-windows/3-track-sliding-window,https://woodenmax.in/images/products/Window%20Price%20Per%20Sqft/sliding-window-price-range-india-1200.webp,,in stock,12514.00 INR,,new,Woodenmax,,,no,Hardware > Building Materials,Home & Garden > aluminium-windows,aluminium-windows,IN::Standard:0.00 INR,,aluminium-windows,luxury,package,standard-size-package,2026
3track-sliding-4x4-mesh,3 Track 27mm Domal Sliding Window 4×4 ft With Mesh · 6mm Clear Tuff | Woodenmax,Economy Domal · 3 track with mesh · 6mm clear tuff · Standard powder coat. Live package rate from WoodenMax calculator. GST 18% extra. Hyderabad factory. India-wide supply. Configure custom sizes on product page.,https://woodenmax.in/products/aluminium-windows/3-track-sliding-window,https://woodenmax.in/images/products/Window%20Price%20Per%20Sqft/sliding-window-price-range-india-1200.webp,,in stock,14722.00 INR,,new,Woodenmax,,,no,Hardware > Building Materials,Home & Garden > aluminium-windows,aluminium-windows,IN::Standard:0.00 INR,,aluminium-windows,luxury,package,standard-size-package,2026
3track-sliding-6x6-nomesh,2 Track 27mm Domal Sliding Window 6×6 ft Without Mesh · 6mm Clear Tuff | Woodenmax,Economy Domal · 2 track without mesh · 6mm clear tuff · Standard powder coat. Live package rate from WoodenMax calculator. GST 18% extra. Hyderabad factory. India-wide supply. Configure custom sizes on product page.,https://woodenmax.in/products/aluminium-windows/3-track-sliding-window,https://woodenmax.in/images/products/Window%20Price%20Per%20Sqft/sliding-window-price-range-india-1200.webp,,in stock,26770.00 INR,,new,Woodenmax,,,no,Hardware > Building Materials,Home & Garden > aluminium-windows,aluminium-windows,IN::Standard:0.00 INR,,aluminium-windows,luxury,package,standard-size-package,2026
3track-sliding-6x6-mesh,3 Track 27mm Domal Sliding Window 6×6 ft With Mesh · 6mm Clear Tuff | Woodenmax,Economy Domal · 3 track with mesh · 6mm clear tuff · Standard powder coat. Live package rate from WoodenMax calculator. GST 18% extra. Hyderabad factory. India-wide supply. Configure custom sizes on product page.,https://woodenmax.in/products/aluminium-windows/3-track-sliding-window,https://woodenmax.in/images/products/Window%20Price%20Per%20Sqft/sliding-window-price-range-india-1200.webp,,in stock,31738.00 INR,,new,Woodenmax,,,no,Hardware > Building Materials,Home & Garden > aluminium-windows,aluminium-windows,IN::Standard:0.00 INR,,aluminium-windows,luxury,package,standard-size-package,2026
3track-sliding-6x5-nomesh,2 Track 27mm Domal Sliding Window 6×5 ft Without Mesh · 6mm Clear Tuff | Woodenmax,Economy Domal · 2 track without mesh · 6mm clear tuff · Standard powder coat. Live package rate from WoodenMax calculator. GST 18% extra. Hyderabad factory. India-wide supply. Configure custom sizes on product page.,https://woodenmax.in/products/aluminium-windows/3-track-sliding-window,https://woodenmax.in/images/products/Window%20Price%20Per%20Sqft/sliding-window-price-range-india-1200.webp,,in stock,22493.00 INR,,new,Woodenmax,,,no,Hardware > Building Materials,Home & Garden > aluminium-windows,aluminium-windows,IN::Standard:0.00 INR,,aluminium-windows,luxury,package,standard-size-package,2026
3track-sliding-6x5-mesh,3 Track 27mm Domal Sliding Window 6×5 ft With Mesh · 6mm Clear Tuff | Woodenmax,Economy Domal · 3 track with mesh · 6mm clear tuff · Standard powder coat. Live package rate from WoodenMax calculator. GST 18% extra. Hyderabad factory. India-wide supply. Configure custom sizes on product page.,https://woodenmax.in/products/aluminium-windows/3-track-sliding-window,https://woodenmax.in/images/products/Window%20Price%20Per%20Sqft/sliding-window-price-range-india-1200.webp,,in stock,26633.00 INR,,new,Woodenmax,,,no,Hardware > Building Materials,Home & Garden > aluminium-windows,aluminium-windows,IN::Standard:0.00 INR,,aluminium-windows,luxury,package,standard-size-package,2026
slimline-aluminium-window-1-5x3-std,Slimline Casement 1.5×3 ft Top hung / side swing · 6mm | Woodenmax,Top hung / side swing casement · 6mm clear tuff · Standard powder coat. Live package rate from WoodenMax calculator. GST 18% extra. Hyderabad factory. India-wide supply. Configure custom sizes on product page.,https://woodenmax.in/products/aluminium-windows/slimline-aluminium-window,https://woodenmax.in/images/products/Window%20Price%20Per%20Sqft/sliding-window-price-range-india-1200.webp,,in stock,5397.00 INR,,new,Woodenmax,,,no,Hardware > Building Materials,Home & Garden > aluminium-windows,aluminium-windows,IN::Standard:0.00 INR,,aluminium-windows,luxury,package,standard-size-package,2026
slimline-aluminium-window-2x4-std,Slimline Casement 2×4 ft Top hung / side swing · 6mm | Woodenmax,Top hung / side swing casement · 6mm clear tuff · Standard powder coat. Live package rate from WoodenMax calculator. GST 18% extra. Hyderabad factory. India-wide supply. Configure custom sizes on product page.,https://woodenmax.in/products/aluminium-windows/slimline-aluminium-window,https://woodenmax.in/images/products/Window%20Price%20Per%20Sqft/sliding-window-price-range-india-1200.webp,,in stock,8892.00 INR,,new,Woodenmax,,,no,Hardware > Building Materials,Home & Garden > aluminium-windows,aluminium-windows,IN::Standard:0.00 INR,,aluminium-windows,luxury,package,standard-size-package,2026
slimline-aluminium-window-2-5x5-std,Slimline Casement 2.5×5 ft Top hung / side swing · 6mm | Woodenmax,Top hung / side swing casement · 6mm clear tuff · Standard powder coat. Live package rate from WoodenMax calculator. GST 18% extra. Hyderabad factory. India-wide supply. Configure custom sizes on product page.,https://woodenmax.in/products/aluminium-windows/slimline-aluminium-window,https://woodenmax.in/images/products/Window%20Price%20Per%20Sqft/sliding-window-price-range-india-1200.webp,,in stock,13387.00 INR,,new,Woodenmax,,,no,Hardware > Building Materials,Home & Garden > aluminium-windows,aluminium-windows,IN::Standard:0.00 INR,,aluminium-windows,luxury,package,standard-size-package,2026
slimline-aluminium-window-3x5-std,Slimline Casement 3×5 ft Top hung / side swing · 6mm | Woodenmax,Top hung / side swing casement · 6mm clear tuff · Standard powder coat. Live package rate from WoodenMax calculator. GST 18% extra. Hyderabad factory. India-wide supply. Configure custom sizes on product page.,https://woodenmax.in/products/aluminium-windows/slimline-aluminium-window,https://woodenmax.in/images/products/Window%20Price%20Per%20Sqft/sliding-window-price-range-india-1200.webp,,in stock,15884.00 INR,,new,Woodenmax,,,no,Hardware > Building Materials,Home & Garden > aluminium-windows,aluminium-windows,IN::Standard:0.00 INR,,aluminium-windows,luxury,package,standard-size-package,2026
slimline-aluminium-window-3x6-std,Slimline Casement 3×6 ft Half fixed + half top-hung · 6mm | Woodenmax,Half fixed lite + half top-hung / side swing · 6mm clear tuff. Live package rate from WoodenMax calculator. GST 18% extra. Hyderabad factory. India-wide supply. Configure custom sizes on product page.,https://woodenmax.in/products/aluminium-windows/slimline-aluminium-window,https://woodenmax.in/images/products/Window%20Price%20Per%20Sqft/sliding-window-price-range-india-1200.webp,,in stock,18880.00 INR,,new,Woodenmax,,,no,Hardware > Building Materials,Home & Garden > aluminium-windows,aluminium-windows,IN::Standard:0.00 INR,,aluminium-windows,luxury,package,standard-size-package,2026
slimline-aluminium-window-2x6-std,Slimline Casement 2×6 ft Half fixed + half top-hung · 6mm | Woodenmax,Half fixed lite + half top-hung / side swing · 6mm clear tuff. Live package rate from WoodenMax calculator. GST 18% extra. Hyderabad factory. India-wide supply. Configure custom sizes on product page.,https://woodenmax.in/products/aluminium-windows/slimline-aluminium-window,https://woodenmax.in/images/products/Window%20Price%20Per%20Sqft/sliding-window-price-range-india-1200.webp,,in stock,12888.00 INR,,new,Woodenmax,,,no,Hardware > Building Materials,Home & Garden > aluminium-windows,aluminium-windows,IN::Standard:0.00 INR,,aluminium-windows,luxury,package,standard-size-package,2026
slimline-aluminium-window-3x8-std,Slimline Casement 3×8 ft Half fixed + half top-hung · 6mm | Woodenmax,Half fixed lite + half top-hung / side swing · 6mm clear tuff. Live package rate from WoodenMax calculator. GST 18% extra. Hyderabad factory. India-wide supply. Configure custom sizes on product page.,https://woodenmax.in/products/aluminium-windows/slimline-aluminium-window,https://woodenmax.in/images/products/Window%20Price%20Per%20Sqft/sliding-window-price-range-india-1200.webp,,in stock,24873.00 INR,,new,Woodenmax,,,no,Hardware > Building Materials,Home & Garden > aluminium-windows,aluminium-windows,IN::Standard:0.00 INR,,aluminium-windows,luxury,package,standard-size-package,2026
top-hung-casement-1-5x3-std,Top Hung Casement 1.5×3 ft Top hung / side swing · 6mm | Woodenmax,Top hung / side swing casement · 6mm clear tuff · Standard powder coat. Live package rate from WoodenMax calculator. GST 18% extra. Hyderabad factory. India-wide supply. Configure custom sizes on product page.,https://woodenmax.in/products/aluminium-windows/top-hung-casement-window,https://woodenmax.in/images/products/Window%20Price%20Per%20Sqft/sliding-window-price-range-india-1200.webp,,in stock,4558.00 INR,,new,Woodenmax,,,no,Hardware > Building Materials,Home & Garden > aluminium-windows,aluminium-windows,IN::Standard:0.00 INR,,aluminium-windows,luxury,package,standard-size-package,2026
top-hung-casement-2x4-std,Top Hung Casement 2×4 ft Top hung / side swing · 6mm | Woodenmax,Top hung / side swing casement · 6mm clear tuff · Standard powder coat. Live package rate from WoodenMax calculator. GST 18% extra. Hyderabad factory. India-wide supply. Configure custom sizes on product page.,https://woodenmax.in/products/aluminium-windows/top-hung-casement-window,https://woodenmax.in/images/products/Window%20Price%20Per%20Sqft/sliding-window-price-range-india-1200.webp,,in stock,7461.00 INR,,new,Woodenmax,,,no,Hardware > Building Materials,Home & Garden > aluminium-windows,aluminium-windows,IN::Standard:0.00 INR,,aluminium-windows,luxury,package,standard-size-package,2026
top-hung-casement-2-5x5-std,Top Hung Casement 2.5×5 ft Top hung / side swing · 6mm | Woodenmax,Top hung / side swing casement · 6mm clear tuff · Standard powder coat. Live package rate from WoodenMax calculator. GST 18% extra. Hyderabad factory. India-wide supply. Configure custom sizes on product page.,https://woodenmax.in/products/aluminium-windows/top-hung-casement-window,https://woodenmax.in/images/products/Window%20Price%20Per%20Sqft/sliding-window-price-range-india-1200.webp,,in stock,11194.00 INR,,new,Woodenmax,,,no,Hardware > Building Materials,Home & Garden > aluminium-windows,aluminium-windows,IN::Standard:0.00 INR,,aluminium-windows,luxury,package,standard-size-package,2026
top-hung-casement-3x5-std,Top Hung Casement 3×5 ft Top hung / side swing · 6mm | Woodenmax,Top hung / side swing casement · 6mm clear tuff · Standard powder coat. Live package rate from WoodenMax calculator. GST 18% extra. Hyderabad factory. India-wide supply. Configure custom sizes on product page.,https://woodenmax.in/products/aluminium-windows/top-hung-casement-window,https://woodenmax.in/images/products/Window%20Price%20Per%20Sqft/sliding-window-price-range-india-1200.webp,,in stock,13267.00 INR,,new,Woodenmax,,,no,Hardware > Building Materials,Home & Garden > aluminium-windows,aluminium-windows,IN::Standard:0.00 INR,,aluminium-windows,luxury,package,standard-size-package,2026
top-hung-casement-3x6-std,Top Hung Casement 3×6 ft Half fixed + half top-hung · 6mm | Woodenmax,Half fixed lite + half top-hung / side swing · 6mm clear tuff. Live package rate from WoodenMax calculator. GST 18% extra. Hyderabad factory. India-wide supply. Configure custom sizes on product page.,https://woodenmax.in/products/aluminium-windows/top-hung-casement-window,https://woodenmax.in/images/products/Window%20Price%20Per%20Sqft/sliding-window-price-range-india-1200.webp,,in stock,15755.00 INR,,new,Woodenmax,,,no,Hardware > Building Materials,Home & Garden > aluminium-windows,aluminium-windows,IN::Standard:0.00 INR,,aluminium-windows,luxury,package,standard-size-package,2026
top-hung-casement-2x6-std,Top Hung Casement 2×6 ft Half fixed + half top-hung · 6mm | Woodenmax,Half fixed lite + half top-hung / side swing · 6mm clear tuff. Live package rate from WoodenMax calculator. GST 18% extra. Hyderabad factory. India-wide supply. Configure custom sizes on product page.,https://woodenmax.in/products/aluminium-windows/top-hung-casement-window,https://woodenmax.in/images/products/Window%20Price%20Per%20Sqft/sliding-window-price-range-india-1200.webp,,in stock,10779.00 INR,,new,Woodenmax,,,no,Hardware > Building Materials,Home & Garden > aluminium-windows,aluminium-windows,IN::Standard:0.00 INR,,aluminium-windows,luxury,package,standard-size-package,2026
top-hung-casement-3x8-std,Top Hung Casement 3×8 ft Half fixed + half top-hung · 6mm | Woodenmax,Half fixed lite + half top-hung / side swing · 6mm clear tuff. Live package rate from WoodenMax calculator. GST 18% extra. Hyderabad factory. India-wide supply. Configure custom sizes on product page.,https://woodenmax.in/products/aluminium-windows/top-hung-casement-window,https://woodenmax.in/images/products/Window%20Price%20Per%20Sqft/sliding-window-price-range-india-1200.webp,,in stock,20732.00 INR,,new,Woodenmax,,,no,Hardware > Building Materials,Home & Garden > aluminium-windows,aluminium-windows,IN::Standard:0.00 INR,,aluminium-windows,luxury,package,standard-size-package,2026
system-casement-50mm-euro-guide-1-5x3-std,50mm Euro Casement Guide 1.5×3 ft Top hung / side swing · 6mm | Woodenmax,Top hung / side swing casement · 6mm clear tuff · Standard powder coat. Live package rate from WoodenMax calculator. GST 18% extra. Hyderabad factory. India-wide supply. Configure custom sizes on product page.,https://woodenmax.in/products/aluminium-windows/what-is-aluminium-system-window,https://woodenmax.in/images/products/Window%20Price%20Per%20Sqft/sliding-window-price-range-india-1200.webp,,in stock,4525.00 INR,,new,Woodenmax,,,no,Hardware > Building Materials,Home & Garden > aluminium-windows,aluminium-windows,IN::Standard:0.00 INR,,aluminium-windows,luxury,package,standard-size-package,2026
system-casement-50mm-euro-guide-2x4-std,50mm Euro Casement Guide 2×4 ft Top hung / side swing · 6mm | Woodenmax,Top hung / side swing casement · 6mm clear tuff · Standard powder coat. Live package rate from WoodenMax calculator. GST 18% extra. Hyderabad factory. India-wide supply. Configure custom sizes on product page.,https://woodenmax.in/products/aluminium-windows/what-is-aluminium-system-window,https://woodenmax.in/images/products/Window%20Price%20Per%20Sqft/sliding-window-price-range-india-1200.webp,,in stock,7405.00 INR,,new,Woodenmax,,,no,Hardware > Building Materials,Home & Garden > aluminium-windows,aluminium-windows,IN::Standard:0.00 INR,,aluminium-windows,luxury,package,standard-size-package,2026
system-casement-50mm-euro-guide-2-5x5-std,50mm Euro Casement Guide 2.5×5 ft Top hung / side swing · 6mm | Woodenmax,Top hung / side swing casement · 6mm clear tuff · Standard powder coat. Live package rate from WoodenMax calculator. GST 18% extra. Hyderabad factory. India-wide supply. Configure custom sizes on product page.,https://woodenmax.in/products/aluminium-windows/what-is-aluminium-system-window,https://woodenmax.in/images/products/Window%20Price%20Per%20Sqft/sliding-window-price-range-india-1200.webp,,in stock,11108.00 INR,,new,Woodenmax,,,no,Hardware > Building Materials,Home & Garden > aluminium-windows,aluminium-windows,IN::Standard:0.00 INR,,aluminium-windows,luxury,package,standard-size-package,2026
system-casement-50mm-euro-guide-3x5-std,50mm Euro Casement Guide 3×5 ft Top hung / side swing · 6mm | Woodenmax,Top hung / side swing casement · 6mm clear tuff · Standard powder coat. Live package rate from WoodenMax calculator. GST 18% extra. Hyderabad factory. India-wide supply. Configure custom sizes on product page.,https://woodenmax.in/products/aluminium-windows/what-is-aluminium-system-window,https://woodenmax.in/images/products/Window%20Price%20Per%20Sqft/sliding-window-price-range-india-1200.webp,,in stock,13165.00 INR,,new,Woodenmax,,,no,Hardware > Building Materials,Home & Garden > aluminium-windows,aluminium-windows,IN::Standard:0.00 INR,,aluminium-windows,luxury,package,standard-size-package,2026
system-casement-50mm-euro-guide-3x6-std,50mm Euro Casement Guide 3×6 ft Half fixed + half top-hung · 6mm | Woodenmax,Half fixed lite + half top-hung / side swing · 6mm clear tuff. Live package rate from WoodenMax calculator. GST 18% extra. Hyderabad factory. India-wide supply. Configure custom sizes on product page.,https://woodenmax.in/products/aluminium-windows/what-is-aluminium-system-window,https://woodenmax.in/images/products/Window%20Price%20Per%20Sqft/sliding-window-price-range-india-1200.webp,,in stock,15633.00 INR,,new,Woodenmax,,,no,Hardware > Building Materials,Home & Garden > aluminium-windows,aluminium-windows,IN::Standard:0.00 INR,,aluminium-windows,luxury,package,standard-size-package,2026
system-casement-50mm-euro-guide-2x6-std,50mm Euro Casement Guide 2×6 ft Half fixed + half top-hung · 6mm | Woodenmax,Half fixed lite + half top-hung / side swing · 6mm clear tuff. Live package rate from WoodenMax calculator. GST 18% extra. Hyderabad factory. India-wide supply. Configure custom sizes on product page.,https://woodenmax.in/products/aluminium-windows/what-is-aluminium-system-window,https://woodenmax.in/images/products/Window%20Price%20Per%20Sqft/sliding-window-price-range-india-1200.webp,,in stock,10696.00 INR,,new,Woodenmax,,,no,Hardware > Building Materials,Home & Garden > aluminium-windows,aluminium-windows,IN::Standard:0.00 INR,,aluminium-windows,luxury,package,standard-size-package,2026
system-casement-50mm-euro-guide-3x8-std,50mm Euro Casement Guide 3×8 ft Half fixed + half top-hung · 6mm | Woodenmax,Half fixed lite + half top-hung / side swing · 6mm clear tuff. Live package rate from WoodenMax calculator. GST 18% extra. Hyderabad factory. India-wide supply. Configure custom sizes on product page.,https://woodenmax.in/products/aluminium-windows/what-is-aluminium-system-window,https://woodenmax.in/images/products/Window%20Price%20Per%20Sqft/sliding-window-price-range-india-1200.webp,,in stock,20570.00 INR,,new,Woodenmax,,,no,Hardware > Building Materials,Home & Garden > aluminium-windows,aluminium-windows,IN::Standard:0.00 INR,,aluminium-windows,luxury,package,standard-size-package,2026
system-casement-52mm-gulf-brands-1-5x3-std,52mm Gulf Brands Casement 1.5×3 ft Top hung / side swing · 6mm | Woodenmax,Top hung / side swing casement · 6mm clear tuff · Standard powder coat. Live package rate from WoodenMax calculator. GST 18% extra. Hyderabad factory. India-wide supply. Configure custom sizes on product page.,https://woodenmax.in/products/aluminium-windows/aluminium-system-window-brands-india,https://woodenmax.in/images/products/Window%20Price%20Per%20Sqft/sliding-window-price-range-india-1200.webp,,in stock,4602.00 INR,,new,Woodenmax,,,no,Hardware > Building Materials,Home & Garden > aluminium-windows,aluminium-windows,IN::Standard:0.00 INR,,aluminium-windows,luxury,package,standard-size-package,2026
system-casement-52mm-gulf-brands-2x4-std,52mm Gulf Brands Casement 2×4 ft Top hung / side swing · 6mm | Woodenmax,Top hung / side swing casement · 6mm clear tuff · Standard powder coat. Live package rate from WoodenMax calculator. GST 18% extra. Hyderabad factory. India-wide supply. Configure custom sizes on product page.,https://woodenmax.in/products/aluminium-windows/aluminium-system-window-brands-india,https://woodenmax.in/images/products/Window%20Price%20Per%20Sqft/sliding-window-price-range-india-1200.webp,,in stock,7536.00 INR,,new,Woodenmax,,,no,Hardware > Building Materials,Home & Garden > aluminium-windows,aluminium-windows,IN::Standard:0.00 INR,,aluminium-windows,luxury,package,standard-size-package,2026
system-casement-52mm-gulf-brands-2-5x5-std,52mm Gulf Brands Casement 2.5×5 ft Top hung / side swing · 6mm | Woodenmax,Top hung / side swing casement · 6mm clear tuff · Standard powder coat. Live package rate from WoodenMax calculator. GST 18% extra. Hyderabad factory. India-wide supply. Configure custom sizes on product page.,https://woodenmax.in/products/aluminium-windows/aluminium-system-window-brands-india,https://woodenmax.in/images/products/Window%20Price%20Per%20Sqft/sliding-window-price-range-india-1200.webp,,in stock,11308.00 INR,,new,Woodenmax,,,no,Hardware > Building Materials,Home & Garden > aluminium-windows,aluminium-windows,IN::Standard:0.00 INR,,aluminium-windows,luxury,package,standard-size-package,2026
system-casement-52mm-gulf-brands-3x5-std,52mm Gulf Brands Casement 3×5 ft Top hung / side swing · 6mm | Woodenmax,Top hung / side swing casement · 6mm clear tuff · Standard powder coat. Live package rate from WoodenMax calculator. GST 18% extra. Hyderabad factory. India-wide supply. Configure custom sizes on product page.,https://woodenmax.in/products/aluminium-windows/aluminium-system-window-brands-india,https://woodenmax.in/images/products/Window%20Price%20Per%20Sqft/sliding-window-price-range-india-1200.webp,,in stock,13404.00 INR,,new,Woodenmax,,,no,Hardware > Building Materials,Home & Garden > aluminium-windows,aluminium-windows,IN::Standard:0.00 INR,,aluminium-windows,luxury,package,standard-size-package,2026
system-casement-52mm-gulf-brands-3x6-std,52mm Gulf Brands Casement 3×6 ft Half fixed + half top-hung · 6mm | Woodenmax,Half fixed lite + half top-hung / side swing · 6mm clear tuff. Live package rate from WoodenMax calculator. GST 18% extra. Hyderabad factory. India-wide supply. Configure custom sizes on product page.,https://woodenmax.in/products/aluminium-windows/aluminium-system-window-brands-india,https://woodenmax.in/images/products/Window%20Price%20Per%20Sqft/sliding-window-price-range-india-1200.webp,,in stock,15918.00 INR,,new,Woodenmax,,,no,Hardware > Building Materials,Home & Garden > aluminium-windows,aluminium-windows,IN::Standard:0.00 INR,,aluminium-windows,luxury,package,standard-size-package,2026
system-casement-52mm-gulf-brands-2x6-std,52mm Gulf Brands Casement 2×6 ft Half fixed + half top-hung · 6mm | Woodenmax,Half fixed lite + half top-hung / side swing · 6mm clear tuff. Live package rate from WoodenMax calculator. GST 18% extra. Hyderabad factory. India-wide supply. Configure custom sizes on product page.,https://woodenmax.in/products/aluminium-windows/aluminium-system-window-brands-india,https://woodenmax.in/images/products/Window%20Price%20Per%20Sqft/sliding-window-price-range-india-1200.webp,,in stock,10889.00 INR,,new,Woodenmax,,,no,Hardware > Building Materials,Home & Garden > aluminium-windows,aluminium-windows,IN::Standard:0.00 INR,,aluminium-windows,luxury,package,standard-size-package,2026
system-casement-52mm-gulf-brands-3x8-std,52mm Gulf Brands Casement 3×8 ft Half fixed + half top-hung · 6mm | Woodenmax,Half fixed lite + half top-hung / side swing · 6mm clear tuff. Live package rate from WoodenMax calculator. GST 18% extra. Hyderabad factory. India-wide supply. Configure custom sizes on product page.,https://woodenmax.in/products/aluminium-windows/aluminium-system-window-brands-india,https://woodenmax.in/images/products/Window%20Price%20Per%20Sqft/sliding-window-price-range-india-1200.webp,,in stock,20947.00 INR,,new,Woodenmax,,,no,Hardware > Building Materials,Home & Garden > aluminium-windows,aluminium-windows,IN::Standard:0.00 INR,,aluminium-windows,luxury,package,standard-size-package,2026
system-casement-50mm-euro-1-5x3-std,50mm Euro Casement 1.5×3 ft Top hung / side swing · 6mm | Woodenmax,Top hung / side swing casement · 6mm clear tuff · Standard powder coat. Live package rate from WoodenMax calculator. GST 18% extra. Hyderabad factory. India-wide supply. Configure custom sizes on product page.,https://woodenmax.in/products/aluminium-windows/system-casement-window-price,https://woodenmax.in/images/products/Window%20Price%20Per%20Sqft/sliding-window-price-range-india-1200.webp,,in stock,4558.00 INR,,new,Woodenmax,,,no,Hardware > Building Materials,Home & Garden > aluminium-windows,aluminium-windows,IN::Standard:0.00 INR,,aluminium-windows,luxury,package,standard-size-package,2026
system-casement-50mm-euro-2x4-std,50mm Euro Casement 2×4 ft Top hung / side swing · 6mm | Woodenmax,Top hung / side swing casement · 6mm clear tuff · Standard powder coat. Live package rate from WoodenMax calculator. GST 18% extra. Hyderabad factory. India-wide supply. Configure custom sizes on product page.,https://woodenmax.in/products/aluminium-windows/system-casement-window-price,https://woodenmax.in/images/products/Window%20Price%20Per%20Sqft/sliding-window-price-range-india-1200.webp,,in stock,7461.00 INR,,new,Woodenmax,,,no,Hardware > Building Materials,Home & Garden > aluminium-windows,aluminium-windows,IN::Standard:0.00 INR,,aluminium-windows,luxury,package,standard-size-package,2026
system-casement-50mm-euro-2-5x5-std,50mm Euro Casement 2.5×5 ft Top hung / side swing · 6mm | Woodenmax,Top hung / side swing casement · 6mm clear tuff · Standard powder coat. Live package rate from WoodenMax calculator. GST 18% extra. Hyderabad factory. India-wide supply. Configure custom sizes on product page.,https://woodenmax.in/products/aluminium-windows/system-casement-window-price,https://woodenmax.in/images/products/Window%20Price%20Per%20Sqft/sliding-window-price-range-india-1200.webp,,in stock,11194.00 INR,,new,Woodenmax,,,no,Hardware > Building Materials,Home & Garden > aluminium-windows,aluminium-windows,IN::Standard:0.00 INR,,aluminium-windows,luxury,package,standard-size-package,2026
system-casement-50mm-euro-3x5-std,50mm Euro Casement 3×5 ft Top hung / side swing · 6mm | Woodenmax,Top hung / side swing casement · 6mm clear tuff · Standard powder coat. Live package rate from WoodenMax calculator. GST 18% extra. Hyderabad factory. India-wide supply. Configure custom sizes on product page.,https://woodenmax.in/products/aluminium-windows/system-casement-window-price,https://woodenmax.in/images/products/Window%20Price%20Per%20Sqft/sliding-window-price-range-india-1200.webp,,in stock,13267.00 INR,,new,Woodenmax,,,no,Hardware > Building Materials,Home & Garden > aluminium-windows,aluminium-windows,IN::Standard:0.00 INR,,aluminium-windows,luxury,package,standard-size-package,2026
system-casement-50mm-euro-3x6-std,50mm Euro Casement 3×6 ft Half fixed + half top-hung · 6mm | Woodenmax,Half fixed lite + half top-hung / side swing · 6mm clear tuff. Live package rate from WoodenMax calculator. GST 18% extra. Hyderabad factory. India-wide supply. Configure custom sizes on product page.,https://woodenmax.in/products/aluminium-windows/system-casement-window-price,https://woodenmax.in/images/products/Window%20Price%20Per%20Sqft/sliding-window-price-range-india-1200.webp,,in stock,15755.00 INR,,new,Woodenmax,,,no,Hardware > Building Materials,Home & Garden > aluminium-windows,aluminium-windows,IN::Standard:0.00 INR,,aluminium-windows,luxury,package,standard-size-package,2026
system-casement-50mm-euro-2x6-std,50mm Euro Casement 2×6 ft Half fixed + half top-hung · 6mm | Woodenmax,Half fixed lite + half top-hung / side swing · 6mm clear tuff. Live package rate from WoodenMax calculator. GST 18% extra. Hyderabad factory. India-wide supply. Configure custom sizes on product page.,https://woodenmax.in/products/aluminium-windows/system-casement-window-price,https://woodenmax.in/images/products/Window%20Price%20Per%20Sqft/sliding-window-price-range-india-1200.webp,,in stock,10779.00 INR,,new,Woodenmax,,,no,Hardware > Building Materials,Home & Garden > aluminium-windows,aluminium-windows,IN::Standard:0.00 INR,,aluminium-windows,luxury,package,standard-size-package,2026
system-casement-50mm-euro-3x8-std,50mm Euro Casement 3×8 ft Half fixed + half top-hung · 6mm | Woodenmax,Half fixed lite + half top-hung / side swing · 6mm clear tuff. Live package rate from WoodenMax calculator. GST 18% extra. Hyderabad factory. India-wide supply. Configure custom sizes on product page.,https://woodenmax.in/products/aluminium-windows/system-casement-window-price,https://woodenmax.in/images/products/Window%20Price%20Per%20Sqft/sliding-window-price-range-india-1200.webp,,in stock,20732.00 INR,,new,Woodenmax,,,no,Hardware > Building Materials,Home & Garden > aluminium-windows,aluminium-windows,IN::Standard:0.00 INR,,aluminium-windows,luxury,package,standard-size-package,2026
system-casement-52mm-gulf-slim-1-5x3-std,52mm Gulf Slim Casement 1.5×3 ft Top hung / side swing · 6mm | Woodenmax,Top hung / side swing casement · 6mm clear tuff · Standard powder coat. Live package rate from WoodenMax calculator. GST 18% extra. Hyderabad factory. India-wide supply. Configure custom sizes on product page.,https://woodenmax.in/products/aluminium-windows/slim-system-window-price,https://woodenmax.in/images/products/Window%20Price%20Per%20Sqft/sliding-window-price-range-india-1200.webp,,in stock,4638.00 INR,,new,Woodenmax,,,no,Hardware > Building Materials,Home & Garden > aluminium-windows,aluminium-windows,IN::Standard:0.00 INR,,aluminium-windows,luxury,package,standard-size-package,2026
system-casement-52mm-gulf-slim-2x4-std,52mm Gulf Slim Casement 2×4 ft Top hung / side swing · 6mm | Woodenmax,Top hung / side swing casement · 6mm clear tuff · Standard powder coat. Live package rate from WoodenMax calculator. GST 18% extra. Hyderabad factory. India-wide supply. Configure custom sizes on product page.,https://woodenmax.in/products/aluminium-windows/slim-system-window-price,https://woodenmax.in/images/products/Window%20Price%20Per%20Sqft/sliding-window-price-range-india-1200.webp,,in stock,7594.00 INR,,new,Woodenmax,,,no,Hardware > Building Materials,Home & Garden > aluminium-windows,aluminium-windows,IN::Standard:0.00 INR,,aluminium-windows,luxury,package,standard-size-package,2026
system-casement-52mm-gulf-slim-2-5x5-std,52mm Gulf Slim Casement 2.5×5 ft Top hung / side swing · 6mm | Woodenmax,Top hung / side swing casement · 6mm clear tuff · Standard powder coat. Live package rate from WoodenMax calculator. GST 18% extra. Hyderabad factory. India-wide supply. Configure custom sizes on product page.,https://woodenmax.in/products/aluminium-windows/slim-system-window-price,https://woodenmax.in/images/products/Window%20Price%20Per%20Sqft/sliding-window-price-range-india-1200.webp,,in stock,11396.00 INR,,new,Woodenmax,,,no,Hardware > Building Materials,Home & Garden > aluminium-windows,aluminium-windows,IN::Standard:0.00 INR,,aluminium-windows,luxury,package,standard-size-package,2026
system-casement-52mm-gulf-slim-3x5-std,52mm Gulf Slim Casement 3×5 ft Top hung / side swing · 6mm | Woodenmax,Top hung / side swing casement · 6mm clear tuff · Standard powder coat. Live package rate from WoodenMax calculator. GST 18% extra. Hyderabad factory. India-wide supply. Configure custom sizes on product page.,https://woodenmax.in/products/aluminium-windows/slim-system-window-price,https://woodenmax.in/images/products/Window%20Price%20Per%20Sqft/sliding-window-price-range-india-1200.webp,,in stock,13508.00 INR,,new,Woodenmax,,,no,Hardware > Building Materials,Home & Garden > aluminium-windows,aluminium-windows,IN::Standard:0.00 INR,,aluminium-windows,luxury,package,standard-size-package,2026
system-casement-52mm-gulf-slim-3x6-std,52mm Gulf Slim Casement 3×6 ft Half fixed + half top-hung · 6mm | Woodenmax,Half fixed lite + half top-hung / side swing · 6mm clear tuff. Live package rate from WoodenMax calculator. GST 18% extra. Hyderabad factory. India-wide supply. Configure custom sizes on product page.,https://woodenmax.in/products/aluminium-windows/slim-system-window-price,https://woodenmax.in/images/products/Window%20Price%20Per%20Sqft/sliding-window-price-range-india-1200.webp,,in stock,16042.00 INR,,new,Woodenmax,,,no,Hardware > Building Materials,Home & Garden > aluminium-windows,aluminium-windows,IN::Standard:0.00 INR,,aluminium-windows,luxury,package,standard-size-package,2026
system-casement-52mm-gulf-slim-2x6-std,52mm Gulf Slim Casement 2×6 ft Half fixed + half top-hung · 6mm | Woodenmax,Half fixed lite + half top-hung / side swing · 6mm clear tuff. Live package rate from WoodenMax calculator. GST 18% extra. Hyderabad factory. India-wide supply. Configure custom sizes on product page.,https://woodenmax.in/products/aluminium-windows/slim-system-window-price,https://woodenmax.in/images/products/Window%20Price%20Per%20Sqft/sliding-window-price-range-india-1200.webp,,in stock,10974.00 INR,,new,Woodenmax,,,no,Hardware > Building Materials,Home & Garden > aluminium-windows,aluminium-windows,IN::Standard:0.00 INR,,aluminium-windows,luxury,package,standard-size-package,2026
system-casement-52mm-gulf-slim-3x8-std,52mm Gulf Slim Casement 3×8 ft Half fixed + half top-hung · 6mm | Woodenmax,Half fixed lite + half top-hung / side swing · 6mm clear tuff. Live package rate from WoodenMax calculator. GST 18% extra. Hyderabad factory. India-wide supply. Configure custom sizes on product page.,https://woodenmax.in/products/aluminium-windows/slim-system-window-price,https://woodenmax.in/images/products/Window%20Price%20Per%20Sqft/sliding-window-price-range-india-1200.webp,,in stock,21111.00 INR,,new,Woodenmax,,,no,Hardware > Building Materials,Home & Garden > aluminium-windows,aluminium-windows,IN::Standard:0.00 INR,,aluminium-windows,luxury,package,standard-size-package,2026
system-casement-50mm-euro-villa-1-5x3-std,50mm Euro Villa Casement 1.5×3 ft Top hung / side swing · 6mm | Woodenmax,Top hung / side swing casement · 6mm clear tuff · Standard powder coat. Live package rate from WoodenMax calculator. GST 18% extra. Hyderabad factory. India-wide supply. Configure custom sizes on product page.,https://woodenmax.in/products/aluminium-windows/system-window-for-villa,https://woodenmax.in/images/products/Window%20Price%20Per%20Sqft/sliding-window-price-range-india-1200.webp,,in stock,4693.00 INR,,new,Woodenmax,,,no,Hardware > Building Materials,Home & Garden > aluminium-windows,aluminium-windows,IN::Standard:0.00 INR,,aluminium-windows,luxury,package,standard-size-package,2026
system-casement-50mm-euro-villa-2x4-std,50mm Euro Villa Casement 2×4 ft Top hung / side swing · 6mm | Woodenmax,Top hung / side swing casement · 6mm clear tuff · Standard powder coat. Live package rate from WoodenMax calculator. GST 18% extra. Hyderabad factory. India-wide supply. Configure custom sizes on product page.,https://woodenmax.in/products/aluminium-windows/system-window-for-villa,https://woodenmax.in/images/products/Window%20Price%20Per%20Sqft/sliding-window-price-range-india-1200.webp,,in stock,7688.00 INR,,new,Woodenmax,,,no,Hardware > Building Materials,Home & Garden > aluminium-windows,aluminium-windows,IN::Standard:0.00 INR,,aluminium-windows,luxury,package,standard-size-package,2026
system-casement-50mm-euro-villa-2-5x5-std,50mm Euro Villa Casement 2.5×5 ft Top hung / side swing · 6mm | Woodenmax,Top hung / side swing casement · 6mm clear tuff · Standard powder coat. Live package rate from WoodenMax calculator. GST 18% extra. Hyderabad factory. India-wide supply. Configure custom sizes on product page.,https://woodenmax.in/products/aluminium-windows/system-window-for-villa,https://woodenmax.in/images/products/Window%20Price%20Per%20Sqft/sliding-window-price-range-india-1200.webp,,in stock,11539.00 INR,,new,Woodenmax,,,no,Hardware > Building Materials,Home & Garden > aluminium-windows,aluminium-windows,IN::Standard:0.00 INR,,aluminium-windows,luxury,package,standard-size-package,2026
system-casement-50mm-euro-villa-3x5-std,50mm Euro Villa Casement 3×5 ft Top hung / side swing · 6mm | Woodenmax,Top hung / side swing casement · 6mm clear tuff · Standard powder coat. Live package rate from WoodenMax calculator. GST 18% extra. Hyderabad factory. India-wide supply. Configure custom sizes on product page.,https://woodenmax.in/products/aluminium-windows/system-window-for-villa,https://woodenmax.in/images/products/Window%20Price%20Per%20Sqft/sliding-window-price-range-india-1200.webp,,in stock,13679.00 INR,,new,Woodenmax,,,no,Hardware > Building Materials,Home & Garden > aluminium-windows,aluminium-windows,IN::Standard:0.00 INR,,aluminium-windows,luxury,package,standard-size-package,2026
system-casement-50mm-euro-villa-3x6-std,50mm Euro Villa Casement 3×6 ft Half fixed + half top-hung · 6mm | Woodenmax,Half fixed lite + half top-hung / side swing · 6mm clear tuff. Live package rate from WoodenMax calculator. GST 18% extra. Hyderabad factory. India-wide supply. Configure custom sizes on product page.,https://woodenmax.in/products/aluminium-windows/system-window-for-villa,https://woodenmax.in/images/products/Window%20Price%20Per%20Sqft/sliding-window-price-range-india-1200.webp,,in stock,16246.00 INR,,new,Woodenmax,,,no,Hardware > Building Materials,Home & Garden > aluminium-windows,aluminium-windows,IN::Standard:0.00 INR,,aluminium-windows,luxury,package,standard-size-package,2026
system-casement-50mm-euro-villa-2x6-std,50mm Euro Villa Casement 2×6 ft Half fixed + half top-hung · 6mm | Woodenmax,Half fixed lite + half top-hung / side swing · 6mm clear tuff. Live package rate from WoodenMax calculator. GST 18% extra. Hyderabad factory. India-wide supply. Configure custom sizes on product page.,https://woodenmax.in/products/aluminium-windows/system-window-for-villa,https://woodenmax.in/images/products/Window%20Price%20Per%20Sqft/sliding-window-price-range-india-1200.webp,,in stock,11111.00 INR,,new,Woodenmax,,,no,Hardware > Building Materials,Home & Garden > aluminium-windows,aluminium-windows,IN::Standard:0.00 INR,,aluminium-windows,luxury,package,standard-size-package,2026
system-casement-50mm-euro-villa-3x8-std,50mm Euro Villa Casement 3×8 ft Half fixed + half top-hung · 6mm | Woodenmax,Half fixed lite + half top-hung / side swing · 6mm clear tuff. Live package rate from WoodenMax calculator. GST 18% extra. Hyderabad factory. India-wide supply. Configure custom sizes on product page.,https://woodenmax.in/products/aluminium-windows/system-window-for-villa,https://woodenmax.in/images/products/Window%20Price%20Per%20Sqft/sliding-window-price-range-india-1200.webp,,in stock,21381.00 INR,,new,Woodenmax,,,no,Hardware > Building Materials,Home & Garden > aluminium-windows,aluminium-windows,IN::Standard:0.00 INR,,aluminium-windows,luxury,package,standard-size-package,2026
georgian-bar-openable-1-5x3-std,Georgian Bar Openable Window 1.5×3 ft Top hung / side swing · 6mm | Woodenmax,Top hung / side swing casement · 6mm clear tuff · Standard powder coat. Live package rate from WoodenMax calculator. GST 18% extra. Hyderabad factory. India-wide supply. Configure custom sizes on product page.,https://woodenmax.in/products/aluminium-windows/georgian-grill-casement-door,https://woodenmax.in/images/products/Window%20Price%20Per%20Sqft/sliding-window-price-range-india-1200.webp,,in stock,5999.00 INR,,new,Woodenmax,,,no,Hardware > Building Materials,Home & Garden > aluminium-windows,aluminium-windows,IN::Standard:0.00 INR,,aluminium-windows,luxury,package,standard-size-package,2026
georgian-bar-openable-2x4-std,Georgian Bar Openable Window 2×4 ft Top hung / side swing · 6mm | Woodenmax,Top hung / side swing casement · 6mm clear tuff · Standard powder coat. Live package rate from WoodenMax calculator. GST 18% extra. Hyderabad factory. India-wide supply. Configure custom sizes on product page.,https://woodenmax.in/products/aluminium-windows/georgian-grill-casement-door,https://woodenmax.in/images/products/Window%20Price%20Per%20Sqft/sliding-window-price-range-india-1200.webp,,in stock,10022.00 INR,,new,Woodenmax,,,no,Hardware > Building Materials,Home & Garden > aluminium-windows,aluminium-windows,IN::Standard:0.00 INR,,aluminium-windows,luxury,package,standard-size-package,2026
georgian-bar-openable-2-5x5-std,Georgian Bar Openable Window 2.5×5 ft Top hung / side swing · 6mm | Woodenmax,Top hung / side swing casement · 6mm clear tuff · Standard powder coat. Live package rate from WoodenMax calculator. GST 18% extra. Hyderabad factory. India-wide supply. Configure custom sizes on product page.,https://woodenmax.in/products/aluminium-windows/georgian-grill-casement-door,https://woodenmax.in/images/products/Window%20Price%20Per%20Sqft/sliding-window-price-range-india-1200.webp,,in stock,15195.00 INR,,new,Woodenmax,,,no,Hardware > Building Materials,Home & Garden > aluminium-windows,aluminium-windows,IN::Standard:0.00 INR,,aluminium-windows,luxury,package,standard-size-package,2026
georgian-bar-openable-3x5-std,Georgian Bar Openable Window 3×5 ft Top hung / side swing · 6mm | Woodenmax,Top hung / side swing casement · 6mm clear tuff · Standard powder coat. Live package rate from WoodenMax calculator. GST 18% extra. Hyderabad factory. India-wide supply. Configure custom sizes on product page.,https://woodenmax.in/products/aluminium-windows/georgian-grill-casement-door,https://woodenmax.in/images/products/Window%20Price%20Per%20Sqft/sliding-window-price-range-india-1200.webp,,in stock,18069.00 INR,,new,Woodenmax,,,no,Hardware > Building Materials,Home & Garden > aluminium-windows,aluminium-windows,IN::Standard:0.00 INR,,aluminium-windows,luxury,package,standard-size-package,2026
georgian-bar-openable-3x6-std,Georgian Bar Openable Window 3×6 ft Half fixed + half top-hung · 6mm | Woodenmax,Half fixed lite + half top-hung / side swing · 6mm clear tuff. Live package rate from WoodenMax calculator. GST 18% extra. Hyderabad factory. India-wide supply. Configure custom sizes on product page.,https://woodenmax.in/products/aluminium-windows/georgian-grill-casement-door,https://woodenmax.in/images/products/Window%20Price%20Per%20Sqft/sliding-window-price-range-india-1200.webp,,in stock,21517.00 INR,,new,Woodenmax,,,no,Hardware > Building Materials,Home & Garden > aluminium-windows,aluminium-windows,IN::Standard:0.00 INR,,aluminium-windows,luxury,package,standard-size-package,2026
georgian-bar-openable-2x6-std,Georgian Bar Openable Window 2×6 ft Half fixed + half top-hung · 6mm | Woodenmax,Half fixed lite + half top-hung / side swing · 6mm clear tuff. Live package rate from WoodenMax calculator. GST 18% extra. Hyderabad factory. India-wide supply. Configure custom sizes on product page.,https://woodenmax.in/products/aluminium-windows/georgian-grill-casement-door,https://woodenmax.in/images/products/Window%20Price%20Per%20Sqft/sliding-window-price-range-india-1200.webp,,in stock,14620.00 INR,,new,Woodenmax,,,no,Hardware > Building Materials,Home & Garden > aluminium-windows,aluminium-windows,IN::Standard:0.00 INR,,aluminium-windows,luxury,package,standard-size-package,2026
georgian-bar-openable-3x8-std,Georgian Bar Openable Window 3×8 ft Half fixed + half top-hung · 6mm | Woodenmax,Half fixed lite + half top-hung / side swing · 6mm clear tuff. Live package rate from WoodenMax calculator. GST 18% extra. Hyderabad factory. India-wide supply. Configure custom sizes on product page.,https://woodenmax.in/products/aluminium-windows/georgian-grill-casement-door,https://woodenmax.in/images/products/Window%20Price%20Per%20Sqft/sliding-window-price-range-india-1200.webp,,in stock,28414.00 INR,,new,Woodenmax,,,no,Hardware > Building Materials,Home & Garden > aluminium-windows,aluminium-windows,IN::Standard:0.00 INR,,aluminium-windows,luxury,package,standard-size-package,2026
french-georgian-bar-2-5x6-5-std,French Aluminium Door with Georgian Bar Single swing 2.5 ft × 6.5 ft · Standard friction stay | Woodenmax,Swing door (not sliding) · 6mm clear tuff · Standard friction stay. Live package rate from WoodenMax calculator. GST 18% extra. Hyderabad factory. India-wide supply. Configure custom sizes on product page.,https://woodenmax.in/products/aluminium-windows/french-door-georgian-bar,https://woodenmax.in/images/products/Window%20Price%20Per%20Sqft/sliding-window-price-range-india-1200.webp,,in stock,21949.00 INR,,new,Woodenmax,,,no,Hardware > Building Materials,Home & Garden > aluminium-windows,aluminium-windows,IN::Standard:0.00 INR,,aluminium-windows,luxury,package,standard-size-package,2026
french-georgian-bar-3x6-5-std,French Aluminium Door with Georgian Bar Single swing 3 ft × 6.5 ft · Standard friction stay | Woodenmax,Swing door (not sliding) · 6mm clear tuff · Standard friction stay. Live package rate from WoodenMax calculator. GST 18% extra. Hyderabad factory. India-wide supply. Configure custom sizes on product page.,https://woodenmax.in/products/aluminium-windows/french-door-georgian-bar,https://woodenmax.in/images/products/Window%20Price%20Per%20Sqft/sliding-window-price-range-india-1200.webp,,in stock,25882.00 INR,,new,Woodenmax,,,no,Hardware > Building Materials,Home & Garden > aluminium-windows,aluminium-windows,IN::Standard:0.00 INR,,aluminium-windows,luxury,package,standard-size-package,2026
french-georgian-bar-4x6-5-std,French Aluminium Door with Georgian Bar Dual swing 4 ft × 6.5 ft · Standard friction stay | Woodenmax,Dual swing doors · 6mm clear tuff · Standard friction stay × 2 doors. Live package rate from WoodenMax calculator. GST 18% extra. Hyderabad factory. India-wide supply. Configure custom sizes on product page.,https://woodenmax.in/products/aluminium-windows/french-door-georgian-bar,https://woodenmax.in/images/products/Window%20Price%20Per%20Sqft/sliding-window-price-range-india-1200.webp,,in stock,36034.00 INR,,new,Woodenmax,,,no,Hardware > Building Materials,Home & Garden > aluminium-windows,aluminium-windows,IN::Standard:0.00 INR,,aluminium-windows,luxury,package,standard-size-package,2026
french-georgian-bar-5x6-5-std,French Aluminium Door with Georgian Bar Dual swing 5 ft × 6.5 ft · Standard friction stay | Woodenmax,Dual swing doors · 6mm clear tuff · Standard friction stay × 2 doors. Live package rate from WoodenMax calculator. GST 18% extra. Hyderabad factory. India-wide supply. Configure custom sizes on product page.,https://woodenmax.in/products/aluminium-windows/french-door-georgian-bar,https://woodenmax.in/images/products/Window%20Price%20Per%20Sqft/sliding-window-price-range-india-1200.webp,,in stock,43899.00 INR,,new,Woodenmax,,,no,Hardware > Building Materials,Home & Garden > aluminium-windows,aluminium-windows,IN::Standard:0.00 INR,,aluminium-windows,luxury,package,standard-size-package,2026
french-georgian-bar-6x6-5-std,French Aluminium Door with Georgian Bar Dual swing 6 ft × 6.5 ft · Standard friction stay | Woodenmax,Dual swing doors · 6mm clear tuff · Standard friction stay × 2 doors. Live package rate from WoodenMax calculator. GST 18% extra. Hyderabad factory. India-wide supply. Configure custom sizes on product page.,https://woodenmax.in/products/aluminium-windows/french-door-georgian-bar,https://woodenmax.in/images/products/Window%20Price%20Per%20Sqft/sliding-window-price-range-india-1200.webp,,in stock,51764.00 INR,,new,Woodenmax,,,no,Hardware > Building Materials,Home & Garden > aluminium-windows,aluminium-windows,IN::Standard:0.00 INR,,aluminium-windows,luxury,package,standard-size-package,2026
french-georgian-bar-2-5x7-std,French Aluminium Door with Georgian Bar Single swing 2.5 ft × 7 ft · Standard friction stay | Woodenmax,Swing door (not sliding) · 6mm clear tuff · Standard friction stay. Live package rate from WoodenMax calculator. GST 18% extra. Hyderabad factory. India-wide supply. Configure custom sizes on product page.,https://woodenmax.in/products/aluminium-windows/french-door-georgian-bar,https://woodenmax.in/images/products/Window%20Price%20Per%20Sqft/sliding-window-price-range-india-1200.webp,,in stock,23462.00 INR,,new,Woodenmax,,,no,Hardware > Building Materials,Home & Garden > aluminium-windows,aluminium-windows,IN::Standard:0.00 INR,,aluminium-windows,luxury,package,standard-size-package,2026
french-georgian-bar-3x7-std,French Aluminium Door with Georgian Bar Single swing 3 ft × 7 ft · Standard friction stay | Woodenmax,Swing door (not sliding) · 6mm clear tuff · Standard friction stay. Live package rate from WoodenMax calculator. GST 18% extra. Hyderabad factory. India-wide supply. Configure custom sizes on product page.,https://woodenmax.in/products/aluminium-windows/french-door-georgian-bar,https://woodenmax.in/images/products/Window%20Price%20Per%20Sqft/sliding-window-price-range-india-1200.webp,,in stock,27697.00 INR,,new,Woodenmax,,,no,Hardware > Building Materials,Home & Garden > aluminium-windows,aluminium-windows,IN::Standard:0.00 INR,,aluminium-windows,luxury,package,standard-size-package,2026
french-georgian-bar-4x7-std,French Aluminium Door with Georgian Bar Dual swing 4 ft × 7 ft · Standard friction stay | Woodenmax,Dual swing doors · 6mm clear tuff · Standard friction stay × 2 doors. Live package rate from WoodenMax calculator. GST 18% extra. Hyderabad factory. India-wide supply. Configure custom sizes on product page.,https://woodenmax.in/products/aluminium-windows/french-door-georgian-bar,https://woodenmax.in/images/products/Window%20Price%20Per%20Sqft/sliding-window-price-range-india-1200.webp,,in stock,38454.00 INR,,new,Woodenmax,,,no,Hardware > Building Materials,Home & Garden > aluminium-windows,aluminium-windows,IN::Standard:0.00 INR,,aluminium-windows,luxury,package,standard-size-package,2026
french-georgian-bar-5x7-std,French Aluminium Door with Georgian Bar Dual swing 5 ft × 7 ft · Standard friction stay | Woodenmax,Dual swing doors · 6mm clear tuff · Standard friction stay × 2 doors. Live package rate from WoodenMax calculator. GST 18% extra. Hyderabad factory. India-wide supply. Configure custom sizes on product page.,https://woodenmax.in/products/aluminium-windows/french-door-georgian-bar,https://woodenmax.in/images/products/Window%20Price%20Per%20Sqft/sliding-window-price-range-india-1200.webp,,in stock,46924.00 INR,,new,Woodenmax,,,no,Hardware > Building Materials,Home & Garden > aluminium-windows,aluminium-windows,IN::Standard:0.00 INR,,aluminium-windows,luxury,package,standard-size-package,2026
french-georgian-bar-6x7-std,French Aluminium Door with Georgian Bar Dual swing 6 ft × 7 ft · Standard friction stay | Woodenmax,Dual swing doors · 6mm clear tuff · Standard friction stay × 2 doors. Live package rate from WoodenMax calculator. GST 18% extra. Hyderabad factory. India-wide supply. Configure custom sizes on product page.,https://woodenmax.in/products/aluminium-windows/french-door-georgian-bar,https://woodenmax.in/images/products/Window%20Price%20Per%20Sqft/sliding-window-price-range-india-1200.webp,,in stock,55394.00 INR,,new,Woodenmax,,,no,Hardware > Building Materials,Home & Garden > aluminium-windows,aluminium-windows,IN::Standard:0.00 INR,,aluminium-windows,luxury,package,standard-size-package,2026
french-georgian-bar-2-5x8-std,French Aluminium Door with Georgian Bar Single swing 2.5 ft × 8 ft · Standard friction stay | Woodenmax,Swing door (not sliding) · 6mm clear tuff · Standard friction stay. Live package rate from WoodenMax calculator. GST 18% extra. Hyderabad factory. India-wide supply. Configure custom sizes on product page.,https://woodenmax.in/products/aluminium-windows/french-door-georgian-bar,https://woodenmax.in/images/products/Window%20Price%20Per%20Sqft/sliding-window-price-range-india-1200.webp,,in stock,26487.00 INR,,new,Woodenmax,,,no,Hardware > Building Materials,Home & Garden > aluminium-windows,aluminium-windows,IN::Standard:0.00 INR,,aluminium-windows,luxury,package,standard-size-package,2026
french-georgian-bar-3x8-std,French Aluminium Door with Georgian Bar Single swing 3 ft × 8 ft · Standard friction stay | Woodenmax,Swing door (not sliding) · 6mm clear tuff · Standard friction stay. Live package rate from WoodenMax calculator. GST 18% extra. Hyderabad factory. India-wide supply. Configure custom sizes on product page.,https://woodenmax.in/products/aluminium-windows/french-door-georgian-bar,https://woodenmax.in/images/products/Window%20Price%20Per%20Sqft/sliding-window-price-range-india-1200.webp,,in stock,31327.00 INR,,new,Woodenmax,,,no,Hardware > Building Materials,Home & Garden > aluminium-windows,aluminium-windows,IN::Standard:0.00 INR,,aluminium-windows,luxury,package,standard-size-package,2026
french-georgian-bar-4x8-std,French Aluminium Door with Georgian Bar Dual swing 4 ft × 8 ft · Standard friction stay | Woodenmax,Dual swing doors · 6mm clear tuff · Standard friction stay × 2 doors. Live package rate from WoodenMax calculator. GST 18% extra. Hyderabad factory. India-wide supply. Configure custom sizes on product page.,https://woodenmax.in/products/aluminium-windows/french-door-georgian-bar,https://woodenmax.in/images/products/Window%20Price%20Per%20Sqft/sliding-window-price-range-india-1200.webp,,in stock,43294.00 INR,,new,Woodenmax,,,no,Hardware > Building Materials,Home & Garden > aluminium-windows,aluminium-windows,IN::Standard:0.00 INR,,aluminium-windows,luxury,package,standard-size-package,2026
french-georgian-bar-5x8-std,French Aluminium Door with Georgian Bar Dual swing 5 ft × 8 ft · Standard friction stay | Woodenmax,Dual swing doors · 6mm clear tuff · Standard friction stay × 2 doors. Live package rate from WoodenMax calculator. GST 18% extra. Hyderabad factory. India-wide supply. Configure custom sizes on product page.,https://woodenmax.in/products/aluminium-windows/french-door-georgian-bar,https://woodenmax.in/images/products/Window%20Price%20Per%20Sqft/sliding-window-price-range-india-1200.webp,,in stock,52974.00 INR,,new,Woodenmax,,,no,Hardware > Building Materials,Home & Garden > aluminium-windows,aluminium-windows,IN::Standard:0.00 INR,,aluminium-windows,luxury,package,standard-size-package,2026
french-georgian-bar-6x8-std,French Aluminium Door with Georgian Bar Dual swing 6 ft × 8 ft · Standard friction stay | Woodenmax,Dual swing doors · 6mm clear tuff · Standard friction stay × 2 doors. Live package rate from WoodenMax calculator. GST 18% extra. Hyderabad factory. India-wide supply. Configure custom sizes on product page.,https://woodenmax.in/products/aluminium-windows/french-door-georgian-bar,https://woodenmax.in/images/products/Window%20Price%20Per%20Sqft/sliding-window-price-range-india-1200.webp,,in stock,62654.00 INR,,new,Woodenmax,,,no,Hardware > Building Materials,Home & Garden > aluminium-windows,aluminium-windows,IN::Standard:0.00 INR,,aluminium-windows,luxury,package,standard-size-package,2026
french-georgian-bar-2-5x9-std,French Aluminium Door with Georgian Bar Single swing 2.5 ft × 9 ft · Standard friction stay | Woodenmax,Swing door (not sliding) · 6mm clear tuff · Standard friction stay. Live package rate from WoodenMax calculator. GST 18% extra. Hyderabad factory. India-wide supply. Configure custom sizes on product page.,https://woodenmax.in/products/aluminium-windows/french-door-georgian-bar,https://woodenmax.in/images/products/Window%20Price%20Per%20Sqft/sliding-window-price-range-india-1200.webp,,in stock,29512.00 INR,,new,Woodenmax,,,no,Hardware > Building Materials,Home & Garden > aluminium-windows,aluminium-windows,IN::Standard:0.00 INR,,aluminium-windows,luxury,package,standard-size-package,2026
french-georgian-bar-3x9-std,French Aluminium Door with Georgian Bar Single swing 3 ft × 9 ft · Standard friction stay | Woodenmax,Swing door (not sliding) · 6mm clear tuff · Standard friction stay. Live package rate from WoodenMax calculator. GST 18% extra. Hyderabad factory. India-wide supply. Configure custom sizes on product page.,https://woodenmax.in/products/aluminium-windows/french-door-georgian-bar,https://woodenmax.in/images/products/Window%20Price%20Per%20Sqft/sliding-window-price-range-india-1200.webp,,in stock,34957.00 INR,,new,Woodenmax,,,no,Hardware > Building Materials,Home & Garden > aluminium-windows,aluminium-windows,IN::Standard:0.00 INR,,aluminium-windows,luxury,package,standard-size-package,2026
french-georgian-bar-4x9-std,French Aluminium Door with Georgian Bar Dual swing 4 ft × 9 ft · Standard friction stay | Woodenmax,Dual swing doors · 6mm clear tuff · Standard friction stay × 2 doors. Live package rate from WoodenMax calculator. GST 18% extra. Hyderabad factory. India-wide supply. Configure custom sizes on product page.,https://woodenmax.in/products/aluminium-windows/french-door-georgian-bar,https://woodenmax.in/images/products/Window%20Price%20Per%20Sqft/sliding-window-price-range-india-1200.webp,,in stock,48134.00 INR,,new,Woodenmax,,,no,Hardware > Building Materials,Home & Garden > aluminium-windows,aluminium-windows,IN::Standard:0.00 INR,,aluminium-windows,luxury,package,standard-size-package,2026
french-georgian-bar-5x9-std,French Aluminium Door with Georgian Bar Dual swing 5 ft × 9 ft · Standard friction stay | Woodenmax,Dual swing doors · 6mm clear tuff · Standard friction stay × 2 doors. Live package rate from WoodenMax calculator. GST 18% extra. Hyderabad factory. India-wide supply. Configure custom sizes on product page.,https://woodenmax.in/products/aluminium-windows/french-door-georgian-bar,https://woodenmax.in/images/products/Window%20Price%20Per%20Sqft/sliding-window-price-range-india-1200.webp,,in stock,59024.00 INR,,new,Woodenmax,,,no,Hardware > Building Materials,Home & Garden > aluminium-windows,aluminium-windows,IN::Standard:0.00 INR,,aluminium-windows,luxury,package,standard-size-package,2026
french-georgian-bar-6x9-std,French Aluminium Door with Georgian Bar Dual swing 6 ft × 9 ft · Standard friction stay | Woodenmax,Dual swing doors · 6mm clear tuff · Standard friction stay × 2 doors. Live package rate from WoodenMax calculator. GST 18% extra. Hyderabad factory. India-wide supply. Configure custom sizes on product page.,https://woodenmax.in/products/aluminium-windows/french-door-georgian-bar,https://woodenmax.in/images/products/Window%20Price%20Per%20Sqft/sliding-window-price-range-india-1200.webp,,in stock,69914.00 INR,,new,Woodenmax,,,no,Hardware > Building Materials,Home & Garden > aluminium-windows,aluminium-windows,IN::Standard:0.00 INR,,aluminium-windows,luxury,package,standard-size-package,2026
slim-entrance-glass-door-2-5x6-5-std,Slim Entrance Door Single swing 2.5 ft × 6.5 ft · Standard friction stay | Woodenmax,Swing door (not sliding) · 6mm clear tuff · Standard friction stay. Live package rate from WoodenMax calculator. GST 18% extra. Hyderabad factory. India-wide supply. Configure custom sizes on product page.,https://woodenmax.in/products/aluminium-windows/slim-entrance-glass-door,https://woodenmax.in/images/products/Window%20Price%20Per%20Sqft/sliding-window-price-range-india-1200.webp,,in stock,28152.00 INR,,new,Woodenmax,,,no,Hardware > Building Materials,Home & Garden > aluminium-windows,aluminium-windows,IN::Standard:0.00 INR,,aluminium-windows,luxury,package,standard-size-package,2026
slim-entrance-glass-door-3x6-5-std,Slim Entrance Door Single swing 3 ft × 6.5 ft · Standard friction stay | Woodenmax,Swing door (not sliding) · 6mm clear tuff · Standard friction stay. Live package rate from WoodenMax calculator. GST 18% extra. Hyderabad factory. India-wide supply. Configure custom sizes on product page.,https://woodenmax.in/products/aluminium-windows/slim-entrance-glass-door,https://woodenmax.in/images/products/Window%20Price%20Per%20Sqft/sliding-window-price-range-india-1200.webp,,in stock,33325.00 INR,,new,Woodenmax,,,no,Hardware > Building Materials,Home & Garden > aluminium-windows,aluminium-windows,IN::Standard:0.00 INR,,aluminium-windows,luxury,package,standard-size-package,2026
slim-entrance-glass-door-4x6-5-std,Slim Entrance Door Dual swing 4 ft × 6.5 ft · Standard friction stay | Woodenmax,Dual swing doors · 6mm clear tuff · Standard friction stay × 2 doors. Live package rate from WoodenMax calculator. GST 18% extra. Hyderabad factory. India-wide supply. Configure custom sizes on product page.,https://woodenmax.in/products/aluminium-windows/slim-entrance-glass-door,https://woodenmax.in/images/products/Window%20Price%20Per%20Sqft/sliding-window-price-range-india-1200.webp,,in stock,45958.00 INR,,new,Woodenmax,,,no,Hardware > Building Materials,Home & Garden > aluminium-windows,aluminium-windows,IN::Standard:0.00 INR,,aluminium-windows,luxury,package,standard-size-package,2026
slim-entrance-glass-door-5x6-5-std,Slim Entrance Door Dual swing 5 ft × 6.5 ft · Standard friction stay | Woodenmax,Dual swing doors · 6mm clear tuff · Standard friction stay × 2 doors. Live package rate from WoodenMax calculator. GST 18% extra. Hyderabad factory. India-wide supply. Configure custom sizes on product page.,https://woodenmax.in/products/aluminium-windows/slim-entrance-glass-door,https://woodenmax.in/images/products/Window%20Price%20Per%20Sqft/sliding-window-price-range-india-1200.webp,,in stock,56304.00 INR,,new,Woodenmax,,,no,Hardware > Building Materials,Home & Garden > aluminium-windows,aluminium-windows,IN::Standard:0.00 INR,,aluminium-windows,luxury,package,standard-size-package,2026
slim-entrance-glass-door-6x6-5-std,Slim Entrance Door Dual swing 6 ft × 6.5 ft · Standard friction stay | Woodenmax,Dual swing doors · 6mm clear tuff · Standard friction stay × 2 doors. Live package rate from WoodenMax calculator. GST 18% extra. Hyderabad factory. India-wide supply. Configure custom sizes on product page.,https://woodenmax.in/products/aluminium-windows/slim-entrance-glass-door,https://woodenmax.in/images/products/Window%20Price%20Per%20Sqft/sliding-window-price-range-india-1200.webp,,in stock,66650.00 INR,,new,Woodenmax,,,no,Hardware > Building Materials,Home & Garden > aluminium-windows,aluminium-windows,IN::Standard:0.00 INR,,aluminium-windows,luxury,package,standard-size-package,2026
slim-entrance-glass-door-2-5x7-std,Slim Entrance Door Single swing 2.5 ft × 7 ft · Standard friction stay | Woodenmax,Swing door (not sliding) · 6mm clear tuff · Standard friction stay. Live package rate from WoodenMax calculator. GST 18% extra. Hyderabad factory. India-wide supply. Configure custom sizes on product page.,https://woodenmax.in/products/aluminium-windows/slim-entrance-glass-door,https://woodenmax.in/images/products/Window%20Price%20Per%20Sqft/sliding-window-price-range-india-1200.webp,,in stock,30142.00 INR,,new,Woodenmax,,,no,Hardware > Building Materials,Home & Garden > aluminium-windows,aluminium-windows,IN::Standard:0.00 INR,,aluminium-windows,luxury,package,standard-size-package,2026
slim-entrance-glass-door-3x7-std,Slim Entrance Door Single swing 3 ft × 7 ft · Standard friction stay | Woodenmax,Swing door (not sliding) · 6mm clear tuff · Standard friction stay. Live package rate from WoodenMax calculator. GST 18% extra. Hyderabad factory. India-wide supply. Configure custom sizes on product page.,https://woodenmax.in/products/aluminium-windows/slim-entrance-glass-door,https://woodenmax.in/images/products/Window%20Price%20Per%20Sqft/sliding-window-price-range-india-1200.webp,,in stock,35713.00 INR,,new,Woodenmax,,,no,Hardware > Building Materials,Home & Garden > aluminium-windows,aluminium-windows,IN::Standard:0.00 INR,,aluminium-windows,luxury,package,standard-size-package,2026
slim-entrance-glass-door-4x7-std,Slim Entrance Door Dual swing 4 ft × 7 ft · Standard friction stay | Woodenmax,Dual swing doors · 6mm clear tuff · Standard friction stay × 2 doors. Live package rate from WoodenMax calculator. GST 18% extra. Hyderabad factory. India-wide supply. Configure custom sizes on product page.,https://woodenmax.in/products/aluminium-windows/slim-entrance-glass-door,https://woodenmax.in/images/products/Window%20Price%20Per%20Sqft/sliding-window-price-range-india-1200.webp,,in stock,49141.00 INR,,new,Woodenmax,,,no,Hardware > Building Materials,Home & Garden > aluminium-windows,aluminium-windows,IN::Standard:0.00 INR,,aluminium-windows,luxury,package,standard-size-package,2026
slim-entrance-glass-door-5x7-std,Slim Entrance Door Dual swing 5 ft × 7 ft · Standard friction stay | Woodenmax,Dual swing doors · 6mm clear tuff · Standard friction stay × 2 doors. Live package rate from WoodenMax calculator. GST 18% extra. Hyderabad factory. India-wide supply. Configure custom sizes on product page.,https://woodenmax.in/products/aluminium-windows/slim-entrance-glass-door,https://woodenmax.in/images/products/Window%20Price%20Per%20Sqft/sliding-window-price-range-india-1200.webp,,in stock,60283.00 INR,,new,Woodenmax,,,no,Hardware > Building Materials,Home & Garden > aluminium-windows,aluminium-windows,IN::Standard:0.00 INR,,aluminium-windows,luxury,package,standard-size-package,2026
slim-entrance-glass-door-6x7-std,Slim Entrance Door Dual swing 6 ft × 7 ft · Standard friction stay | Woodenmax,Dual swing doors · 6mm clear tuff · Standard friction stay × 2 doors. Live package rate from WoodenMax calculator. GST 18% extra. Hyderabad factory. India-wide supply. Configure custom sizes on product page.,https://woodenmax.in/products/aluminium-windows/slim-entrance-glass-door,https://woodenmax.in/images/products/Window%20Price%20Per%20Sqft/sliding-window-price-range-india-1200.webp,,in stock,71425.00 INR,,new,Woodenmax,,,no,Hardware > Building Materials,Home & Garden > aluminium-windows,aluminium-windows,IN::Standard:0.00 INR,,aluminium-windows,luxury,package,standard-size-package,2026
slim-entrance-glass-door-2-5x8-std,Slim Entrance Door Single swing 2.5 ft × 8 ft · Standard friction stay | Woodenmax,Swing door (not sliding) · 6mm clear tuff · Standard friction stay. Live package rate from WoodenMax calculator. GST 18% extra. Hyderabad factory. India-wide supply. Configure custom sizes on product page.,https://woodenmax.in/products/aluminium-windows/slim-entrance-glass-door,https://woodenmax.in/images/products/Window%20Price%20Per%20Sqft/sliding-window-price-range-india-1200.webp,,in stock,34121.00 INR,,new,Woodenmax,,,no,Hardware > Building Materials,Home & Garden > aluminium-windows,aluminium-windows,IN::Standard:0.00 INR,,aluminium-windows,luxury,package,standard-size-package,2026
slim-entrance-glass-door-3x8-std,Slim Entrance Door Single swing 3 ft × 8 ft · Standard friction stay | Woodenmax,Swing door (not sliding) · 6mm clear tuff · Standard friction stay. Live package rate from WoodenMax calculator. GST 18% extra. Hyderabad factory. India-wide supply. Configure custom sizes on product page.,https://woodenmax.in/products/aluminium-windows/slim-entrance-glass-door,https://woodenmax.in/images/products/Window%20Price%20Per%20Sqft/sliding-window-price-range-india-1200.webp,,in stock,40488.00 INR,,new,Woodenmax,,,no,Hardware > Building Materials,Home & Garden > aluminium-windows,aluminium-windows,IN::Standard:0.00 INR,,aluminium-windows,luxury,package,standard-size-package,2026
slim-entrance-glass-door-4x8-std,Slim Entrance Door Dual swing 4 ft × 8 ft · Standard friction stay | Woodenmax,Dual swing doors · 6mm clear tuff · Standard friction stay × 2 doors. Live package rate from WoodenMax calculator. GST 18% extra. Hyderabad factory. India-wide supply. Configure custom sizes on product page.,https://woodenmax.in/products/aluminium-windows/slim-entrance-glass-door,https://woodenmax.in/images/products/Window%20Price%20Per%20Sqft/sliding-window-price-range-india-1200.webp,,in stock,55508.00 INR,,new,Woodenmax,,,no,Hardware > Building Materials,Home & Garden > aluminium-windows,aluminium-windows,IN::Standard:0.00 INR,,aluminium-windows,luxury,package,standard-size-package,2026
slim-entrance-glass-door-5x8-std,Slim Entrance Door Dual swing 5 ft × 8 ft · Standard friction stay | Woodenmax,Dual swing doors · 6mm clear tuff · Standard friction stay × 2 doors. Live package rate from WoodenMax calculator. GST 18% extra. Hyderabad factory. India-wide supply. Configure custom sizes on product page.,https://woodenmax.in/products/aluminium-windows/slim-entrance-glass-door,https://woodenmax.in/images/products/Window%20Price%20Per%20Sqft/sliding-window-price-range-india-1200.webp,,in stock,68242.00 INR,,new,Woodenmax,,,no,Hardware > Building Materials,Home & Garden > aluminium-windows,aluminium-windows,IN::Standard:0.00 INR,,aluminium-windows,luxury,package,standard-size-package,2026
slim-entrance-glass-door-6x8-std,Slim Entrance Door Dual swing 6 ft × 8 ft · Standard friction stay | Woodenmax,Dual swing doors · 6mm clear tuff · Standard friction stay × 2 doors. Live package rate from WoodenMax calculator. GST 18% extra. Hyderabad factory. India-wide supply. Configure custom sizes on product page.,https://woodenmax.in/products/aluminium-windows/slim-entrance-glass-door,https://woodenmax.in/images/products/Window%20Price%20Per%20Sqft/sliding-window-price-range-india-1200.webp,,in stock,80975.00 INR,,new,Woodenmax,,,no,Hardware > Building Materials,Home & Garden > aluminium-windows,aluminium-windows,IN::Standard:0.00 INR,,aluminium-windows,luxury,package,standard-size-package,2026
slim-entrance-glass-door-2-5x9-std,Slim Entrance Door Single swing 2.5 ft × 9 ft · Standard friction stay | Woodenmax,Swing door (not sliding) · 6mm clear tuff · Standard friction stay. Live package rate from WoodenMax calculator. GST 18% extra. Hyderabad factory. India-wide supply. Configure custom sizes on product page.,https://woodenmax.in/products/aluminium-windows/slim-entrance-glass-door,https://woodenmax.in/images/products/Window%20Price%20Per%20Sqft/sliding-window-price-range-india-1200.webp,,in stock,38100.00 INR,,new,Woodenmax,,,no,Hardware > Building Materials,Home & Garden > aluminium-windows,aluminium-windows,IN::Standard:0.00 INR,,aluminium-windows,luxury,package,standard-size-package,2026
slim-entrance-glass-door-3x9-std,Slim Entrance Door Single swing 3 ft × 9 ft · Standard friction stay | Woodenmax,Swing door (not sliding) · 6mm clear tuff · Standard friction stay. Live package rate from WoodenMax calculator. GST 18% extra. Hyderabad factory. India-wide supply. Configure custom sizes on product page.,https://woodenmax.in/products/aluminium-windows/slim-entrance-glass-door,https://woodenmax.in/images/products/Window%20Price%20Per%20Sqft/sliding-window-price-range-india-1200.webp,,in stock,45263.00 INR,,new,Woodenmax,,,no,Hardware > Building Materials,Home & Garden > aluminium-windows,aluminium-windows,IN::Standard:0.00 INR,,aluminium-windows,luxury,package,standard-size-package,2026
slim-entrance-glass-door-4x9-std,Slim Entrance Door Dual swing 4 ft × 9 ft · Standard friction stay | Woodenmax,Dual swing doors · 6mm clear tuff · Standard friction stay × 2 doors. Live package rate from WoodenMax calculator. GST 18% extra. Hyderabad factory. India-wide supply. Configure custom sizes on product page.,https://woodenmax.in/products/aluminium-windows/slim-entrance-glass-door,https://woodenmax.in/images/products/Window%20Price%20Per%20Sqft/sliding-window-price-range-india-1200.webp,,in stock,61875.00 INR,,new,Woodenmax,,,no,Hardware > Building Materials,Home & Garden > aluminium-windows,aluminium-windows,IN::Standard:0.00 INR,,aluminium-windows,luxury,package,standard-size-package,2026
slim-entrance-glass-door-5x9-std,Slim Entrance Door Dual swing 5 ft × 9 ft · Standard friction stay | Woodenmax,Dual swing doors · 6mm clear tuff · Standard friction stay × 2 doors. Live package rate from WoodenMax calculator. GST 18% extra. Hyderabad factory. India-wide supply. Configure custom sizes on product page.,https://woodenmax.in/products/aluminium-windows/slim-entrance-glass-door,https://woodenmax.in/images/products/Window%20Price%20Per%20Sqft/sliding-window-price-range-india-1200.webp,,in stock,76200.00 INR,,new,Woodenmax,,,no,Hardware > Building Materials,Home & Garden > aluminium-windows,aluminium-windows,IN::Standard:0.00 INR,,aluminium-windows,luxury,package,standard-size-package,2026
slim-entrance-glass-door-6x9-std,Slim Entrance Door Dual swing 6 ft × 9 ft · Standard friction stay | Woodenmax,Dual swing doors · 6mm clear tuff · Standard friction stay × 2 doors. Live package rate from WoodenMax calculator. GST 18% extra. Hyderabad factory. India-wide supply. Configure custom sizes on product page.,https://woodenmax.in/products/aluminium-windows/slim-entrance-glass-door,https://woodenmax.in/images/products/Window%20Price%20Per%20Sqft/sliding-window-price-range-india-1200.webp,,in stock,90526.00 INR,,new,Woodenmax,,,no,Hardware > Building Materials,Home & Garden > aluminium-windows,aluminium-windows,IN::Standard:0.00 INR,,aluminium-windows,luxury,package,standard-size-package,2026
full-elevation-villa-facade-5x4-nomesh,Full Elevation 5×4 ft Without Mesh · 6mm Clear Tuff | Woodenmax,Economy Domal · Without mesh · 6mm clear tuff · Standard powder coat. Live package rate from WoodenMax calculator. GST 18% extra. Hyderabad factory. India-wide supply. Configure custom sizes on product page.,https://woodenmax.in/products/aluminium-windows/full-elevation-villa-facade,https://woodenmax.in/images/products/Window%20Price%20Per%20Sqft/sliding-window-price-range-india-1200.webp,,in stock,12716.00 INR,,new,Woodenmax,,,no,Hardware > Building Materials,Home & Garden > aluminium-windows,aluminium-windows,IN::Standard:0.00 INR,,aluminium-windows,luxury,package,standard-size-package,2026
full-elevation-villa-facade-5x4-mesh,Full Elevation 5×4 ft With Mesh · 6mm Clear Tuff | Woodenmax,Economy Domal · With mesh · 6mm clear tuff · Standard powder coat. Live package rate from WoodenMax calculator. GST 18% extra. Hyderabad factory. India-wide supply. Configure custom sizes on product page.,https://woodenmax.in/products/aluminium-windows/full-elevation-villa-facade,https://woodenmax.in/images/products/Window%20Price%20Per%20Sqft/sliding-window-price-range-india-1200.webp,,in stock,15510.00 INR,,new,Woodenmax,,,no,Hardware > Building Materials,Home & Garden > aluminium-windows,aluminium-windows,IN::Standard:0.00 INR,,aluminium-windows,luxury,package,standard-size-package,2026
full-elevation-villa-facade-4x4-nomesh,Full Elevation 4×4 ft Without Mesh · 6mm Clear Tuff | Woodenmax,Economy Domal · Without mesh · 6mm clear tuff · Standard powder coat. Live package rate from WoodenMax calculator. GST 18% extra. Hyderabad factory. India-wide supply. Configure custom sizes on product page.,https://woodenmax.in/products/aluminium-windows/full-elevation-villa-facade,https://woodenmax.in/images/products/Window%20Price%20Per%20Sqft/sliding-window-price-range-india-1200.webp,,in stock,10173.00 INR,,new,Woodenmax,,,no,Hardware > Building Materials,Home & Garden > aluminium-windows,aluminium-windows,IN::Standard:0.00 INR,,aluminium-windows,luxury,package,standard-size-package,2026
full-elevation-villa-facade-4x4-mesh,Full Elevation 4×4 ft With Mesh · 6mm Clear Tuff | Woodenmax,Economy Domal · With mesh · 6mm clear tuff · Standard powder coat. Live package rate from WoodenMax calculator. GST 18% extra. Hyderabad factory. India-wide supply. Configure custom sizes on product page.,https://woodenmax.in/products/aluminium-windows/full-elevation-villa-facade,https://woodenmax.in/images/products/Window%20Price%20Per%20Sqft/sliding-window-price-range-india-1200.webp,,in stock,12408.00 INR,,new,Woodenmax,,,no,Hardware > Building Materials,Home & Garden > aluminium-windows,aluminium-windows,IN::Standard:0.00 INR,,aluminium-windows,luxury,package,standard-size-package,2026
full-elevation-villa-facade-6x6-nomesh,Full Elevation 6×6 ft Without Mesh · 6mm Clear Tuff | Woodenmax,Economy Domal · Without mesh · 6mm clear tuff · Standard powder coat. Live package rate from WoodenMax calculator. GST 18% extra. Hyderabad factory. India-wide supply. Configure custom sizes on product page.,https://woodenmax.in/products/aluminium-windows/full-elevation-villa-facade,https://woodenmax.in/images/products/Window%20Price%20Per%20Sqft/sliding-window-price-range-india-1200.webp,,in stock,22889.00 INR,,new,Woodenmax,,,no,Hardware > Building Materials,Home & Garden > aluminium-windows,aluminium-windows,IN::Standard:0.00 INR,,aluminium-windows,luxury,package,standard-size-package,2026
full-elevation-villa-facade-6x6-mesh,Full Elevation 6×6 ft With Mesh · 6mm Clear Tuff | Woodenmax,Economy Domal · With mesh · 6mm clear tuff · Standard powder coat. Live package rate from WoodenMax calculator. GST 18% extra. Hyderabad factory. India-wide supply. Configure custom sizes on product page.,https://woodenmax.in/products/aluminium-windows/full-elevation-villa-facade,https://woodenmax.in/images/products/Window%20Price%20Per%20Sqft/sliding-window-price-range-india-1200.webp,,in stock,27918.00 INR,,new,Woodenmax,,,no,Hardware > Building Materials,Home & Garden > aluminium-windows,aluminium-windows,IN::Standard:0.00 INR,,aluminium-windows,luxury,package,standard-size-package,2026
full-elevation-villa-facade-6x5-nomesh,Full Elevation 6×5 ft Without Mesh · 6mm Clear Tuff | Woodenmax,Economy Domal · Without mesh · 6mm clear tuff · Standard powder coat. Live package rate from WoodenMax calculator. GST 18% extra. Hyderabad factory. India-wide supply. Configure custom sizes on product page.,https://woodenmax.in/products/aluminium-windows/full-elevation-villa-facade,https://woodenmax.in/images/products/Window%20Price%20Per%20Sqft/sliding-window-price-range-india-1200.webp,,in stock,19074.00 INR,,new,Woodenmax,,,no,Hardware > Building Materials,Home & Garden > aluminium-windows,aluminium-windows,IN::Standard:0.00 INR,,aluminium-windows,luxury,package,standard-size-package,2026
full-elevation-villa-facade-6x5-mesh,Full Elevation 6×5 ft With Mesh · 6mm Clear Tuff | Woodenmax,Economy Domal · With mesh · 6mm clear tuff · Standard powder coat. Live package rate from WoodenMax calculator. GST 18% extra. Hyderabad factory. India-wide supply. Configure custom sizes on product page.,https://woodenmax.in/products/aluminium-windows/full-elevation-villa-facade,https://woodenmax.in/images/products/Window%20Price%20Per%20Sqft/sliding-window-price-range-india-1200.webp,,in stock,23265.00 INR,,new,Woodenmax,,,no,Hardware > Building Materials,Home & Garden > aluminium-windows,aluminium-windows,IN::Standard:0.00 INR,,aluminium-windows,luxury,package,standard-size-package,2026
telescopic-slim-sliding-door-6x7-std,Telescopic Slim Profile Sliding Door 6×7 ft · 2+1 telescopic | Woodenmax,2+1 soft-close stack · 8mm clear tuff in base · Imported slim profile. Live package rate from WoodenMax calculator. GST 18% extra. Hyderabad factory. India-wide supply. Configure custom sizes on product page.,https://woodenmax.in/products/telescope-windows/telescopic-slim-sliding-door,https://woodenmax.in/images/products/Window%20Price%20Per%20Sqft/sliding-window-price-range-india-1200.webp,,in stock,75116.00 INR,,new,Woodenmax,,,no,Hardware > Building Materials,Home & Garden > telescope-windows,telescope-windows,IN::Standard:0.00 INR,,telescope-windows,luxury,package,standard-size-package,2026
telescopic-slim-sliding-door-7x7-std,Telescopic Slim Profile Sliding Door 7×7 ft · 3+1 telescopic | Woodenmax,3+1 soft-close stack · 8mm clear tuff in base · Imported slim profile. Live package rate from WoodenMax calculator. GST 18% extra. Hyderabad factory. India-wide supply. Configure custom sizes on product page.,https://woodenmax.in/products/telescope-windows/telescopic-slim-sliding-door,https://woodenmax.in/images/products/Window%20Price%20Per%20Sqft/sliding-window-price-range-india-1200.webp,,in stock,90069.00 INR,,new,Woodenmax,,,no,Hardware > Building Materials,Home & Garden > telescope-windows,telescope-windows,IN::Standard:0.00 INR,,telescope-windows,luxury,package,standard-size-package,2026
telescopic-slim-sliding-door-8x7-std,Telescopic Slim Profile Sliding Door 8×7 ft · 3+1 telescopic | Woodenmax,3+1 soft-close stack · 8mm clear tuff in base · Imported slim profile. Live package rate from WoodenMax calculator. GST 18% extra. Hyderabad factory. India-wide supply. Configure custom sizes on product page.,https://woodenmax.in/products/telescope-windows/telescopic-slim-sliding-door,https://woodenmax.in/images/products/Window%20Price%20Per%20Sqft/sliding-window-price-range-india-1200.webp,,in stock,101211.00 INR,,new,Woodenmax,,,no,Hardware > Building Materials,Home & Garden > telescope-windows,telescope-windows,IN::Standard:0.00 INR,,telescope-windows,luxury,package,standard-size-package,2026
telescopic-slim-sliding-door-9x7-std,Telescopic Slim Profile Sliding Door 9×7 ft · 2+2 telescopic | Woodenmax,2+2 soft-close stack · 8mm clear tuff in base · Imported slim profile. Live package rate from WoodenMax calculator. GST 18% extra. Hyderabad factory. India-wide supply. Configure custom sizes on product page.,https://woodenmax.in/products/telescope-windows/telescopic-slim-sliding-door,https://woodenmax.in/images/products/Window%20Price%20Per%20Sqft/sliding-window-price-range-india-1200.webp,,in stock,108541.00 INR,,new,Woodenmax,,,no,Hardware > Building Materials,Home & Garden > telescope-windows,telescope-windows,IN::Standard:0.00 INR,,telescope-windows,luxury,package,standard-size-package,2026
telescopic-slim-sliding-door-10x7-std,Telescopic Slim Profile Sliding Door 10×7 ft · 2+2 telescopic | Woodenmax,2+2 soft-close stack · 8mm clear tuff in base · Imported slim profile. Live package rate from WoodenMax calculator. GST 18% extra. Hyderabad factory. India-wide supply. Configure custom sizes on product page.,https://woodenmax.in/products/telescope-windows/telescopic-slim-sliding-door,https://woodenmax.in/images/products/Window%20Price%20Per%20Sqft/sliding-window-price-range-india-1200.webp,,in stock,119683.00 INR,,new,Woodenmax,,,no,Hardware > Building Materials,Home & Garden > telescope-windows,telescope-windows,IN::Standard:0.00 INR,,telescope-windows,luxury,package,standard-size-package,2026
telescopic-slim-sliding-door-12x7-std,Telescopic Slim Profile Sliding Door 12×7 ft · 3+1 telescopic | Woodenmax,3+1 soft-close stack · 8mm clear tuff in base · Imported slim profile. Live package rate from WoodenMax calculator. GST 18% extra. Hyderabad factory. India-wide supply. Configure custom sizes on product page.,https://woodenmax.in/products/telescope-windows/telescopic-slim-sliding-door,https://woodenmax.in/images/products/Window%20Price%20Per%20Sqft/sliding-window-price-range-india-1200.webp,,in stock,145779.00 INR,,new,Woodenmax,,,no,Hardware > Building Materials,Home & Garden > telescope-windows,telescope-windows,IN::Standard:0.00 INR,,telescope-windows,luxury,package,standard-size-package,2026
telescopic-slim-sliding-door-14x7-std,Telescopic Slim Profile Sliding Door 14×7 ft · 3+1 telescopic | Woodenmax,3+1 soft-close stack · 8mm clear tuff in base · Imported slim profile. Live package rate from WoodenMax calculator. GST 18% extra. Hyderabad factory. India-wide supply. Configure custom sizes on product page.,https://woodenmax.in/products/telescope-windows/telescopic-slim-sliding-door,https://woodenmax.in/images/products/Window%20Price%20Per%20Sqft/sliding-window-price-range-india-1200.webp,,in stock,168062.00 INR,,new,Woodenmax,,,no,Hardware > Building Materials,Home & Garden > telescope-windows,telescope-windows,IN::Standard:0.00 INR,,telescope-windows,luxury,package,standard-size-package,2026
telescopic-slim-sliding-door-15x7-std,Telescopic Slim Profile Sliding Door 15×7 ft · 3+1 telescopic | Woodenmax,3+1 soft-close stack · 8mm clear tuff in base · Imported slim profile. Live package rate from WoodenMax calculator. GST 18% extra. Hyderabad factory. India-wide supply. Configure custom sizes on product page.,https://woodenmax.in/products/telescope-windows/telescopic-slim-sliding-door,https://woodenmax.in/images/products/Window%20Price%20Per%20Sqft/sliding-window-price-range-india-1200.webp,,in stock,179204.00 INR,,new,Woodenmax,,,no,Hardware > Building Materials,Home & Garden > telescope-windows,telescope-windows,IN::Standard:0.00 INR,,telescope-windows,luxury,package,standard-size-package,2026
telescopic-slim-sliding-door-18x7-std,Telescopic Slim Profile Sliding Door 18×7 ft · 5+1 telescopic | Woodenmax,5+1 soft-close stack · 8mm clear tuff in base · Imported slim profile. Live package rate from WoodenMax calculator. GST 18% extra. Hyderabad factory. India-wide supply. Configure custom sizes on product page.,https://woodenmax.in/products/telescope-windows/telescopic-slim-sliding-door,https://woodenmax.in/images/products/Window%20Price%20Per%20Sqft/sliding-window-price-range-india-1200.webp,,in stock,208819.00 INR,,new,Woodenmax,,,no,Hardware > Building Materials,Home & Garden > telescope-windows,telescope-windows,IN::Standard:0.00 INR,,telescope-windows,luxury,package,standard-size-package,2026
telescopic-slim-sliding-door-20x7-std,Telescopic Slim Profile Sliding Door 20×7 ft · 5+1 telescopic | Woodenmax,5+1 soft-close stack · 8mm clear tuff in base · Imported slim profile. Live package rate from WoodenMax calculator. GST 18% extra. Hyderabad factory. India-wide supply. Configure custom sizes on product page.,https://woodenmax.in/products/telescope-windows/telescopic-slim-sliding-door,https://woodenmax.in/images/products/Window%20Price%20Per%20Sqft/sliding-window-price-range-india-1200.webp,,in stock,231102.00 INR,,new,Woodenmax,,,no,Hardware > Building Materials,Home & Garden > telescope-windows,telescope-windows,IN::Standard:0.00 INR,,telescope-windows,luxury,package,standard-size-package,2026
telescopic-slim-sliding-door-6x8-std,Telescopic Slim Profile Sliding Door 6×8 ft · 2+1 telescopic | Woodenmax,2+1 soft-close stack · 8mm clear tuff in base · Imported slim profile. Live package rate from WoodenMax calculator. GST 18% extra. Hyderabad factory. India-wide supply. Configure custom sizes on product page.,https://woodenmax.in/products/telescope-windows/telescopic-slim-sliding-door,https://woodenmax.in/images/products/Window%20Price%20Per%20Sqft/sliding-window-price-range-india-1200.webp,,in stock,84666.00 INR,,new,Woodenmax,,,no,Hardware > Building Materials,Home & Garden > telescope-windows,telescope-windows,IN::Standard:0.00 INR,,telescope-windows,luxury,package,standard-size-package,2026
telescopic-slim-sliding-door-7x8-std,Telescopic Slim Profile Sliding Door 7×8 ft · 3+1 telescopic | Woodenmax,3+1 soft-close stack · 8mm clear tuff in base · Imported slim profile. Live package rate from WoodenMax calculator. GST 18% extra. Hyderabad factory. India-wide supply. Configure custom sizes on product page.,https://woodenmax.in/products/telescope-windows/telescopic-slim-sliding-door,https://woodenmax.in/images/products/Window%20Price%20Per%20Sqft/sliding-window-price-range-india-1200.webp,,in stock,101211.00 INR,,new,Woodenmax,,,no,Hardware > Building Materials,Home & Garden > telescope-windows,telescope-windows,IN::Standard:0.00 INR,,telescope-windows,luxury,package,standard-size-package,2026
telescopic-slim-sliding-door-8x8-std,Telescopic Slim Profile Sliding Door 8×8 ft · 3+1 telescopic | Woodenmax,3+1 soft-close stack · 8mm clear tuff in base · Imported slim profile. Live package rate from WoodenMax calculator. GST 18% extra. Hyderabad factory. India-wide supply. Configure custom sizes on product page.,https://woodenmax.in/products/telescope-windows/telescopic-slim-sliding-door,https://woodenmax.in/images/products/Window%20Price%20Per%20Sqft/sliding-window-price-range-india-1200.webp,,in stock,113945.00 INR,,new,Woodenmax,,,no,Hardware > Building Materials,Home & Garden > telescope-windows,telescope-windows,IN::Standard:0.00 INR,,telescope-windows,luxury,package,standard-size-package,2026
telescopic-slim-sliding-door-9x8-std,Telescopic Slim Profile Sliding Door 9×8 ft · 2+2 telescopic | Woodenmax,2+2 soft-close stack · 8mm clear tuff in base · Imported slim profile. Live package rate from WoodenMax calculator. GST 18% extra. Hyderabad factory. India-wide supply. Configure custom sizes on product page.,https://woodenmax.in/products/telescope-windows/telescopic-slim-sliding-door,https://woodenmax.in/images/products/Window%20Price%20Per%20Sqft/sliding-window-price-range-india-1200.webp,,in stock,122867.00 INR,,new,Woodenmax,,,no,Hardware > Building Materials,Home & Garden > telescope-windows,telescope-windows,IN::Standard:0.00 INR,,telescope-windows,luxury,package,standard-size-package,2026
telescopic-slim-sliding-door-10x8-std,Telescopic Slim Profile Sliding Door 10×8 ft · 2+2 telescopic | Woodenmax,2+2 soft-close stack · 8mm clear tuff in base · Imported slim profile. Live package rate from WoodenMax calculator. GST 18% extra. Hyderabad factory. India-wide supply. Configure custom sizes on product page.,https://woodenmax.in/products/telescope-windows/telescopic-slim-sliding-door,https://woodenmax.in/images/products/Window%20Price%20Per%20Sqft/sliding-window-price-range-india-1200.webp,,in stock,135600.00 INR,,new,Woodenmax,,,no,Hardware > Building Materials,Home & Garden > telescope-windows,telescope-windows,IN::Standard:0.00 INR,,telescope-windows,luxury,package,standard-size-package,2026
telescopic-slim-sliding-door-12x8-std,Telescopic Slim Profile Sliding Door 12×8 ft · 3+1 telescopic | Woodenmax,3+1 soft-close stack · 8mm clear tuff in base · Imported slim profile. Live package rate from WoodenMax calculator. GST 18% extra. Hyderabad factory. India-wide supply. Configure custom sizes on product page.,https://woodenmax.in/products/telescope-windows/telescopic-slim-sliding-door,https://woodenmax.in/images/products/Window%20Price%20Per%20Sqft/sliding-window-price-range-india-1200.webp,,in stock,164879.00 INR,,new,Woodenmax,,,no,Hardware > Building Materials,Home & Garden > telescope-windows,telescope-windows,IN::Standard:0.00 INR,,telescope-windows,luxury,package,standard-size-package,2026
telescopic-slim-sliding-door-14x8-std,Telescopic Slim Profile Sliding Door 14×8 ft · 3+1 telescopic | Woodenmax,3+1 soft-close stack · 8mm clear tuff in base · Imported slim profile. Live package rate from WoodenMax calculator. GST 18% extra. Hyderabad factory. India-wide supply. Configure custom sizes on product page.,https://woodenmax.in/products/telescope-windows/telescopic-slim-sliding-door,https://woodenmax.in/images/products/Window%20Price%20Per%20Sqft/sliding-window-price-range-india-1200.webp,,in stock,190346.00 INR,,new,Woodenmax,,,no,Hardware > Building Materials,Home & Garden > telescope-windows,telescope-windows,IN::Standard:0.00 INR,,telescope-windows,luxury,package,standard-size-package,2026
telescopic-slim-sliding-door-15x8-std,Telescopic Slim Profile Sliding Door 15×8 ft · 3+1 telescopic | Woodenmax,3+1 soft-close stack · 8mm clear tuff in base · Imported slim profile. Live package rate from WoodenMax calculator. GST 18% extra. Hyderabad factory. India-wide supply. Configure custom sizes on product page.,https://woodenmax.in/products/telescope-windows/telescopic-slim-sliding-door,https://woodenmax.in/images/products/Window%20Price%20Per%20Sqft/sliding-window-price-range-india-1200.webp,,in stock,203080.00 INR,,new,Woodenmax,,,no,Hardware > Building Materials,Home & Garden > telescope-windows,telescope-windows,IN::Standard:0.00 INR,,telescope-windows,luxury,package,standard-size-package,2026
telescopic-slim-sliding-door-18x8-std,Telescopic Slim Profile Sliding Door 18×8 ft · 5+1 telescopic | Woodenmax,5+1 soft-close stack · 8mm clear tuff in base · Imported slim profile. Live package rate from WoodenMax calculator. GST 18% extra. Hyderabad factory. India-wide supply. Configure custom sizes on product page.,https://woodenmax.in/products/telescope-windows/telescopic-slim-sliding-door,https://woodenmax.in/images/products/Window%20Price%20Per%20Sqft/sliding-window-price-range-india-1200.webp,,in stock,237469.00 INR,,new,Woodenmax,,,no,Hardware > Building Materials,Home & Garden > telescope-windows,telescope-windows,IN::Standard:0.00 INR,,telescope-windows,luxury,package,standard-size-package,2026
telescopic-slim-sliding-door-20x8-std,Telescopic Slim Profile Sliding Door 20×8 ft · 5+1 telescopic | Woodenmax,5+1 soft-close stack · 8mm clear tuff in base · Imported slim profile. Live package rate from WoodenMax calculator. GST 18% extra. Hyderabad factory. India-wide supply. Configure custom sizes on product page.,https://woodenmax.in/products/telescope-windows/telescopic-slim-sliding-door,https://woodenmax.in/images/products/Window%20Price%20Per%20Sqft/sliding-window-price-range-india-1200.webp,,in stock,262936.00 INR,,new,Woodenmax,,,no,Hardware > Building Materials,Home & Garden > telescope-windows,telescope-windows,IN::Standard:0.00 INR,,telescope-windows,luxury,package,standard-size-package,2026
telescopic-slim-sliding-door-6x9-std,Telescopic Slim Profile Sliding Door 6×9 ft · 2+1 telescopic | Woodenmax,2+1 soft-close stack · 8mm clear tuff in base · Imported slim profile. Live package rate from WoodenMax calculator. GST 18% extra. Hyderabad factory. India-wide supply. Configure custom sizes on product page.,https://woodenmax.in/products/telescope-windows/telescopic-slim-sliding-door,https://woodenmax.in/images/products/Window%20Price%20Per%20Sqft/sliding-window-price-range-india-1200.webp,,in stock,94216.00 INR,,new,Woodenmax,,,no,Hardware > Building Materials,Home & Garden > telescope-windows,telescope-windows,IN::Standard:0.00 INR,,telescope-windows,luxury,package,standard-size-package,2026
telescopic-slim-sliding-door-7x9-std,Telescopic Slim Profile Sliding Door 7×9 ft · 3+1 telescopic | Woodenmax,3+1 soft-close stack · 8mm clear tuff in base · Imported slim profile. Live package rate from WoodenMax calculator. GST 18% extra. Hyderabad factory. India-wide supply. Configure custom sizes on product page.,https://woodenmax.in/products/telescope-windows/telescopic-slim-sliding-door,https://woodenmax.in/images/products/Window%20Price%20Per%20Sqft/sliding-window-price-range-india-1200.webp,,in stock,112353.00 INR,,new,Woodenmax,,,no,Hardware > Building Materials,Home & Garden > telescope-windows,telescope-windows,IN::Standard:0.00 INR,,telescope-windows,luxury,package,standard-size-package,2026
telescopic-slim-sliding-door-8x9-std,Telescopic Slim Profile Sliding Door 8×9 ft · 3+1 telescopic | Woodenmax,3+1 soft-close stack · 8mm clear tuff in base · Imported slim profile. Live package rate from WoodenMax calculator. GST 18% extra. Hyderabad factory. India-wide supply. Configure custom sizes on product page.,https://woodenmax.in/products/telescope-windows/telescopic-slim-sliding-door,https://woodenmax.in/images/products/Window%20Price%20Per%20Sqft/sliding-window-price-range-india-1200.webp,,in stock,126678.00 INR,,new,Woodenmax,,,no,Hardware > Building Materials,Home & Garden > telescope-windows,telescope-windows,IN::Standard:0.00 INR,,telescope-windows,luxury,package,standard-size-package,2026
telescopic-slim-sliding-door-9x9-std,Telescopic Slim Profile Sliding Door 9×9 ft · 2+2 telescopic | Woodenmax,2+2 soft-close stack · 8mm clear tuff in base · Imported slim profile. Live package rate from WoodenMax calculator. GST 18% extra. Hyderabad factory. India-wide supply. Configure custom sizes on product page.,https://woodenmax.in/products/telescope-windows/telescopic-slim-sliding-door,https://woodenmax.in/images/products/Window%20Price%20Per%20Sqft/sliding-window-price-range-india-1200.webp,,in stock,137192.00 INR,,new,Woodenmax,,,no,Hardware > Building Materials,Home & Garden > telescope-windows,telescope-windows,IN::Standard:0.00 INR,,telescope-windows,luxury,package,standard-size-package,2026
telescopic-slim-sliding-door-10x9-std,Telescopic Slim Profile Sliding Door 10×9 ft · 2+2 telescopic | Woodenmax,2+2 soft-close stack · 8mm clear tuff in base · Imported slim profile. Live package rate from WoodenMax calculator. GST 18% extra. Hyderabad factory. India-wide supply. Configure custom sizes on product page.,https://woodenmax.in/products/telescope-windows/telescopic-slim-sliding-door,https://woodenmax.in/images/products/Window%20Price%20Per%20Sqft/sliding-window-price-range-india-1200.webp,,in stock,151517.00 INR,,new,Woodenmax,,,no,Hardware > Building Materials,Home & Garden > telescope-windows,telescope-windows,IN::Standard:0.00 INR,,telescope-windows,luxury,package,standard-size-package,2026
telescopic-slim-sliding-door-12x9-std,Telescopic Slim Profile Sliding Door 12×9 ft · 3+1 telescopic | Woodenmax,3+1 soft-close stack · 8mm clear tuff in base · Imported slim profile. Live package rate from WoodenMax calculator. GST 18% extra. Hyderabad factory. India-wide supply. Configure custom sizes on product page.,https://woodenmax.in/products/telescope-windows/telescopic-slim-sliding-door,https://woodenmax.in/images/products/Window%20Price%20Per%20Sqft/sliding-window-price-range-india-1200.webp,,in stock,183979.00 INR,,new,Woodenmax,,,no,Hardware > Building Materials,Home & Garden > telescope-windows,telescope-windows,IN::Standard:0.00 INR,,telescope-windows,luxury,package,standard-size-package,2026
telescopic-slim-sliding-door-14x9-std,Telescopic Slim Profile Sliding Door 14×9 ft · 3+1 telescopic | Woodenmax,3+1 soft-close stack · 8mm clear tuff in base · Imported slim profile. Live package rate from WoodenMax calculator. GST 18% extra. Hyderabad factory. India-wide supply. Configure custom sizes on product page.,https://woodenmax.in/products/telescope-windows/telescopic-slim-sliding-door,https://woodenmax.in/images/products/Window%20Price%20Per%20Sqft/sliding-window-price-range-india-1200.webp,,in stock,212630.00 INR,,new,Woodenmax,,,no,Hardware > Building Materials,Home & Garden > telescope-windows,telescope-windows,IN::Standard:0.00 INR,,telescope-windows,luxury,package,standard-size-package,2026
telescopic-slim-sliding-door-15x9-std,Telescopic Slim Profile Sliding Door 15×9 ft · 3+1 telescopic | Woodenmax,3+1 soft-close stack · 8mm clear tuff in base · Imported slim profile. Live package rate from WoodenMax calculator. GST 18% extra. Hyderabad factory. India-wide supply. Configure custom sizes on product page.,https://woodenmax.in/products/telescope-windows/telescopic-slim-sliding-door,https://woodenmax.in/images/products/Window%20Price%20Per%20Sqft/sliding-window-price-range-india-1200.webp,,in stock,226955.00 INR,,new,Woodenmax,,,no,Hardware > Building Materials,Home & Garden > telescope-windows,telescope-windows,IN::Standard:0.00 INR,,telescope-windows,luxury,package,standard-size-package,2026
telescopic-slim-sliding-door-18x9-std,Telescopic Slim Profile Sliding Door 18×9 ft · 5+1 telescopic | Woodenmax,5+1 soft-close stack · 8mm clear tuff in base · Imported slim profile. Live package rate from WoodenMax calculator. GST 18% extra. Hyderabad factory. India-wide supply. Configure custom sizes on product page.,https://woodenmax.in/products/telescope-windows/telescopic-slim-sliding-door,https://woodenmax.in/images/products/Window%20Price%20Per%20Sqft/sliding-window-price-range-india-1200.webp,,in stock,266120.00 INR,,new,Woodenmax,,,no,Hardware > Building Materials,Home & Garden > telescope-windows,telescope-windows,IN::Standard:0.00 INR,,telescope-windows,luxury,package,standard-size-package,2026
telescopic-slim-sliding-door-20x9-std,Telescopic Slim Profile Sliding Door 20×9 ft · 5+1 telescopic | Woodenmax,5+1 soft-close stack · 8mm clear tuff in base · Imported slim profile. Live package rate from WoodenMax calculator. GST 18% extra. Hyderabad factory. India-wide supply. Configure custom sizes on product page.,https://woodenmax.in/products/telescope-windows/telescopic-slim-sliding-door,https://woodenmax.in/images/products/Window%20Price%20Per%20Sqft/sliding-window-price-range-india-1200.webp,,in stock,294770.00 INR,,new,Woodenmax,,,no,Hardware > Building Materials,Home & Garden > telescope-windows,telescope-windows,IN::Standard:0.00 INR,,telescope-windows,luxury,package,standard-size-package,2026
telescopic-slim-sliding-door-6x20-std,Telescopic Slim Profile Sliding Door 6×20 ft · 2+1 telescopic | Woodenmax,2+1 soft-close stack · 8mm clear tuff in base · Imported slim profile. Live package rate from WoodenMax calculator. GST 18% extra. Hyderabad factory. India-wide supply. Configure custom sizes on product page.,https://woodenmax.in/products/telescope-windows/telescopic-slim-sliding-door,https://woodenmax.in/images/products/Window%20Price%20Per%20Sqft/sliding-window-price-range-india-1200.webp,,in stock,199268.00 INR,,new,Woodenmax,,,no,Hardware > Building Materials,Home & Garden > telescope-windows,telescope-windows,IN::Standard:0.00 INR,,telescope-windows,luxury,package,standard-size-package,2026
telescopic-slim-sliding-door-7x20-std,Telescopic Slim Profile Sliding Door 7×20 ft · 3+1 telescopic | Woodenmax,3+1 soft-close stack · 8mm clear tuff in base · Imported slim profile. Live package rate from WoodenMax calculator. GST 18% extra. Hyderabad factory. India-wide supply. Configure custom sizes on product page.,https://woodenmax.in/products/telescope-windows/telescopic-slim-sliding-door,https://woodenmax.in/images/products/Window%20Price%20Per%20Sqft/sliding-window-price-range-india-1200.webp,,in stock,234914.00 INR,,new,Woodenmax,,,no,Hardware > Building Materials,Home & Garden > telescope-windows,telescope-windows,IN::Standard:0.00 INR,,telescope-windows,luxury,package,standard-size-package,2026
telescopic-slim-sliding-door-8x20-std,Telescopic Slim Profile Sliding Door 8×20 ft · 3+1 telescopic | Woodenmax,3+1 soft-close stack · 8mm clear tuff in base · Imported slim profile. Live package rate from WoodenMax calculator. GST 18% extra. Hyderabad factory. India-wide supply. Configure custom sizes on product page.,https://woodenmax.in/products/telescope-windows/telescopic-slim-sliding-door,https://woodenmax.in/images/products/Window%20Price%20Per%20Sqft/sliding-window-price-range-india-1200.webp,,in stock,266748.00 INR,,new,Woodenmax,,,no,Hardware > Building Materials,Home & Garden > telescope-windows,telescope-windows,IN::Standard:0.00 INR,,telescope-windows,luxury,package,standard-size-package,2026
telescopic-slim-sliding-door-9x20-std,Telescopic Slim Profile Sliding Door 9×20 ft · 2+2 telescopic | Woodenmax,2+2 soft-close stack · 8mm clear tuff in base · Imported slim profile. Live package rate from WoodenMax calculator. GST 18% extra. Hyderabad factory. India-wide supply. Configure custom sizes on product page.,https://woodenmax.in/products/telescope-windows/telescopic-slim-sliding-door,https://woodenmax.in/images/products/Window%20Price%20Per%20Sqft/sliding-window-price-range-india-1200.webp,,in stock,294770.00 INR,,new,Woodenmax,,,no,Hardware > Building Materials,Home & Garden > telescope-windows,telescope-windows,IN::Standard:0.00 INR,,telescope-windows,luxury,package,standard-size-package,2026
telescopic-slim-sliding-door-10x20-std,Telescopic Slim Profile Sliding Door 10×20 ft · 2+2 telescopic | Woodenmax,2+2 soft-close stack · 8mm clear tuff in base · Imported slim profile. Live package rate from WoodenMax calculator. GST 18% extra. Hyderabad factory. India-wide supply. Configure custom sizes on product page.,https://woodenmax.in/products/telescope-windows/telescopic-slim-sliding-door,https://woodenmax.in/images/products/Window%20Price%20Per%20Sqft/sliding-window-price-range-india-1200.webp,,in stock,326604.00 INR,,new,Woodenmax,,,no,Hardware > Building Materials,Home & Garden > telescope-windows,telescope-windows,IN::Standard:0.00 INR,,telescope-windows,luxury,package,standard-size-package,2026
telescopic-slim-sliding-door-12x20-std,Telescopic Slim Profile Sliding Door 12×20 ft · 3+1 telescopic | Woodenmax,3+1 soft-close stack · 8mm clear tuff in base · Imported slim profile. Live package rate from WoodenMax calculator. GST 18% extra. Hyderabad factory. India-wide supply. Configure custom sizes on product page.,https://woodenmax.in/products/telescope-windows/telescopic-slim-sliding-door,https://woodenmax.in/images/products/Window%20Price%20Per%20Sqft/sliding-window-price-range-india-1200.webp,,in stock,394084.00 INR,,new,Woodenmax,,,no,Hardware > Building Materials,Home & Garden > telescope-windows,telescope-windows,IN::Standard:0.00 INR,,telescope-windows,luxury,package,standard-size-package,2026
telescopic-slim-sliding-door-14x20-std,Telescopic Slim Profile Sliding Door 14×20 ft · 3+1 telescopic | Woodenmax,3+1 soft-close stack · 8mm clear tuff in base · Imported slim profile. Live package rate from WoodenMax calculator. GST 18% extra. Hyderabad factory. India-wide supply. Configure custom sizes on product page.,https://woodenmax.in/products/telescope-windows/telescopic-slim-sliding-door,https://woodenmax.in/images/products/Window%20Price%20Per%20Sqft/sliding-window-price-range-india-1200.webp,,in stock,457752.00 INR,,new,Woodenmax,,,no,Hardware > Building Materials,Home & Garden > telescope-windows,telescope-windows,IN::Standard:0.00 INR,,telescope-windows,luxury,package,standard-size-package,2026
telescopic-slim-sliding-door-15x20-std,Telescopic Slim Profile Sliding Door 15×20 ft · 3+1 telescopic | Woodenmax,3+1 soft-close stack · 8mm clear tuff in base · Imported slim profile. Live package rate from WoodenMax calculator. GST 18% extra. Hyderabad factory. India-wide supply. Configure custom sizes on product page.,https://woodenmax.in/products/telescope-windows/telescopic-slim-sliding-door,https://woodenmax.in/images/products/Window%20Price%20Per%20Sqft/sliding-window-price-range-india-1200.webp,,in stock,489586.00 INR,,new,Woodenmax,,,no,Hardware > Building Materials,Home & Garden > telescope-windows,telescope-windows,IN::Standard:0.00 INR,,telescope-windows,luxury,package,standard-size-package,2026
telescopic-slim-sliding-door-18x20-std,Telescopic Slim Profile Sliding Door 18×20 ft · 5+1 telescopic | Woodenmax,5+1 soft-close stack · 8mm clear tuff in base · Imported slim profile. Live package rate from WoodenMax calculator. GST 18% extra. Hyderabad factory. India-wide supply. Configure custom sizes on product page.,https://woodenmax.in/products/telescope-windows/telescopic-slim-sliding-door,https://woodenmax.in/images/products/Window%20Price%20Per%20Sqft/sliding-window-price-range-india-1200.webp,,in stock,581276.00 INR,,new,Woodenmax,,,no,Hardware > Building Materials,Home & Garden > telescope-windows,telescope-windows,IN::Standard:0.00 INR,,telescope-windows,luxury,package,standard-size-package,2026
telescopic-slim-sliding-door-20x20-std,Telescopic Slim Profile Sliding Door 20×20 ft · 5+1 telescopic | Woodenmax,5+1 soft-close stack · 8mm clear tuff in base · Imported slim profile. Live package rate from WoodenMax calculator. GST 18% extra. Hyderabad factory. India-wide supply. Configure custom sizes on product page.,https://woodenmax.in/products/telescope-windows/telescopic-slim-sliding-door,https://woodenmax.in/images/products/Window%20Price%20Per%20Sqft/sliding-window-price-range-india-1200.webp,,in stock,644944.00 INR,,new,Woodenmax,,,no,Hardware > Building Materials,Home & Garden > telescope-windows,telescope-windows,IN::Standard:0.00 INR,,telescope-windows,luxury,package,standard-size-package,2026
fold-bifold-aluminium-doors-6x7-std,Fold & Bi-Fold Aluminium Glass Doors 6×7 ft · 2+1 fold set | Woodenmax,2+1 hardware (live rates incl. +10% hardware) · 8mm clear tuff · Frame + glass + set. Live package rate from WoodenMax calculator. GST 18% extra. Hyderabad factory. India-wide supply. Configure custom sizes on product page.,https://woodenmax.in/products/folding-systems/fold-bifold-aluminium-doors,https://woodenmax.in/images/products/Window%20Price%20Per%20Sqft/sliding-window-price-range-india-1200.webp,,in stock,96800.00 INR,,new,Woodenmax,,,no,Hardware > Building Materials,Home & Garden > folding-systems,folding-systems,IN::Standard:0.00 INR,,folding-systems,luxury,package,standard-size-package,2026
fold-bifold-aluminium-doors-7x7-std,Fold & Bi-Fold Aluminium Glass Doors 7×7 ft · 3+1 fold set | Woodenmax,3+1 hardware (live rates incl. +10% hardware) · 8mm clear tuff · Frame + glass + set. Live package rate from WoodenMax calculator. GST 18% extra. Hyderabad factory. India-wide supply. Configure custom sizes on product page.,https://woodenmax.in/products/folding-systems/fold-bifold-aluminium-doors,https://woodenmax.in/images/products/Window%20Price%20Per%20Sqft/sliding-window-price-range-india-1200.webp,,in stock,113850.00 INR,,new,Woodenmax,,,no,Hardware > Building Materials,Home & Garden > folding-systems,folding-systems,IN::Standard:0.00 INR,,folding-systems,luxury,package,standard-size-package,2026
fold-bifold-aluminium-doors-8x7-std,Fold & Bi-Fold Aluminium Glass Doors 8×7 ft · 3+1 fold set | Woodenmax,3+1 hardware (live rates incl. +10% hardware) · 8mm clear tuff · Frame + glass + set. Live package rate from WoodenMax calculator. GST 18% extra. Hyderabad factory. India-wide supply. Configure custom sizes on product page.,https://woodenmax.in/products/folding-systems/fold-bifold-aluminium-doors,https://woodenmax.in/images/products/Window%20Price%20Per%20Sqft/sliding-window-price-range-india-1200.webp,,in stock,125400.00 INR,,new,Woodenmax,,,no,Hardware > Building Materials,Home & Garden > folding-systems,folding-systems,IN::Standard:0.00 INR,,folding-systems,luxury,package,standard-size-package,2026
fold-bifold-aluminium-doors-9x7-std,Fold & Bi-Fold Aluminium Glass Doors 9×7 ft · 2+2 fold set | Woodenmax,2+2 hardware (live rates incl. +10% hardware) · 8mm clear tuff · Frame + glass + set. Live package rate from WoodenMax calculator. GST 18% extra. Hyderabad factory. India-wide supply. Configure custom sizes on product page.,https://woodenmax.in/products/folding-systems/fold-bifold-aluminium-doors,https://woodenmax.in/images/products/Window%20Price%20Per%20Sqft/sliding-window-price-range-india-1200.webp,,in stock,142450.00 INR,,new,Woodenmax,,,no,Hardware > Building Materials,Home & Garden > folding-systems,folding-systems,IN::Standard:0.00 INR,,folding-systems,luxury,package,standard-size-package,2026
fold-bifold-aluminium-doors-10x7-std,Fold & Bi-Fold Aluminium Glass Doors 10×7 ft · 2+2 fold set | Woodenmax,2+2 hardware (live rates incl. +10% hardware) · 8mm clear tuff · Frame + glass + set. Live package rate from WoodenMax calculator. GST 18% extra. Hyderabad factory. India-wide supply. Configure custom sizes on product page.,https://woodenmax.in/products/folding-systems/fold-bifold-aluminium-doors,https://woodenmax.in/images/products/Window%20Price%20Per%20Sqft/sliding-window-price-range-india-1200.webp,,in stock,154000.00 INR,,new,Woodenmax,,,no,Hardware > Building Materials,Home & Garden > folding-systems,folding-systems,IN::Standard:0.00 INR,,folding-systems,luxury,package,standard-size-package,2026
fold-bifold-aluminium-doors-12x7-std,Fold & Bi-Fold Aluminium Glass Doors 12×7 ft · 3+1 fold set | Woodenmax,3+1 hardware (live rates incl. +10% hardware) · 8mm clear tuff · Frame + glass + set. Live package rate from WoodenMax calculator. GST 18% extra. Hyderabad factory. India-wide supply. Configure custom sizes on product page.,https://woodenmax.in/products/folding-systems/fold-bifold-aluminium-doors,https://woodenmax.in/images/products/Window%20Price%20Per%20Sqft/sliding-window-price-range-india-1200.webp,,in stock,171600.00 INR,,new,Woodenmax,,,no,Hardware > Building Materials,Home & Garden > folding-systems,folding-systems,IN::Standard:0.00 INR,,folding-systems,luxury,package,standard-size-package,2026
fold-bifold-aluminium-doors-14x7-std,Fold & Bi-Fold Aluminium Glass Doors 14×7 ft · 3+3 fold set | Woodenmax,3+3 hardware (live rates incl. +10% hardware) · 8mm clear tuff · Frame + glass + set. Live package rate from WoodenMax calculator. GST 18% extra. Hyderabad factory. India-wide supply. Configure custom sizes on product page.,https://woodenmax.in/products/folding-systems/fold-bifold-aluminium-doors,https://woodenmax.in/images/products/Window%20Price%20Per%20Sqft/sliding-window-price-range-india-1200.webp,,in stock,205700.00 INR,,new,Woodenmax,,,no,Hardware > Building Materials,Home & Garden > folding-systems,folding-systems,IN::Standard:0.00 INR,,folding-systems,luxury,package,standard-size-package,2026
fold-bifold-aluminium-doors-15x7-std,Fold & Bi-Fold Aluminium Glass Doors 15×7 ft · 3+3 fold set | Woodenmax,3+3 hardware (live rates incl. +10% hardware) · 8mm clear tuff · Frame + glass + set. Live package rate from WoodenMax calculator. GST 18% extra. Hyderabad factory. India-wide supply. Configure custom sizes on product page.,https://woodenmax.in/products/folding-systems/fold-bifold-aluminium-doors,https://woodenmax.in/images/products/Window%20Price%20Per%20Sqft/sliding-window-price-range-india-1200.webp,,in stock,217250.00 INR,,new,Woodenmax,,,no,Hardware > Building Materials,Home & Garden > folding-systems,folding-systems,IN::Standard:0.00 INR,,folding-systems,luxury,package,standard-size-package,2026
fold-bifold-aluminium-doors-18x7-std,Fold & Bi-Fold Aluminium Glass Doors 18×7 ft · 5+1 fold set | Woodenmax,5+1 hardware (live rates incl. +10% hardware) · 8mm clear tuff · Frame + glass + set. Live package rate from WoodenMax calculator. GST 18% extra. Hyderabad factory. India-wide supply. Configure custom sizes on product page.,https://woodenmax.in/products/folding-systems/fold-bifold-aluminium-doors,https://woodenmax.in/images/products/Window%20Price%20Per%20Sqft/sliding-window-price-range-india-1200.webp,,in stock,257400.00 INR,,new,Woodenmax,,,no,Hardware > Building Materials,Home & Garden > folding-systems,folding-systems,IN::Standard:0.00 INR,,folding-systems,luxury,package,standard-size-package,2026
fold-bifold-aluminium-doors-20x7-std,Fold & Bi-Fold Aluminium Glass Doors 20×7 ft · 5+1 fold set | Woodenmax,5+1 hardware (live rates incl. +10% hardware) · 8mm clear tuff · Frame + glass + set. Live package rate from WoodenMax calculator. GST 18% extra. Hyderabad factory. India-wide supply. Configure custom sizes on product page.,https://woodenmax.in/products/folding-systems/fold-bifold-aluminium-doors,https://woodenmax.in/images/products/Window%20Price%20Per%20Sqft/sliding-window-price-range-india-1200.webp,,in stock,280500.00 INR,,new,Woodenmax,,,no,Hardware > Building Materials,Home & Garden > folding-systems,folding-systems,IN::Standard:0.00 INR,,folding-systems,luxury,package,standard-size-package,2026
fold-bifold-aluminium-doors-6x8-std,Fold & Bi-Fold Aluminium Glass Doors 6×8 ft · 2+1 fold set | Woodenmax,2+1 hardware (live rates incl. +10% hardware) · 8mm clear tuff · Frame + glass + set. Live package rate from WoodenMax calculator. GST 18% extra. Hyderabad factory. India-wide supply. Configure custom sizes on product page.,https://woodenmax.in/products/folding-systems/fold-bifold-aluminium-doors,https://woodenmax.in/images/products/Window%20Price%20Per%20Sqft/sliding-window-price-range-india-1200.webp,,in stock,106700.00 INR,,new,Woodenmax,,,no,Hardware > Building Materials,Home & Garden > folding-systems,folding-systems,IN::Standard:0.00 INR,,folding-systems,luxury,package,standard-size-package,2026
fold-bifold-aluminium-doors-7x8-std,Fold & Bi-Fold Aluminium Glass Doors 7×8 ft · 3+1 fold set | Woodenmax,3+1 hardware (live rates incl. +10% hardware) · 8mm clear tuff · Frame + glass + set. Live package rate from WoodenMax calculator. GST 18% extra. Hyderabad factory. India-wide supply. Configure custom sizes on product page.,https://woodenmax.in/products/folding-systems/fold-bifold-aluminium-doors,https://woodenmax.in/images/products/Window%20Price%20Per%20Sqft/sliding-window-price-range-india-1200.webp,,in stock,125400.00 INR,,new,Woodenmax,,,no,Hardware > Building Materials,Home & Garden > folding-systems,folding-systems,IN::Standard:0.00 INR,,folding-systems,luxury,package,standard-size-package,2026
fold-bifold-aluminium-doors-8x8-std,Fold & Bi-Fold Aluminium Glass Doors 8×8 ft · 3+1 fold set | Woodenmax,3+1 hardware (live rates incl. +10% hardware) · 8mm clear tuff · Frame + glass + set. Live package rate from WoodenMax calculator. GST 18% extra. Hyderabad factory. India-wide supply. Configure custom sizes on product page.,https://woodenmax.in/products/folding-systems/fold-bifold-aluminium-doors,https://woodenmax.in/images/products/Window%20Price%20Per%20Sqft/sliding-window-price-range-india-1200.webp,,in stock,138600.00 INR,,new,Woodenmax,,,no,Hardware > Building Materials,Home & Garden > folding-systems,folding-systems,IN::Standard:0.00 INR,,folding-systems,luxury,package,standard-size-package,2026
fold-bifold-aluminium-doors-9x8-std,Fold & Bi-Fold Aluminium Glass Doors 9×8 ft · 2+2 fold set | Woodenmax,2+2 hardware (live rates incl. +10% hardware) · 8mm clear tuff · Frame + glass + set. Live package rate from WoodenMax calculator. GST 18% extra. Hyderabad factory. India-wide supply. Configure custom sizes on product page.,https://woodenmax.in/products/folding-systems/fold-bifold-aluminium-doors,https://woodenmax.in/images/products/Window%20Price%20Per%20Sqft/sliding-window-price-range-india-1200.webp,,in stock,157300.00 INR,,new,Woodenmax,,,no,Hardware > Building Materials,Home & Garden > folding-systems,folding-systems,IN::Standard:0.00 INR,,folding-systems,luxury,package,standard-size-package,2026
fold-bifold-aluminium-doors-10x8-std,Fold & Bi-Fold Aluminium Glass Doors 10×8 ft · 2+2 fold set | Woodenmax,2+2 hardware (live rates incl. +10% hardware) · 8mm clear tuff · Frame + glass + set. Live package rate from WoodenMax calculator. GST 18% extra. Hyderabad factory. India-wide supply. Configure custom sizes on product page.,https://woodenmax.in/products/folding-systems/fold-bifold-aluminium-doors,https://woodenmax.in/images/products/Window%20Price%20Per%20Sqft/sliding-window-price-range-india-1200.webp,,in stock,170500.00 INR,,new,Woodenmax,,,no,Hardware > Building Materials,Home & Garden > folding-systems,folding-systems,IN::Standard:0.00 INR,,folding-systems,luxury,package,standard-size-package,2026
fold-bifold-aluminium-doors-12x8-std,Fold & Bi-Fold Aluminium Glass Doors 12×8 ft · 3+1 fold set | Woodenmax,3+1 hardware (live rates incl. +10% hardware) · 8mm clear tuff · Frame + glass + set. Live package rate from WoodenMax calculator. GST 18% extra. Hyderabad factory. India-wide supply. Configure custom sizes on product page.,https://woodenmax.in/products/folding-systems/fold-bifold-aluminium-doors,https://woodenmax.in/images/products/Window%20Price%20Per%20Sqft/sliding-window-price-range-india-1200.webp,,in stock,191400.00 INR,,new,Woodenmax,,,no,Hardware > Building Materials,Home & Garden > folding-systems,folding-systems,IN::Standard:0.00 INR,,folding-systems,luxury,package,standard-size-package,2026
fold-bifold-aluminium-doors-14x8-std,Fold & Bi-Fold Aluminium Glass Doors 14×8 ft · 3+3 fold set | Woodenmax,3+3 hardware (live rates incl. +10% hardware) · 8mm clear tuff · Frame + glass + set. Live package rate from WoodenMax calculator. GST 18% extra. Hyderabad factory. India-wide supply. Configure custom sizes on product page.,https://woodenmax.in/products/folding-systems/fold-bifold-aluminium-doors,https://woodenmax.in/images/products/Window%20Price%20Per%20Sqft/sliding-window-price-range-india-1200.webp,,in stock,228800.00 INR,,new,Woodenmax,,,no,Hardware > Building Materials,Home & Garden > folding-systems,folding-systems,IN::Standard:0.00 INR,,folding-systems,luxury,package,standard-size-package,2026
fold-bifold-aluminium-doors-15x8-std,Fold & Bi-Fold Aluminium Glass Doors 15×8 ft · 3+3 fold set | Woodenmax,3+3 hardware (live rates incl. +10% hardware) · 8mm clear tuff · Frame + glass + set. Live package rate from WoodenMax calculator. GST 18% extra. Hyderabad factory. India-wide supply. Configure custom sizes on product page.,https://woodenmax.in/products/folding-systems/fold-bifold-aluminium-doors,https://woodenmax.in/images/products/Window%20Price%20Per%20Sqft/sliding-window-price-range-india-1200.webp,,in stock,242000.00 INR,,new,Woodenmax,,,no,Hardware > Building Materials,Home & Garden > folding-systems,folding-systems,IN::Standard:0.00 INR,,folding-systems,luxury,package,standard-size-package,2026
fold-bifold-aluminium-doors-18x8-std,Fold & Bi-Fold Aluminium Glass Doors 18×8 ft · 5+1 fold set | Woodenmax,5+1 hardware (live rates incl. +10% hardware) · 8mm clear tuff · Frame + glass + set. Live package rate from WoodenMax calculator. GST 18% extra. Hyderabad factory. India-wide supply. Configure custom sizes on product page.,https://woodenmax.in/products/folding-systems/fold-bifold-aluminium-doors,https://woodenmax.in/images/products/Window%20Price%20Per%20Sqft/sliding-window-price-range-india-1200.webp,,in stock,287100.00 INR,,new,Woodenmax,,,no,Hardware > Building Materials,Home & Garden > folding-systems,folding-systems,IN::Standard:0.00 INR,,folding-systems,luxury,package,standard-size-package,2026
fold-bifold-aluminium-doors-20x8-std,Fold & Bi-Fold Aluminium Glass Doors 20×8 ft · 5+1 fold set | Woodenmax,5+1 hardware (live rates incl. +10% hardware) · 8mm clear tuff · Frame + glass + set. Live package rate from WoodenMax calculator. GST 18% extra. Hyderabad factory. India-wide supply. Configure custom sizes on product page.,https://woodenmax.in/products/folding-systems/fold-bifold-aluminium-doors,https://woodenmax.in/images/products/Window%20Price%20Per%20Sqft/sliding-window-price-range-india-1200.webp,,in stock,313500.00 INR,,new,Woodenmax,,,no,Hardware > Building Materials,Home & Garden > folding-systems,folding-systems,IN::Standard:0.00 INR,,folding-systems,luxury,package,standard-size-package,2026
fold-bifold-aluminium-doors-6x9-std,Fold & Bi-Fold Aluminium Glass Doors 6×9 ft · 2+1 fold set | Woodenmax,2+1 hardware (live rates incl. +10% hardware) · 8mm clear tuff · Frame + glass + set. Live package rate from WoodenMax calculator. GST 18% extra. Hyderabad factory. India-wide supply. Configure custom sizes on product page.,https://woodenmax.in/products/folding-systems/fold-bifold-aluminium-doors,https://woodenmax.in/images/products/Window%20Price%20Per%20Sqft/sliding-window-price-range-india-1200.webp,,in stock,116600.00 INR,,new,Woodenmax,,,no,Hardware > Building Materials,Home & Garden > folding-systems,folding-systems,IN::Standard:0.00 INR,,folding-systems,luxury,package,standard-size-package,2026
fold-bifold-aluminium-doors-7x9-std,Fold & Bi-Fold Aluminium Glass Doors 7×9 ft · 3+1 fold set | Woodenmax,3+1 hardware (live rates incl. +10% hardware) · 8mm clear tuff · Frame + glass + set. Live package rate from WoodenMax calculator. GST 18% extra. Hyderabad factory. India-wide supply. Configure custom sizes on product page.,https://woodenmax.in/products/folding-systems/fold-bifold-aluminium-doors,https://woodenmax.in/images/products/Window%20Price%20Per%20Sqft/sliding-window-price-range-india-1200.webp,,in stock,136950.00 INR,,new,Woodenmax,,,no,Hardware > Building Materials,Home & Garden > folding-systems,folding-systems,IN::Standard:0.00 INR,,folding-systems,luxury,package,standard-size-package,2026
fold-bifold-aluminium-doors-8x9-std,Fold & Bi-Fold Aluminium Glass Doors 8×9 ft · 3+1 fold set | Woodenmax,3+1 hardware (live rates incl. +10% hardware) · 8mm clear tuff · Frame + glass + set. Live package rate from WoodenMax calculator. GST 18% extra. Hyderabad factory. India-wide supply. Configure custom sizes on product page.,https://woodenmax.in/products/folding-systems/fold-bifold-aluminium-doors,https://woodenmax.in/images/products/Window%20Price%20Per%20Sqft/sliding-window-price-range-india-1200.webp,,in stock,151800.00 INR,,new,Woodenmax,,,no,Hardware > Building Materials,Home & Garden > folding-systems,folding-systems,IN::Standard:0.00 INR,,folding-systems,luxury,package,standard-size-package,2026
fold-bifold-aluminium-doors-9x9-std,Fold & Bi-Fold Aluminium Glass Doors 9×9 ft · 2+2 fold set | Woodenmax,2+2 hardware (live rates incl. +10% hardware) · 8mm clear tuff · Frame + glass + set. Live package rate from WoodenMax calculator. GST 18% extra. Hyderabad factory. India-wide supply. Configure custom sizes on product page.,https://woodenmax.in/products/folding-systems/fold-bifold-aluminium-doors,https://woodenmax.in/images/products/Window%20Price%20Per%20Sqft/sliding-window-price-range-india-1200.webp,,in stock,172150.00 INR,,new,Woodenmax,,,no,Hardware > Building Materials,Home & Garden > folding-systems,folding-systems,IN::Standard:0.00 INR,,folding-systems,luxury,package,standard-size-package,2026
fold-bifold-aluminium-doors-10x9-std,Fold & Bi-Fold Aluminium Glass Doors 10×9 ft · 2+2 fold set | Woodenmax,2+2 hardware (live rates incl. +10% hardware) · 8mm clear tuff · Frame + glass + set. Live package rate from WoodenMax calculator. GST 18% extra. Hyderabad factory. India-wide supply. Configure custom sizes on product page.,https://woodenmax.in/products/folding-systems/fold-bifold-aluminium-doors,https://woodenmax.in/images/products/Window%20Price%20Per%20Sqft/sliding-window-price-range-india-1200.webp,,in stock,187000.00 INR,,new,Woodenmax,,,no,Hardware > Building Materials,Home & Garden > folding-systems,folding-systems,IN::Standard:0.00 INR,,folding-systems,luxury,package,standard-size-package,2026
fold-bifold-aluminium-doors-12x9-std,Fold & Bi-Fold Aluminium Glass Doors 12×9 ft · 3+1 fold set | Woodenmax,3+1 hardware (live rates incl. +10% hardware) · 8mm clear tuff · Frame + glass + set. Live package rate from WoodenMax calculator. GST 18% extra. Hyderabad factory. India-wide supply. Configure custom sizes on product page.,https://woodenmax.in/products/folding-systems/fold-bifold-aluminium-doors,https://woodenmax.in/images/products/Window%20Price%20Per%20Sqft/sliding-window-price-range-india-1200.webp,,in stock,211200.00 INR,,new,Woodenmax,,,no,Hardware > Building Materials,Home & Garden > folding-systems,folding-systems,IN::Standard:0.00 INR,,folding-systems,luxury,package,standard-size-package,2026
fold-bifold-aluminium-doors-14x9-std,Fold & Bi-Fold Aluminium Glass Doors 14×9 ft · 3+3 fold set | Woodenmax,3+3 hardware (live rates incl. +10% hardware) · 8mm clear tuff · Frame + glass + set. Live package rate from WoodenMax calculator. GST 18% extra. Hyderabad factory. India-wide supply. Configure custom sizes on product page.,https://woodenmax.in/products/folding-systems/fold-bifold-aluminium-doors,https://woodenmax.in/images/products/Window%20Price%20Per%20Sqft/sliding-window-price-range-india-1200.webp,,in stock,251900.00 INR,,new,Woodenmax,,,no,Hardware > Building Materials,Home & Garden > folding-systems,folding-systems,IN::Standard:0.00 INR,,folding-systems,luxury,package,standard-size-package,2026
fold-bifold-aluminium-doors-15x9-std,Fold & Bi-Fold Aluminium Glass Doors 15×9 ft · 3+3 fold set | Woodenmax,3+3 hardware (live rates incl. +10% hardware) · 8mm clear tuff · Frame + glass + set. Live package rate from WoodenMax calculator. GST 18% extra. Hyderabad factory. India-wide supply. Configure custom sizes on product page.,https://woodenmax.in/products/folding-systems/fold-bifold-aluminium-doors,https://woodenmax.in/images/products/Window%20Price%20Per%20Sqft/sliding-window-price-range-india-1200.webp,,in stock,266750.00 INR,,new,Woodenmax,,,no,Hardware > Building Materials,Home & Garden > folding-systems,folding-systems,IN::Standard:0.00 INR,,folding-systems,luxury,package,standard-size-package,2026
fold-bifold-aluminium-doors-18x9-std,Fold & Bi-Fold Aluminium Glass Doors 18×9 ft · 5+1 fold set | Woodenmax,5+1 hardware (live rates incl. +10% hardware) · 8mm clear tuff · Frame + glass + set. Live package rate from WoodenMax calculator. GST 18% extra. Hyderabad factory. India-wide supply. Configure custom sizes on product page.,https://woodenmax.in/products/folding-systems/fold-bifold-aluminium-doors,https://woodenmax.in/images/products/Window%20Price%20Per%20Sqft/sliding-window-price-range-india-1200.webp,,in stock,316800.00 INR,,new,Woodenmax,,,no,Hardware > Building Materials,Home & Garden > folding-systems,folding-systems,IN::Standard:0.00 INR,,folding-systems,luxury,package,standard-size-package,2026
fold-bifold-aluminium-doors-20x9-std,Fold & Bi-Fold Aluminium Glass Doors 20×9 ft · 5+1 fold set | Woodenmax,5+1 hardware (live rates incl. +10% hardware) · 8mm clear tuff · Frame + glass + set. Live package rate from WoodenMax calculator. GST 18% extra. Hyderabad factory. India-wide supply. Configure custom sizes on product page.,https://woodenmax.in/products/folding-systems/fold-bifold-aluminium-doors,https://woodenmax.in/images/products/Window%20Price%20Per%20Sqft/sliding-window-price-range-india-1200.webp,,in stock,346500.00 INR,,new,Woodenmax,,,no,Hardware > Building Materials,Home & Garden > folding-systems,folding-systems,IN::Standard:0.00 INR,,folding-systems,luxury,package,standard-size-package,2026
fold-bifold-aluminium-doors-6x10-std,Fold & Bi-Fold Aluminium Glass Doors 6×10 ft · 2+1 fold set | Woodenmax,2+1 hardware (live rates incl. +10% hardware) · 8mm clear tuff · Frame + glass + set. Live package rate from WoodenMax calculator. GST 18% extra. Hyderabad factory. India-wide supply. Configure custom sizes on product page.,https://woodenmax.in/products/folding-systems/fold-bifold-aluminium-doors,https://woodenmax.in/images/products/Window%20Price%20Per%20Sqft/sliding-window-price-range-india-1200.webp,,in stock,126500.00 INR,,new,Woodenmax,,,no,Hardware > Building Materials,Home & Garden > folding-systems,folding-systems,IN::Standard:0.00 INR,,folding-systems,luxury,package,standard-size-package,2026
fold-bifold-aluminium-doors-7x10-std,Fold & Bi-Fold Aluminium Glass Doors 7×10 ft · 3+1 fold set | Woodenmax,3+1 hardware (live rates incl. +10% hardware) · 8mm clear tuff · Frame + glass + set. Live package rate from WoodenMax calculator. GST 18% extra. Hyderabad factory. India-wide supply. Configure custom sizes on product page.,https://woodenmax.in/products/folding-systems/fold-bifold-aluminium-doors,https://woodenmax.in/images/products/Window%20Price%20Per%20Sqft/sliding-window-price-range-india-1200.webp,,in stock,148500.00 INR,,new,Woodenmax,,,no,Hardware > Building Materials,Home & Garden > folding-systems,folding-systems,IN::Standard:0.00 INR,,folding-systems,luxury,package,standard-size-package,2026
fold-bifold-aluminium-doors-8x10-std,Fold & Bi-Fold Aluminium Glass Doors 8×10 ft · 3+1 fold set | Woodenmax,3+1 hardware (live rates incl. +10% hardware) · 8mm clear tuff · Frame + glass + set. Live package rate from WoodenMax calculator. GST 18% extra. Hyderabad factory. India-wide supply. Configure custom sizes on product page.,https://woodenmax.in/products/folding-systems/fold-bifold-aluminium-doors,https://woodenmax.in/images/products/Window%20Price%20Per%20Sqft/sliding-window-price-range-india-1200.webp,,in stock,165000.00 INR,,new,Woodenmax,,,no,Hardware > Building Materials,Home & Garden > folding-systems,folding-systems,IN::Standard:0.00 INR,,folding-systems,luxury,package,standard-size-package,2026
fold-bifold-aluminium-doors-9x10-std,Fold & Bi-Fold Aluminium Glass Doors 9×10 ft · 2+2 fold set | Woodenmax,2+2 hardware (live rates incl. +10% hardware) · 8mm clear tuff · Frame + glass + set. Live package rate from WoodenMax calculator. GST 18% extra. Hyderabad factory. India-wide supply. Configure custom sizes on product page.,https://woodenmax.in/products/folding-systems/fold-bifold-aluminium-doors,https://woodenmax.in/images/products/Window%20Price%20Per%20Sqft/sliding-window-price-range-india-1200.webp,,in stock,187000.00 INR,,new,Woodenmax,,,no,Hardware > Building Materials,Home & Garden > folding-systems,folding-systems,IN::Standard:0.00 INR,,folding-systems,luxury,package,standard-size-package,2026
fold-bifold-aluminium-doors-10x10-std,Fold & Bi-Fold Aluminium Glass Doors 10×10 ft · 2+2 fold set | Woodenmax,2+2 hardware (live rates incl. +10% hardware) · 8mm clear tuff · Frame + glass + set. Live package rate from WoodenMax calculator. GST 18% extra. Hyderabad factory. India-wide supply. Configure custom sizes on product page.,https://woodenmax.in/products/folding-systems/fold-bifold-aluminium-doors,https://woodenmax.in/images/products/Window%20Price%20Per%20Sqft/sliding-window-price-range-india-1200.webp,,in stock,203500.00 INR,,new,Woodenmax,,,no,Hardware > Building Materials,Home & Garden > folding-systems,folding-systems,IN::Standard:0.00 INR,,folding-systems,luxury,package,standard-size-package,2026
fold-bifold-aluminium-doors-12x10-std,Fold & Bi-Fold Aluminium Glass Doors 12×10 ft · 3+1 fold set | Woodenmax,3+1 hardware (live rates incl. +10% hardware) · 8mm clear tuff · Frame + glass + set. Live package rate from WoodenMax calculator. GST 18% extra. Hyderabad factory. India-wide supply. Configure custom sizes on product page.,https://woodenmax.in/products/folding-systems/fold-bifold-aluminium-doors,https://woodenmax.in/images/products/Window%20Price%20Per%20Sqft/sliding-window-price-range-india-1200.webp,,in stock,231000.00 INR,,new,Woodenmax,,,no,Hardware > Building Materials,Home & Garden > folding-systems,folding-systems,IN::Standard:0.00 INR,,folding-systems,luxury,package,standard-size-package,2026
fold-bifold-aluminium-doors-14x10-std,Fold & Bi-Fold Aluminium Glass Doors 14×10 ft · 3+3 fold set | Woodenmax,3+3 hardware (live rates incl. +10% hardware) · 8mm clear tuff · Frame + glass + set. Live package rate from WoodenMax calculator. GST 18% extra. Hyderabad factory. India-wide supply. Configure custom sizes on product page.,https://woodenmax.in/products/folding-systems/fold-bifold-aluminium-doors,https://woodenmax.in/images/products/Window%20Price%20Per%20Sqft/sliding-window-price-range-india-1200.webp,,in stock,275000.00 INR,,new,Woodenmax,,,no,Hardware > Building Materials,Home & Garden > folding-systems,folding-systems,IN::Standard:0.00 INR,,folding-systems,luxury,package,standard-size-package,2026
fold-bifold-aluminium-doors-15x10-std,Fold & Bi-Fold Aluminium Glass Doors 15×10 ft · 3+3 fold set | Woodenmax,3+3 hardware (live rates incl. +10% hardware) · 8mm clear tuff · Frame + glass + set. Live package rate from WoodenMax calculator. GST 18% extra. Hyderabad factory. India-wide supply. Configure custom sizes on product page.,https://woodenmax.in/products/folding-systems/fold-bifold-aluminium-doors,https://woodenmax.in/images/products/Window%20Price%20Per%20Sqft/sliding-window-price-range-india-1200.webp,,in stock,291500.00 INR,,new,Woodenmax,,,no,Hardware > Building Materials,Home & Garden > folding-systems,folding-systems,IN::Standard:0.00 INR,,folding-systems,luxury,package,standard-size-package,2026
fold-bifold-aluminium-doors-18x10-std,Fold & Bi-Fold Aluminium Glass Doors 18×10 ft · 5+1 fold set | Woodenmax,5+1 hardware (live rates incl. +10% hardware) · 8mm clear tuff · Frame + glass + set. Live package rate from WoodenMax calculator. GST 18% extra. Hyderabad factory. India-wide supply. Configure custom sizes on product page.,https://woodenmax.in/products/folding-systems/fold-bifold-aluminium-doors,https://woodenmax.in/images/products/Window%20Price%20Per%20Sqft/sliding-window-price-range-india-1200.webp,,in stock,346500.00 INR,,new,Woodenmax,,,no,Hardware > Building Materials,Home & Garden > folding-systems,folding-systems,IN::Standard:0.00 INR,,folding-systems,luxury,package,standard-size-package,2026
fold-bifold-aluminium-doors-20x10-std,Fold & Bi-Fold Aluminium Glass Doors 20×10 ft · 5+1 fold set | Woodenmax,5+1 hardware (live rates incl. +10% hardware) · 8mm clear tuff · Frame + glass + set. Live package rate from WoodenMax calculator. GST 18% extra. Hyderabad factory. India-wide supply. Configure custom sizes on product page.,https://woodenmax.in/products/folding-systems/fold-bifold-aluminium-doors,https://woodenmax.in/images/products/Window%20Price%20Per%20Sqft/sliding-window-price-range-india-1200.webp,,in stock,379500.00 INR,,new,Woodenmax,,,no,Hardware > Building Materials,Home & Garden > folding-systems,folding-systems,IN::Standard:0.00 INR,,folding-systems,luxury,package,standard-size-package,2026
fold-sliding-window-system-6x7-std,Fold & Sliding Window System 6×7 ft · 2+1 fold set | Woodenmax,2+1 hardware (live rates incl. +10% hardware) · 8mm clear tuff · Frame + glass + set. Live package rate from WoodenMax calculator. GST 18% extra. Hyderabad factory. India-wide supply. Configure custom sizes on product page.,https://woodenmax.in/products/folding-systems/fold-sliding-window-system,https://woodenmax.in/images/products/Window%20Price%20Per%20Sqft/sliding-window-price-range-india-1200.webp,,in stock,96800.00 INR,,new,Woodenmax,,,no,Hardware > Building Materials,Home & Garden > folding-systems,folding-systems,IN::Standard:0.00 INR,,folding-systems,luxury,package,standard-size-package,2026
fold-sliding-window-system-7x7-std,Fold & Sliding Window System 7×7 ft · 3+1 fold set | Woodenmax,3+1 hardware (live rates incl. +10% hardware) · 8mm clear tuff · Frame + glass + set. Live package rate from WoodenMax calculator. GST 18% extra. Hyderabad factory. India-wide supply. Configure custom sizes on product page.,https://woodenmax.in/products/folding-systems/fold-sliding-window-system,https://woodenmax.in/images/products/Window%20Price%20Per%20Sqft/sliding-window-price-range-india-1200.webp,,in stock,113850.00 INR,,new,Woodenmax,,,no,Hardware > Building Materials,Home & Garden > folding-systems,folding-systems,IN::Standard:0.00 INR,,folding-systems,luxury,package,standard-size-package,2026
fold-sliding-window-system-8x7-std,Fold & Sliding Window System 8×7 ft · 3+1 fold set | Woodenmax,3+1 hardware (live rates incl. +10% hardware) · 8mm clear tuff · Frame + glass + set. Live package rate from WoodenMax calculator. GST 18% extra. Hyderabad factory. India-wide supply. Configure custom sizes on product page.,https://woodenmax.in/products/folding-systems/fold-sliding-window-system,https://woodenmax.in/images/products/Window%20Price%20Per%20Sqft/sliding-window-price-range-india-1200.webp,,in stock,125400.00 INR,,new,Woodenmax,,,no,Hardware > Building Materials,Home & Garden > folding-systems,folding-systems,IN::Standard:0.00 INR,,folding-systems,luxury,package,standard-size-package,2026
fold-sliding-window-system-9x7-std,Fold & Sliding Window System 9×7 ft · 2+2 fold set | Woodenmax,2+2 hardware (live rates incl. +10% hardware) · 8mm clear tuff · Frame + glass + set. Live package rate from WoodenMax calculator. GST 18% extra. Hyderabad factory. India-wide supply. Configure custom sizes on product page.,https://woodenmax.in/products/folding-systems/fold-sliding-window-system,https://woodenmax.in/images/products/Window%20Price%20Per%20Sqft/sliding-window-price-range-india-1200.webp,,in stock,142450.00 INR,,new,Woodenmax,,,no,Hardware > Building Materials,Home & Garden > folding-systems,folding-systems,IN::Standard:0.00 INR,,folding-systems,luxury,package,standard-size-package,2026
fold-sliding-window-system-10x7-std,Fold & Sliding Window System 10×7 ft · 2+2 fold set | Woodenmax,2+2 hardware (live rates incl. +10% hardware) · 8mm clear tuff · Frame + glass + set. Live package rate from WoodenMax calculator. GST 18% extra. Hyderabad factory. India-wide supply. Configure custom sizes on product page.,https://woodenmax.in/products/folding-systems/fold-sliding-window-system,https://woodenmax.in/images/products/Window%20Price%20Per%20Sqft/sliding-window-price-range-india-1200.webp,,in stock,154000.00 INR,,new,Woodenmax,,,no,Hardware > Building Materials,Home & Garden > folding-systems,folding-systems,IN::Standard:0.00 INR,,folding-systems,luxury,package,standard-size-package,2026
fold-sliding-window-system-12x7-std,Fold & Sliding Window System 12×7 ft · 3+1 fold set | Woodenmax,3+1 hardware (live rates incl. +10% hardware) · 8mm clear tuff · Frame + glass + set. Live package rate from WoodenMax calculator. GST 18% extra. Hyderabad factory. India-wide supply. Configure custom sizes on product page.,https://woodenmax.in/products/folding-systems/fold-sliding-window-system,https://woodenmax.in/images/products/Window%20Price%20Per%20Sqft/sliding-window-price-range-india-1200.webp,,in stock,171600.00 INR,,new,Woodenmax,,,no,Hardware > Building Materials,Home & Garden > folding-systems,folding-systems,IN::Standard:0.00 INR,,folding-systems,luxury,package,standard-size-package,2026
fold-sliding-window-system-14x7-std,Fold & Sliding Window System 14×7 ft · 3+3 fold set | Woodenmax,3+3 hardware (live rates incl. +10% hardware) · 8mm clear tuff · Frame + glass + set. Live package rate from WoodenMax calculator. GST 18% extra. Hyderabad factory. India-wide supply. Configure custom sizes on product page.,https://woodenmax.in/products/folding-systems/fold-sliding-window-system,https://woodenmax.in/images/products/Window%20Price%20Per%20Sqft/sliding-window-price-range-india-1200.webp,,in stock,205700.00 INR,,new,Woodenmax,,,no,Hardware > Building Materials,Home & Garden > folding-systems,folding-systems,IN::Standard:0.00 INR,,folding-systems,luxury,package,standard-size-package,2026
fold-sliding-window-system-15x7-std,Fold & Sliding Window System 15×7 ft · 3+3 fold set | Woodenmax,3+3 hardware (live rates incl. +10% hardware) · 8mm clear tuff · Frame + glass + set. Live package rate from WoodenMax calculator. GST 18% extra. Hyderabad factory. India-wide supply. Configure custom sizes on product page.,https://woodenmax.in/products/folding-systems/fold-sliding-window-system,https://woodenmax.in/images/products/Window%20Price%20Per%20Sqft/sliding-window-price-range-india-1200.webp,,in stock,217250.00 INR,,new,Woodenmax,,,no,Hardware > Building Materials,Home & Garden > folding-systems,folding-systems,IN::Standard:0.00 INR,,folding-systems,luxury,package,standard-size-package,2026
fold-sliding-window-system-18x7-std,Fold & Sliding Window System 18×7 ft · 5+1 fold set | Woodenmax,5+1 hardware (live rates incl. +10% hardware) · 8mm clear tuff · Frame + glass + set. Live package rate from WoodenMax calculator. GST 18% extra. Hyderabad factory. India-wide supply. Configure custom sizes on product page.,https://woodenmax.in/products/folding-systems/fold-sliding-window-system,https://woodenmax.in/images/products/Window%20Price%20Per%20Sqft/sliding-window-price-range-india-1200.webp,,in stock,257400.00 INR,,new,Woodenmax,,,no,Hardware > Building Materials,Home & Garden > folding-systems,folding-systems,IN::Standard:0.00 INR,,folding-systems,luxury,package,standard-size-package,2026
fold-sliding-window-system-20x7-std,Fold & Sliding Window System 20×7 ft · 5+1 fold set | Woodenmax,5+1 hardware (live rates incl. +10% hardware) · 8mm clear tuff · Frame + glass + set. Live package rate from WoodenMax calculator. GST 18% extra. Hyderabad factory. India-wide supply. Configure custom sizes on product page.,https://woodenmax.in/products/folding-systems/fold-sliding-window-system,https://woodenmax.in/images/products/Window%20Price%20Per%20Sqft/sliding-window-price-range-india-1200.webp,,in stock,280500.00 INR,,new,Woodenmax,,,no,Hardware > Building Materials,Home & Garden > folding-systems,folding-systems,IN::Standard:0.00 INR,,folding-systems,luxury,package,standard-size-package,2026
fold-sliding-window-system-6x8-std,Fold & Sliding Window System 6×8 ft · 2+1 fold set | Woodenmax,2+1 hardware (live rates incl. +10% hardware) · 8mm clear tuff · Frame + glass + set. Live package rate from WoodenMax calculator. GST 18% extra. Hyderabad factory. India-wide supply. Configure custom sizes on product page.,https://woodenmax.in/products/folding-systems/fold-sliding-window-system,https://woodenmax.in/images/products/Window%20Price%20Per%20Sqft/sliding-window-price-range-india-1200.webp,,in stock,106700.00 INR,,new,Woodenmax,,,no,Hardware > Building Materials,Home & Garden > folding-systems,folding-systems,IN::Standard:0.00 INR,,folding-systems,luxury,package,standard-size-package,2026
fold-sliding-window-system-7x8-std,Fold & Sliding Window System 7×8 ft · 3+1 fold set | Woodenmax,3+1 hardware (live rates incl. +10% hardware) · 8mm clear tuff · Frame + glass + set. Live package rate from WoodenMax calculator. GST 18% extra. Hyderabad factory. India-wide supply. Configure custom sizes on product page.,https://woodenmax.in/products/folding-systems/fold-sliding-window-system,https://woodenmax.in/images/products/Window%20Price%20Per%20Sqft/sliding-window-price-range-india-1200.webp,,in stock,125400.00 INR,,new,Woodenmax,,,no,Hardware > Building Materials,Home & Garden > folding-systems,folding-systems,IN::Standard:0.00 INR,,folding-systems,luxury,package,standard-size-package,2026
fold-sliding-window-system-8x8-std,Fold & Sliding Window System 8×8 ft · 3+1 fold set | Woodenmax,3+1 hardware (live rates incl. +10% hardware) · 8mm clear tuff · Frame + glass + set. Live package rate from WoodenMax calculator. GST 18% extra. Hyderabad factory. India-wide supply. Configure custom sizes on product page.,https://woodenmax.in/products/folding-systems/fold-sliding-window-system,https://woodenmax.in/images/products/Window%20Price%20Per%20Sqft/sliding-window-price-range-india-1200.webp,,in stock,138600.00 INR,,new,Woodenmax,,,no,Hardware > Building Materials,Home & Garden > folding-systems,folding-systems,IN::Standard:0.00 INR,,folding-systems,luxury,package,standard-size-package,2026
fold-sliding-window-system-9x8-std,Fold & Sliding Window System 9×8 ft · 2+2 fold set | Woodenmax,2+2 hardware (live rates incl. +10% hardware) · 8mm clear tuff · Frame + glass + set. Live package rate from WoodenMax calculator. GST 18% extra. Hyderabad factory. India-wide supply. Configure custom sizes on product page.,https://woodenmax.in/products/folding-systems/fold-sliding-window-system,https://woodenmax.in/images/products/Window%20Price%20Per%20Sqft/sliding-window-price-range-india-1200.webp,,in stock,157300.00 INR,,new,Woodenmax,,,no,Hardware > Building Materials,Home & Garden > folding-systems,folding-systems,IN::Standard:0.00 INR,,folding-systems,luxury,package,standard-size-package,2026
fold-sliding-window-system-10x8-std,Fold & Sliding Window System 10×8 ft · 2+2 fold set | Woodenmax,2+2 hardware (live rates incl. +10% hardware) · 8mm clear tuff · Frame + glass + set. Live package rate from WoodenMax calculator. GST 18% extra. Hyderabad factory. India-wide supply. Configure custom sizes on product page.,https://woodenmax.in/products/folding-systems/fold-sliding-window-system,https://woodenmax.in/images/products/Window%20Price%20Per%20Sqft/sliding-window-price-range-india-1200.webp,,in stock,170500.00 INR,,new,Woodenmax,,,no,Hardware > Building Materials,Home & Garden > folding-systems,folding-systems,IN::Standard:0.00 INR,,folding-systems,luxury,package,standard-size-package,2026
fold-sliding-window-system-12x8-std,Fold & Sliding Window System 12×8 ft · 3+1 fold set | Woodenmax,3+1 hardware (live rates incl. +10% hardware) · 8mm clear tuff · Frame + glass + set. Live package rate from WoodenMax calculator. GST 18% extra. Hyderabad factory. India-wide supply. Configure custom sizes on product page.,https://woodenmax.in/products/folding-systems/fold-sliding-window-system,https://woodenmax.in/images/products/Window%20Price%20Per%20Sqft/sliding-window-price-range-india-1200.webp,,in stock,191400.00 INR,,new,Woodenmax,,,no,Hardware > Building Materials,Home & Garden > folding-systems,folding-systems,IN::Standard:0.00 INR,,folding-systems,luxury,package,standard-size-package,2026
fold-sliding-window-system-14x8-std,Fold & Sliding Window System 14×8 ft · 3+3 fold set | Woodenmax,3+3 hardware (live rates incl. +10% hardware) · 8mm clear tuff · Frame + glass + set. Live package rate from WoodenMax calculator. GST 18% extra. Hyderabad factory. India-wide supply. Configure custom sizes on product page.,https://woodenmax.in/products/folding-systems/fold-sliding-window-system,https://woodenmax.in/images/products/Window%20Price%20Per%20Sqft/sliding-window-price-range-india-1200.webp,,in stock,228800.00 INR,,new,Woodenmax,,,no,Hardware > Building Materials,Home & Garden > folding-systems,folding-systems,IN::Standard:0.00 INR,,folding-systems,luxury,package,standard-size-package,2026
fold-sliding-window-system-15x8-std,Fold & Sliding Window System 15×8 ft · 3+3 fold set | Woodenmax,3+3 hardware (live rates incl. +10% hardware) · 8mm clear tuff · Frame + glass + set. Live package rate from WoodenMax calculator. GST 18% extra. Hyderabad factory. India-wide supply. Configure custom sizes on product page.,https://woodenmax.in/products/folding-systems/fold-sliding-window-system,https://woodenmax.in/images/products/Window%20Price%20Per%20Sqft/sliding-window-price-range-india-1200.webp,,in stock,242000.00 INR,,new,Woodenmax,,,no,Hardware > Building Materials,Home & Garden > folding-systems,folding-systems,IN::Standard:0.00 INR,,folding-systems,luxury,package,standard-size-package,2026
fold-sliding-window-system-18x8-std,Fold & Sliding Window System 18×8 ft · 5+1 fold set | Woodenmax,5+1 hardware (live rates incl. +10% hardware) · 8mm clear tuff · Frame + glass + set. Live package rate from WoodenMax calculator. GST 18% extra. Hyderabad factory. India-wide supply. Configure custom sizes on product page.,https://woodenmax.in/products/folding-systems/fold-sliding-window-system,https://woodenmax.in/images/products/Window%20Price%20Per%20Sqft/sliding-window-price-range-india-1200.webp,,in stock,287100.00 INR,,new,Woodenmax,,,no,Hardware > Building Materials,Home & Garden > folding-systems,folding-systems,IN::Standard:0.00 INR,,folding-systems,luxury,package,standard-size-package,2026
fold-sliding-window-system-20x8-std,Fold & Sliding Window System 20×8 ft · 5+1 fold set | Woodenmax,5+1 hardware (live rates incl. +10% hardware) · 8mm clear tuff · Frame + glass + set. Live package rate from WoodenMax calculator. GST 18% extra. Hyderabad factory. India-wide supply. Configure custom sizes on product page.,https://woodenmax.in/products/folding-systems/fold-sliding-window-system,https://woodenmax.in/images/products/Window%20Price%20Per%20Sqft/sliding-window-price-range-india-1200.webp,,in stock,313500.00 INR,,new,Woodenmax,,,no,Hardware > Building Materials,Home & Garden > folding-systems,folding-systems,IN::Standard:0.00 INR,,folding-systems,luxury,package,standard-size-package,2026
fold-sliding-window-system-6x9-std,Fold & Sliding Window System 6×9 ft · 2+1 fold set | Woodenmax,2+1 hardware (live rates incl. +10% hardware) · 8mm clear tuff · Frame + glass + set. Live package rate from WoodenMax calculator. GST 18% extra. Hyderabad factory. India-wide supply. Configure custom sizes on product page.,https://woodenmax.in/products/folding-systems/fold-sliding-window-system,https://woodenmax.in/images/products/Window%20Price%20Per%20Sqft/sliding-window-price-range-india-1200.webp,,in stock,116600.00 INR,,new,Woodenmax,,,no,Hardware > Building Materials,Home & Garden > folding-systems,folding-systems,IN::Standard:0.00 INR,,folding-systems,luxury,package,standard-size-package,2026
fold-sliding-window-system-7x9-std,Fold & Sliding Window System 7×9 ft · 3+1 fold set | Woodenmax,3+1 hardware (live rates incl. +10% hardware) · 8mm clear tuff · Frame + glass + set. Live package rate from WoodenMax calculator. GST 18% extra. Hyderabad factory. India-wide supply. Configure custom sizes on product page.,https://woodenmax.in/products/folding-systems/fold-sliding-window-system,https://woodenmax.in/images/products/Window%20Price%20Per%20Sqft/sliding-window-price-range-india-1200.webp,,in stock,136950.00 INR,,new,Woodenmax,,,no,Hardware > Building Materials,Home & Garden > folding-systems,folding-systems,IN::Standard:0.00 INR,,folding-systems,luxury,package,standard-size-package,2026
fold-sliding-window-system-8x9-std,Fold & Sliding Window System 8×9 ft · 3+1 fold set | Woodenmax,3+1 hardware (live rates incl. +10% hardware) · 8mm clear tuff · Frame + glass + set. Live package rate from WoodenMax calculator. GST 18% extra. Hyderabad factory. India-wide supply. Configure custom sizes on product page.,https://woodenmax.in/products/folding-systems/fold-sliding-window-system,https://woodenmax.in/images/products/Window%20Price%20Per%20Sqft/sliding-window-price-range-india-1200.webp,,in stock,151800.00 INR,,new,Woodenmax,,,no,Hardware > Building Materials,Home & Garden > folding-systems,folding-systems,IN::Standard:0.00 INR,,folding-systems,luxury,package,standard-size-package,2026
fold-sliding-window-system-9x9-std,Fold & Sliding Window System 9×9 ft · 2+2 fold set | Woodenmax,2+2 hardware (live rates incl. +10% hardware) · 8mm clear tuff · Frame + glass + set. Live package rate from WoodenMax calculator. GST 18% extra. Hyderabad factory. India-wide supply. Configure custom sizes on product page.,https://woodenmax.in/products/folding-systems/fold-sliding-window-system,https://woodenmax.in/images/products/Window%20Price%20Per%20Sqft/sliding-window-price-range-india-1200.webp,,in stock,172150.00 INR,,new,Woodenmax,,,no,Hardware > Building Materials,Home & Garden > folding-systems,folding-systems,IN::Standard:0.00 INR,,folding-systems,luxury,package,standard-size-package,2026
fold-sliding-window-system-10x9-std,Fold & Sliding Window System 10×9 ft · 2+2 fold set | Woodenmax,2+2 hardware (live rates incl. +10% hardware) · 8mm clear tuff · Frame + glass + set. Live package rate from WoodenMax calculator. GST 18% extra. Hyderabad factory. India-wide supply. Configure custom sizes on product page.,https://woodenmax.in/products/folding-systems/fold-sliding-window-system,https://woodenmax.in/images/products/Window%20Price%20Per%20Sqft/sliding-window-price-range-india-1200.webp,,in stock,187000.00 INR,,new,Woodenmax,,,no,Hardware > Building Materials,Home & Garden > folding-systems,folding-systems,IN::Standard:0.00 INR,,folding-systems,luxury,package,standard-size-package,2026
fold-sliding-window-system-12x9-std,Fold & Sliding Window System 12×9 ft · 3+1 fold set | Woodenmax,3+1 hardware (live rates incl. +10% hardware) · 8mm clear tuff · Frame + glass + set. Live package rate from WoodenMax calculator. GST 18% extra. Hyderabad factory. India-wide supply. Configure custom sizes on product page.,https://woodenmax.in/products/folding-systems/fold-sliding-window-system,https://woodenmax.in/images/products/Window%20Price%20Per%20Sqft/sliding-window-price-range-india-1200.webp,,in stock,211200.00 INR,,new,Woodenmax,,,no,Hardware > Building Materials,Home & Garden > folding-systems,folding-systems,IN::Standard:0.00 INR,,folding-systems,luxury,package,standard-size-package,2026
fold-sliding-window-system-14x9-std,Fold & Sliding Window System 14×9 ft · 3+3 fold set | Woodenmax,3+3 hardware (live rates incl. +10% hardware) · 8mm clear tuff · Frame + glass + set. Live package rate from WoodenMax calculator. GST 18% extra. Hyderabad factory. India-wide supply. Configure custom sizes on product page.,https://woodenmax.in/products/folding-systems/fold-sliding-window-system,https://woodenmax.in/images/products/Window%20Price%20Per%20Sqft/sliding-window-price-range-india-1200.webp,,in stock,251900.00 INR,,new,Woodenmax,,,no,Hardware > Building Materials,Home & Garden > folding-systems,folding-systems,IN::Standard:0.00 INR,,folding-systems,luxury,package,standard-size-package,2026
fold-sliding-window-system-15x9-std,Fold & Sliding Window System 15×9 ft · 3+3 fold set | Woodenmax,3+3 hardware (live rates incl. +10% hardware) · 8mm clear tuff · Frame + glass + set. Live package rate from WoodenMax calculator. GST 18% extra. Hyderabad factory. India-wide supply. Configure custom sizes on product page.,https://woodenmax.in/products/folding-systems/fold-sliding-window-system,https://woodenmax.in/images/products/Window%20Price%20Per%20Sqft/sliding-window-price-range-india-1200.webp,,in stock,266750.00 INR,,new,Woodenmax,,,no,Hardware > Building Materials,Home & Garden > folding-systems,folding-systems,IN::Standard:0.00 INR,,folding-systems,luxury,package,standard-size-package,2026
fold-sliding-window-system-18x9-std,Fold & Sliding Window System 18×9 ft · 5+1 fold set | Woodenmax,5+1 hardware (live rates incl. +10% hardware) · 8mm clear tuff · Frame + glass + set. Live package rate from WoodenMax calculator. GST 18% extra. Hyderabad factory. India-wide supply. Configure custom sizes on product page.,https://woodenmax.in/products/folding-systems/fold-sliding-window-system,https://woodenmax.in/images/products/Window%20Price%20Per%20Sqft/sliding-window-price-range-india-1200.webp,,in stock,316800.00 INR,,new,Woodenmax,,,no,Hardware > Building Materials,Home & Garden > folding-systems,folding-systems,IN::Standard:0.00 INR,,folding-systems,luxury,package,standard-size-package,2026
fold-sliding-window-system-20x9-std,Fold & Sliding Window System 20×9 ft · 5+1 fold set | Woodenmax,5+1 hardware (live rates incl. +10% hardware) · 8mm clear tuff · Frame + glass + set. Live package rate from WoodenMax calculator. GST 18% extra. Hyderabad factory. India-wide supply. Configure custom sizes on product page.,https://woodenmax.in/products/folding-systems/fold-sliding-window-system,https://woodenmax.in/images/products/Window%20Price%20Per%20Sqft/sliding-window-price-range-india-1200.webp,,in stock,346500.00 INR,,new,Woodenmax,,,no,Hardware > Building Materials,Home & Garden > folding-systems,folding-systems,IN::Standard:0.00 INR,,folding-systems,luxury,package,standard-size-package,2026
fold-sliding-window-system-6x10-std,Fold & Sliding Window System 6×10 ft · 2+1 fold set | Woodenmax,2+1 hardware (live rates incl. +10% hardware) · 8mm clear tuff · Frame + glass + set. Live package rate from WoodenMax calculator. GST 18% extra. Hyderabad factory. India-wide supply. Configure custom sizes on product page.,https://woodenmax.in/products/folding-systems/fold-sliding-window-system,https://woodenmax.in/images/products/Window%20Price%20Per%20Sqft/sliding-window-price-range-india-1200.webp,,in stock,126500.00 INR,,new,Woodenmax,,,no,Hardware > Building Materials,Home & Garden > folding-systems,folding-systems,IN::Standard:0.00 INR,,folding-systems,luxury,package,standard-size-package,2026
fold-sliding-window-system-7x10-std,Fold & Sliding Window System 7×10 ft · 3+1 fold set | Woodenmax,3+1 hardware (live rates incl. +10% hardware) · 8mm clear tuff · Frame + glass + set. Live package rate from WoodenMax calculator. GST 18% extra. Hyderabad factory. India-wide supply. Configure custom sizes on product page.,https://woodenmax.in/products/folding-systems/fold-sliding-window-system,https://woodenmax.in/images/products/Window%20Price%20Per%20Sqft/sliding-window-price-range-india-1200.webp,,in stock,148500.00 INR,,new,Woodenmax,,,no,Hardware > Building Materials,Home & Garden > folding-systems,folding-systems,IN::Standard:0.00 INR,,folding-systems,luxury,package,standard-size-package,2026
fold-sliding-window-system-8x10-std,Fold & Sliding Window System 8×10 ft · 3+1 fold set | Woodenmax,3+1 hardware (live rates incl. +10% hardware) · 8mm clear tuff · Frame + glass + set. Live package rate from WoodenMax calculator. GST 18% extra. Hyderabad factory. India-wide supply. Configure custom sizes on product page.,https://woodenmax.in/products/folding-systems/fold-sliding-window-system,https://woodenmax.in/images/products/Window%20Price%20Per%20Sqft/sliding-window-price-range-india-1200.webp,,in stock,165000.00 INR,,new,Woodenmax,,,no,Hardware > Building Materials,Home & Garden > folding-systems,folding-systems,IN::Standard:0.00 INR,,folding-systems,luxury,package,standard-size-package,2026
fold-sliding-window-system-9x10-std,Fold & Sliding Window System 9×10 ft · 2+2 fold set | Woodenmax,2+2 hardware (live rates incl. +10% hardware) · 8mm clear tuff · Frame + glass + set. Live package rate from WoodenMax calculator. GST 18% extra. Hyderabad factory. India-wide supply. Configure custom sizes on product page.,https://woodenmax.in/products/folding-systems/fold-sliding-window-system,https://woodenmax.in/images/products/Window%20Price%20Per%20Sqft/sliding-window-price-range-india-1200.webp,,in stock,187000.00 INR,,new,Woodenmax,,,no,Hardware > Building Materials,Home & Garden > folding-systems,folding-systems,IN::Standard:0.00 INR,,folding-systems,luxury,package,standard-size-package,2026
fold-sliding-window-system-10x10-std,Fold & Sliding Window System 10×10 ft · 2+2 fold set | Woodenmax,2+2 hardware (live rates incl. +10% hardware) · 8mm clear tuff · Frame + glass + set. Live package rate from WoodenMax calculator. GST 18% extra. Hyderabad factory. India-wide supply. Configure custom sizes on product page.,https://woodenmax.in/products/folding-systems/fold-sliding-window-system,https://woodenmax.in/images/products/Window%20Price%20Per%20Sqft/sliding-window-price-range-india-1200.webp,,in stock,203500.00 INR,,new,Woodenmax,,,no,Hardware > Building Materials,Home & Garden > folding-systems,folding-systems,IN::Standard:0.00 INR,,folding-systems,luxury,package,standard-size-package,2026
fold-sliding-window-system-12x10-std,Fold & Sliding Window System 12×10 ft · 3+1 fold set | Woodenmax,3+1 hardware (live rates incl. +10% hardware) · 8mm clear tuff · Frame + glass + set. Live package rate from WoodenMax calculator. GST 18% extra. Hyderabad factory. India-wide supply. Configure custom sizes on product page.,https://woodenmax.in/products/folding-systems/fold-sliding-window-system,https://woodenmax.in/images/products/Window%20Price%20Per%20Sqft/sliding-window-price-range-india-1200.webp,,in stock,231000.00 INR,,new,Woodenmax,,,no,Hardware > Building Materials,Home & Garden > folding-systems,folding-systems,IN::Standard:0.00 INR,,folding-systems,luxury,package,standard-size-package,2026
fold-sliding-window-system-14x10-std,Fold & Sliding Window System 14×10 ft · 3+3 fold set | Woodenmax,3+3 hardware (live rates incl. +10% hardware) · 8mm clear tuff · Frame + glass + set. Live package rate from WoodenMax calculator. GST 18% extra. Hyderabad factory. India-wide supply. Configure custom sizes on product page.,https://woodenmax.in/products/folding-systems/fold-sliding-window-system,https://woodenmax.in/images/products/Window%20Price%20Per%20Sqft/sliding-window-price-range-india-1200.webp,,in stock,275000.00 INR,,new,Woodenmax,,,no,Hardware > Building Materials,Home & Garden > folding-systems,folding-systems,IN::Standard:0.00 INR,,folding-systems,luxury,package,standard-size-package,2026
fold-sliding-window-system-15x10-std,Fold & Sliding Window System 15×10 ft · 3+3 fold set | Woodenmax,3+3 hardware (live rates incl. +10% hardware) · 8mm clear tuff · Frame + glass + set. Live package rate from WoodenMax calculator. GST 18% extra. Hyderabad factory. India-wide supply. Configure custom sizes on product page.,https://woodenmax.in/products/folding-systems/fold-sliding-window-system,https://woodenmax.in/images/products/Window%20Price%20Per%20Sqft/sliding-window-price-range-india-1200.webp,,in stock,291500.00 INR,,new,Woodenmax,,,no,Hardware > Building Materials,Home & Garden > folding-systems,folding-systems,IN::Standard:0.00 INR,,folding-systems,luxury,package,standard-size-package,2026
fold-sliding-window-system-18x10-std,Fold & Sliding Window System 18×10 ft · 5+1 fold set | Woodenmax,5+1 hardware (live rates incl. +10% hardware) · 8mm clear tuff · Frame + glass + set. Live package rate from WoodenMax calculator. GST 18% extra. Hyderabad factory. India-wide supply. Configure custom sizes on product page.,https://woodenmax.in/products/folding-systems/fold-sliding-window-system,https://woodenmax.in/images/products/Window%20Price%20Per%20Sqft/sliding-window-price-range-india-1200.webp,,in stock,346500.00 INR,,new,Woodenmax,,,no,Hardware > Building Materials,Home & Garden > folding-systems,folding-systems,IN::Standard:0.00 INR,,folding-systems,luxury,package,standard-size-package,2026
fold-sliding-window-system-20x10-std,Fold & Sliding Window System 20×10 ft · 5+1 fold set | Woodenmax,5+1 hardware (live rates incl. +10% hardware) · 8mm clear tuff · Frame + glass + set. Live package rate from WoodenMax calculator. GST 18% extra. Hyderabad factory. India-wide supply. Configure custom sizes on product page.,https://woodenmax.in/products/folding-systems/fold-sliding-window-system,https://woodenmax.in/images/products/Window%20Price%20Per%20Sqft/sliding-window-price-range-india-1200.webp,,in stock,379500.00 INR,,new,Woodenmax,,,no,Hardware > Building Materials,Home & Garden > folding-systems,folding-systems,IN::Standard:0.00 INR,,folding-systems,luxury,package,standard-size-package,2026
wooden-finish-aluminium-louvers-8x10-std,Wooden Finish Aluminium Louvers 8×10 ft Package | Woodenmax,Live calculator rate · Wooden / powder coat options in calculator. Live package rate from WoodenMax calculator. GST 18% extra. Hyderabad factory. India-wide supply. Configure custom sizes on product page.,https://woodenmax.in/products/metal-louvers/wooden-finish-aluminium-louvers,https://woodenmax.in/images/products/Window%20Price%20Per%20Sqft/sliding-window-price-range-india-1200.webp,,in stock,45760.00 INR,,new,Woodenmax,,,no,Hardware > Building Materials,Home & Garden > metal-louvers,metal-louvers,IN::Standard:0.00 INR,,metal-louvers,luxury,package,standard-size-package,2026
wooden-finish-aluminium-louvers-10x12-std,Wooden Finish Aluminium Louvers 10×12 ft Package | Woodenmax,Live calculator rate · Wooden / powder coat options in calculator. Live package rate from WoodenMax calculator. GST 18% extra. Hyderabad factory. India-wide supply. Configure custom sizes on product page.,https://woodenmax.in/products/metal-louvers/wooden-finish-aluminium-louvers,https://woodenmax.in/images/products/Window%20Price%20Per%20Sqft/sliding-window-price-range-india-1200.webp,,in stock,68640.00 INR,,new,Woodenmax,,,no,Hardware > Building Materials,Home & Garden > metal-louvers,metal-louvers,IN::Standard:0.00 INR,,metal-louvers,luxury,package,standard-size-package,2026
wooden-finish-aluminium-louvers-12x14-std,Wooden Finish Aluminium Louvers 12×14 ft Package | Woodenmax,Live calculator rate · Wooden / powder coat options in calculator. Live package rate from WoodenMax calculator. GST 18% extra. Hyderabad factory. India-wide supply. Configure custom sizes on product page.,https://woodenmax.in/products/metal-louvers/wooden-finish-aluminium-louvers,https://woodenmax.in/images/products/Window%20Price%20Per%20Sqft/sliding-window-price-range-india-1200.webp,,in stock,96096.00 INR,,new,Woodenmax,,,no,Hardware > Building Materials,Home & Garden > metal-louvers,metal-louvers,IN::Standard:0.00 INR,,metal-louvers,luxury,package,standard-size-package,2026
wooden-finish-aluminium-louvers-15x18-std,Wooden Finish Aluminium Louvers 15×18 ft Package | Woodenmax,Live calculator rate · Wooden / powder coat options in calculator. Live package rate from WoodenMax calculator. GST 18% extra. Hyderabad factory. India-wide supply. Configure custom sizes on product page.,https://woodenmax.in/products/metal-louvers/wooden-finish-aluminium-louvers,https://woodenmax.in/images/products/Window%20Price%20Per%20Sqft/sliding-window-price-range-india-1200.webp,,in stock,154440.00 INR,,new,Woodenmax,,,no,Hardware > Building Materials,Home & Garden > metal-louvers,metal-louvers,IN::Standard:0.00 INR,,metal-louvers,luxury,package,standard-size-package,2026
wooden-finish-aluminium-louvers-20x24-std,Wooden Finish Aluminium Louvers 20×24 ft Package | Woodenmax,Live calculator rate · Wooden / powder coat options in calculator. Live package rate from WoodenMax calculator. GST 18% extra. Hyderabad factory. India-wide supply. Configure custom sizes on product page.,https://woodenmax.in/products/metal-louvers/wooden-finish-aluminium-louvers,https://woodenmax.in/images/products/Window%20Price%20Per%20Sqft/sliding-window-price-range-india-1200.webp,,in stock,274560.00 INR,,new,Woodenmax,,,no,Hardware > Building Materials,Home & Garden > metal-louvers,metal-louvers,IN::Standard:0.00 INR,,metal-louvers,luxury,package,standard-size-package,2026
curved-architectural-louvers-6x8-std,Architectural Curved Aluminium Louvers 6×8 ft Package | Woodenmax,Live calculator rate · Wooden / powder coat options in calculator. Live package rate from WoodenMax calculator. GST 18% extra. Hyderabad factory. India-wide supply. Configure custom sizes on product page.,https://woodenmax.in/products/metal-louvers/curved-architectural-louvers,https://woodenmax.in/images/products/Window%20Price%20Per%20Sqft/sliding-window-price-range-india-1200.webp,,in stock,29938.00 INR,,new,Woodenmax,,,no,Hardware > Building Materials,Home & Garden > metal-louvers,metal-louvers,IN::Standard:0.00 INR,,metal-louvers,luxury,package,standard-size-package,2026
curved-architectural-louvers-8x10-std,Architectural Curved Aluminium Louvers 8×10 ft Package | Woodenmax,Live calculator rate · Wooden / powder coat options in calculator. Live package rate from WoodenMax calculator. GST 18% extra. Hyderabad factory. India-wide supply. Configure custom sizes on product page.,https://woodenmax.in/products/metal-louvers/curved-architectural-louvers,https://woodenmax.in/images/products/Window%20Price%20Per%20Sqft/sliding-window-price-range-india-1200.webp,,in stock,49896.00 INR,,new,Woodenmax,,,no,Hardware > Building Materials,Home & Garden > metal-louvers,metal-louvers,IN::Standard:0.00 INR,,metal-louvers,luxury,package,standard-size-package,2026
curved-architectural-louvers-10x12-std,Architectural Curved Aluminium Louvers 10×12 ft Package | Woodenmax,Live calculator rate · Wooden / powder coat options in calculator. Live package rate from WoodenMax calculator. GST 18% extra. Hyderabad factory. India-wide supply. Configure custom sizes on product page.,https://woodenmax.in/products/metal-louvers/curved-architectural-louvers,https://woodenmax.in/images/products/Window%20Price%20Per%20Sqft/sliding-window-price-range-india-1200.webp,,in stock,74844.00 INR,,new,Woodenmax,,,no,Hardware > Building Materials,Home & Garden > metal-louvers,metal-louvers,IN::Standard:0.00 INR,,metal-louvers,luxury,package,standard-size-package,2026
curved-architectural-louvers-12x16-std,Architectural Curved Aluminium Louvers 12×16 ft Package | Woodenmax,Live calculator rate · Wooden / powder coat options in calculator. Live package rate from WoodenMax calculator. GST 18% extra. Hyderabad factory. India-wide supply. Configure custom sizes on product page.,https://woodenmax.in/products/metal-louvers/curved-architectural-louvers,https://woodenmax.in/images/products/Window%20Price%20Per%20Sqft/sliding-window-price-range-india-1200.webp,,in stock,119750.00 INR,,new,Woodenmax,,,no,Hardware > Building Materials,Home & Garden > metal-louvers,metal-louvers,IN::Standard:0.00 INR,,metal-louvers,luxury,package,standard-size-package,2026
ceiling-pergola-louvers-10x10-cl9,Ceiling Aluminium Louvers Pergola 10×10 ft · 9 ft clearance | Woodenmax,25×75 ceiling louver pergola · 9 ft standard clearance · Live calculator rate. Live package rate from WoodenMax calculator. GST 18% extra. Hyderabad factory. India-wide supply. Configure custom sizes on product page.,https://woodenmax.in/products/metal-louvers/ceiling-pergola-louvers,https://woodenmax.in/images/products/Window%20Price%20Per%20Sqft/sliding-window-price-range-india-1200.webp,,in stock,60940.00 INR,,new,Woodenmax,,,no,Hardware > Building Materials,Home & Garden > metal-louvers,metal-louvers,IN::Standard:0.00 INR,,metal-louvers,luxury,package,standard-size-package,2026
ceiling-pergola-louvers-10x10-cl9-5,Ceiling Aluminium Louvers Pergola 10×10 ft · 9.5 ft clearance | Woodenmax,25×75 ceiling louver pergola · 9.5 ft standard clearance · Live calculator rate. Live package rate from WoodenMax calculator. GST 18% extra. Hyderabad factory. India-wide supply. Configure custom sizes on product page.,https://woodenmax.in/products/metal-louvers/ceiling-pergola-louvers,https://woodenmax.in/images/products/Window%20Price%20Per%20Sqft/sliding-window-price-range-india-1200.webp,,in stock,64326.00 INR,,new,Woodenmax,,,no,Hardware > Building Materials,Home & Garden > metal-louvers,metal-louvers,IN::Standard:0.00 INR,,metal-louvers,luxury,package,standard-size-package,2026
ceiling-pergola-louvers-10x10-cl10,Ceiling Aluminium Louvers Pergola 10×10 ft · 10 ft clearance | Woodenmax,25×75 ceiling louver pergola · 10 ft standard clearance · Live calculator rate. Live package rate from WoodenMax calculator. GST 18% extra. Hyderabad factory. India-wide supply. Configure custom sizes on product page.,https://woodenmax.in/products/metal-louvers/ceiling-pergola-louvers,https://woodenmax.in/images/products/Window%20Price%20Per%20Sqft/sliding-window-price-range-india-1200.webp,,in stock,67711.00 INR,,new,Woodenmax,,,no,Hardware > Building Materials,Home & Garden > metal-louvers,metal-louvers,IN::Standard:0.00 INR,,metal-louvers,luxury,package,standard-size-package,2026
ceiling-pergola-louvers-12x12-cl9,Ceiling Aluminium Louvers Pergola 12×12 ft · 9 ft clearance | Woodenmax,25×75 ceiling louver pergola · 9 ft standard clearance · Live calculator rate. Live package rate from WoodenMax calculator. GST 18% extra. Hyderabad factory. India-wide supply. Configure custom sizes on product page.,https://woodenmax.in/products/metal-louvers/ceiling-pergola-louvers,https://woodenmax.in/images/products/Window%20Price%20Per%20Sqft/sliding-window-price-range-india-1200.webp,,in stock,87754.00 INR,,new,Woodenmax,,,no,Hardware > Building Materials,Home & Garden > metal-louvers,metal-louvers,IN::Standard:0.00 INR,,metal-louvers,luxury,package,standard-size-package,2026
ceiling-pergola-louvers-12x12-cl9-5,Ceiling Aluminium Louvers Pergola 12×12 ft · 9.5 ft clearance | Woodenmax,25×75 ceiling louver pergola · 9.5 ft standard clearance · Live calculator rate. Live package rate from WoodenMax calculator. GST 18% extra. Hyderabad factory. India-wide supply. Configure custom sizes on product page.,https://woodenmax.in/products/metal-louvers/ceiling-pergola-louvers,https://woodenmax.in/images/products/Window%20Price%20Per%20Sqft/sliding-window-price-range-india-1200.webp,,in stock,92629.00 INR,,new,Woodenmax,,,no,Hardware > Building Materials,Home & Garden > metal-louvers,metal-louvers,IN::Standard:0.00 INR,,metal-louvers,luxury,package,standard-size-package,2026
ceiling-pergola-louvers-12x12-cl10,Ceiling Aluminium Louvers Pergola 12×12 ft · 10 ft clearance | Woodenmax,25×75 ceiling louver pergola · 10 ft standard clearance · Live calculator rate. Live package rate from WoodenMax calculator. GST 18% extra. Hyderabad factory. India-wide supply. Configure custom sizes on product page.,https://woodenmax.in/products/metal-louvers/ceiling-pergola-louvers,https://woodenmax.in/images/products/Window%20Price%20Per%20Sqft/sliding-window-price-range-india-1200.webp,,in stock,97504.00 INR,,new,Woodenmax,,,no,Hardware > Building Materials,Home & Garden > metal-louvers,metal-louvers,IN::Standard:0.00 INR,,metal-louvers,luxury,package,standard-size-package,2026
ceiling-pergola-louvers-12x15-cl9,Ceiling Aluminium Louvers Pergola 12×15 ft · 9 ft clearance | Woodenmax,25×75 ceiling louver pergola · 9 ft standard clearance · Live calculator rate. Live package rate from WoodenMax calculator. GST 18% extra. Hyderabad factory. India-wide supply. Configure custom sizes on product page.,https://woodenmax.in/products/metal-louvers/ceiling-pergola-louvers,https://woodenmax.in/images/products/Window%20Price%20Per%20Sqft/sliding-window-price-range-india-1200.webp,,in stock,109692.00 INR,,new,Woodenmax,,,no,Hardware > Building Materials,Home & Garden > metal-louvers,metal-louvers,IN::Standard:0.00 INR,,metal-louvers,luxury,package,standard-size-package,2026
ceiling-pergola-louvers-12x15-cl9-5,Ceiling Aluminium Louvers Pergola 12×15 ft · 9.5 ft clearance | Woodenmax,25×75 ceiling louver pergola · 9.5 ft standard clearance · Live calculator rate. Live package rate from WoodenMax calculator. GST 18% extra. Hyderabad factory. India-wide supply. Configure custom sizes on product page.,https://woodenmax.in/products/metal-louvers/ceiling-pergola-louvers,https://woodenmax.in/images/products/Window%20Price%20Per%20Sqft/sliding-window-price-range-india-1200.webp,,in stock,115786.00 INR,,new,Woodenmax,,,no,Hardware > Building Materials,Home & Garden > metal-louvers,metal-louvers,IN::Standard:0.00 INR,,metal-louvers,luxury,package,standard-size-package,2026
ceiling-pergola-louvers-12x15-cl10,Ceiling Aluminium Louvers Pergola 12×15 ft · 10 ft clearance | Woodenmax,25×75 ceiling louver pergola · 10 ft standard clearance · Live calculator rate. Live package rate from WoodenMax calculator. GST 18% extra. Hyderabad factory. India-wide supply. Configure custom sizes on product page.,https://woodenmax.in/products/metal-louvers/ceiling-pergola-louvers,https://woodenmax.in/images/products/Window%20Price%20Per%20Sqft/sliding-window-price-range-india-1200.webp,,in stock,121880.00 INR,,new,Woodenmax,,,no,Hardware > Building Materials,Home & Garden > metal-louvers,metal-louvers,IN::Standard:0.00 INR,,metal-louvers,luxury,package,standard-size-package,2026
ceiling-pergola-louvers-15x25-cl9,Ceiling Aluminium Louvers Pergola 15×25 ft · 9 ft clearance | Woodenmax,25×75 ceiling louver pergola · 9 ft standard clearance · Live calculator rate. Live package rate from WoodenMax calculator. GST 18% extra. Hyderabad factory. India-wide supply. Configure custom sizes on product page.,https://woodenmax.in/products/metal-louvers/ceiling-pergola-louvers,https://woodenmax.in/images/products/Window%20Price%20Per%20Sqft/sliding-window-price-range-india-1200.webp,,in stock,228525.00 INR,,new,Woodenmax,,,no,Hardware > Building Materials,Home & Garden > metal-louvers,metal-louvers,IN::Standard:0.00 INR,,metal-louvers,luxury,package,standard-size-package,2026
ceiling-pergola-louvers-15x25-cl9-5,Ceiling Aluminium Louvers Pergola 15×25 ft · 9.5 ft clearance | Woodenmax,25×75 ceiling louver pergola · 9.5 ft standard clearance · Live calculator rate. Live package rate from WoodenMax calculator. GST 18% extra. Hyderabad factory. India-wide supply. Configure custom sizes on product page.,https://woodenmax.in/products/metal-louvers/ceiling-pergola-louvers,https://woodenmax.in/images/products/Window%20Price%20Per%20Sqft/sliding-window-price-range-india-1200.webp,,in stock,241221.00 INR,,new,Woodenmax,,,no,Hardware > Building Materials,Home & Garden > metal-louvers,metal-louvers,IN::Standard:0.00 INR,,metal-louvers,luxury,package,standard-size-package,2026
ceiling-pergola-louvers-15x25-cl10,Ceiling Aluminium Louvers Pergola 15×25 ft · 10 ft clearance | Woodenmax,25×75 ceiling louver pergola · 10 ft standard clearance · Live calculator rate. Live package rate from WoodenMax calculator. GST 18% extra. Hyderabad factory. India-wide supply. Configure custom sizes on product page.,https://woodenmax.in/products/metal-louvers/ceiling-pergola-louvers,https://woodenmax.in/images/products/Window%20Price%20Per%20Sqft/sliding-window-price-range-india-1200.webp,,in stock,253917.00 INR,,new,Woodenmax,,,no,Hardware > Building Materials,Home & Garden > metal-louvers,metal-louvers,IN::Standard:0.00 INR,,metal-louvers,luxury,package,standard-size-package,2026
ceiling-pergola-louvers-35x45-cl9,Ceiling Aluminium Louvers Pergola 35×45 ft · 9 ft clearance | Woodenmax,25×75 ceiling louver pergola · 9 ft standard clearance · Live calculator rate. Live package rate from WoodenMax calculator. GST 18% extra. Hyderabad factory. India-wide supply. Configure custom sizes on product page.,https://woodenmax.in/products/metal-louvers/ceiling-pergola-louvers,https://woodenmax.in/images/products/Window%20Price%20Per%20Sqft/sliding-window-price-range-india-1200.webp,,in stock,959805.00 INR,,new,Woodenmax,,,no,Hardware > Building Materials,Home & Garden > metal-louvers,metal-louvers,IN::Standard:0.00 INR,,metal-louvers,luxury,package,standard-size-package,2026
ceiling-pergola-louvers-35x45-cl9-5,Ceiling Aluminium Louvers Pergola 35×45 ft · 9.5 ft clearance | Woodenmax,25×75 ceiling louver pergola · 9.5 ft standard clearance · Live calculator rate. Live package rate from WoodenMax calculator. GST 18% extra. Hyderabad factory. India-wide supply. Configure custom sizes on product page.,https://woodenmax.in/products/metal-louvers/ceiling-pergola-louvers,https://woodenmax.in/images/products/Window%20Price%20Per%20Sqft/sliding-window-price-range-india-1200.webp,,in stock,1013128.00 INR,,new,Woodenmax,,,no,Hardware > Building Materials,Home & Garden > metal-louvers,metal-louvers,IN::Standard:0.00 INR,,metal-louvers,luxury,package,standard-size-package,2026
ceiling-pergola-louvers-35x45-cl10,Ceiling Aluminium Louvers Pergola 35×45 ft · 10 ft clearance | Woodenmax,25×75 ceiling louver pergola · 10 ft standard clearance · Live calculator rate. Live package rate from WoodenMax calculator. GST 18% extra. Hyderabad factory. India-wide supply. Configure custom sizes on product page.,https://woodenmax.in/products/metal-louvers/ceiling-pergola-louvers,https://woodenmax.in/images/products/Window%20Price%20Per%20Sqft/sliding-window-price-range-india-1200.webp,,in stock,1066450.00 INR,,new,Woodenmax,,,no,Hardware > Building Materials,Home & Garden > metal-louvers,metal-louvers,IN::Standard:0.00 INR,,metal-louvers,luxury,package,standard-size-package,2026
ceiling-pergola-louvers-6x25-cl9,Ceiling Aluminium Louvers Pergola 6×25 ft · 9 ft clearance | Woodenmax,25×75 ceiling louver pergola · 9 ft standard clearance · Live calculator rate. Live package rate from WoodenMax calculator. GST 18% extra. Hyderabad factory. India-wide supply. Configure custom sizes on product page.,https://woodenmax.in/products/metal-louvers/ceiling-pergola-louvers,https://woodenmax.in/images/products/Window%20Price%20Per%20Sqft/sliding-window-price-range-india-1200.webp,,in stock,91410.00 INR,,new,Woodenmax,,,no,Hardware > Building Materials,Home & Garden > metal-louvers,metal-louvers,IN::Standard:0.00 INR,,metal-louvers,luxury,package,standard-size-package,2026
ceiling-pergola-louvers-6x25-cl9-5,Ceiling Aluminium Louvers Pergola 6×25 ft · 9.5 ft clearance | Woodenmax,25×75 ceiling louver pergola · 9.5 ft standard clearance · Live calculator rate. Live package rate from WoodenMax calculator. GST 18% extra. Hyderabad factory. India-wide supply. Configure custom sizes on product page.,https://woodenmax.in/products/metal-louvers/ceiling-pergola-louvers,https://woodenmax.in/images/products/Window%20Price%20Per%20Sqft/sliding-window-price-range-india-1200.webp,,in stock,96488.00 INR,,new,Woodenmax,,,no,Hardware > Building Materials,Home & Garden > metal-louvers,metal-louvers,IN::Standard:0.00 INR,,metal-louvers,luxury,package,standard-size-package,2026
ceiling-pergola-louvers-6x25-cl10,Ceiling Aluminium Louvers Pergola 6×25 ft · 10 ft clearance | Woodenmax,25×75 ceiling louver pergola · 10 ft standard clearance · Live calculator rate. Live package rate from WoodenMax calculator. GST 18% extra. Hyderabad factory. India-wide supply. Configure custom sizes on product page.,https://woodenmax.in/products/metal-louvers/ceiling-pergola-louvers,https://woodenmax.in/images/products/Window%20Price%20Per%20Sqft/sliding-window-price-range-india-1200.webp,,in stock,101567.00 INR,,new,Woodenmax,,,no,Hardware > Building Materials,Home & Garden > metal-louvers,metal-louvers,IN::Standard:0.00 INR,,metal-louvers,luxury,package,standard-size-package,2026
louver-canopy-facade-8x3-std,Balcony / canopy side 8×3 ft Package | Woodenmax,Live calculator rate · Wooden / powder coat options in calculator. Live package rate from WoodenMax calculator. GST 18% extra. Hyderabad factory. India-wide supply. Configure custom sizes on product page.,https://woodenmax.in/products/metal-louvers/louver-canopy-facade,https://woodenmax.in/images/products/Window%20Price%20Per%20Sqft/sliding-window-price-range-india-1200.webp,,in stock,15866.00 INR,,new,Woodenmax,,,no,Hardware > Building Materials,Home & Garden > metal-louvers,metal-louvers,IN::Standard:0.00 INR,,metal-louvers,luxury,package,standard-size-package,2026
louver-canopy-facade-10x3-std,Balcony / canopy side 10×3 ft Package | Woodenmax,Live calculator rate · Wooden / powder coat options in calculator. Live package rate from WoodenMax calculator. GST 18% extra. Hyderabad factory. India-wide supply. Configure custom sizes on product page.,https://woodenmax.in/products/metal-louvers/louver-canopy-facade,https://woodenmax.in/images/products/Window%20Price%20Per%20Sqft/sliding-window-price-range-india-1200.webp,,in stock,19833.00 INR,,new,Woodenmax,,,no,Hardware > Building Materials,Home & Garden > metal-louvers,metal-louvers,IN::Standard:0.00 INR,,metal-louvers,luxury,package,standard-size-package,2026
louver-canopy-facade-12x3-5-std,Balcony / canopy side 12×3.5 ft Package | Woodenmax,Live calculator rate · Wooden / powder coat options in calculator. Live package rate from WoodenMax calculator. GST 18% extra. Hyderabad factory. India-wide supply. Configure custom sizes on product page.,https://woodenmax.in/products/metal-louvers/louver-canopy-facade,https://woodenmax.in/images/products/Window%20Price%20Per%20Sqft/sliding-window-price-range-india-1200.webp,,in stock,27766.00 INR,,new,Woodenmax,,,no,Hardware > Building Materials,Home & Garden > metal-louvers,metal-louvers,IN::Standard:0.00 INR,,metal-louvers,luxury,package,standard-size-package,2026
louver-canopy-facade-14x3-5-std,Balcony / canopy side 14×3.5 ft Package | Woodenmax,Live calculator rate · Wooden / powder coat options in calculator. Live package rate from WoodenMax calculator. GST 18% extra. Hyderabad factory. India-wide supply. Configure custom sizes on product page.,https://woodenmax.in/products/metal-louvers/louver-canopy-facade,https://woodenmax.in/images/products/Window%20Price%20Per%20Sqft/sliding-window-price-range-india-1200.webp,,in stock,32394.00 INR,,new,Woodenmax,,,no,Hardware > Building Materials,Home & Garden > metal-louvers,metal-louvers,IN::Standard:0.00 INR,,metal-louvers,luxury,package,standard-size-package,2026
louver-canopy-facade-16x4-std,Balcony / canopy side 16×4 ft Package | Woodenmax,Live calculator rate · Wooden / powder coat options in calculator. Live package rate from WoodenMax calculator. GST 18% extra. Hyderabad factory. India-wide supply. Configure custom sizes on product page.,https://woodenmax.in/products/metal-louvers/louver-canopy-facade,https://woodenmax.in/images/products/Window%20Price%20Per%20Sqft/sliding-window-price-range-india-1200.webp,,in stock,42310.00 INR,,new,Woodenmax,,,no,Hardware > Building Materials,Home & Garden > metal-louvers,metal-louvers,IN::Standard:0.00 INR,,metal-louvers,luxury,package,standard-size-package,2026
louver-canopy-facade-2x1fl-notrapf1,Pipe / duct shaft 2 ft wide × 1 floor (12 ft) | Woodenmax,Z louvers only · 1.5 mm Z louver · 12 ft/floor · Live rates. Live package rate from WoodenMax calculator. GST 18% extra. Hyderabad factory. India-wide supply. Configure custom sizes on product page.,https://woodenmax.in/products/metal-louvers/louver-canopy-facade,https://woodenmax.in/images/products/Window%20Price%20Per%20Sqft/sliding-window-price-range-india-1200.webp,,in stock,15142.00 INR,,new,Woodenmax,,,no,Hardware > Building Materials,Home & Garden > metal-louvers,metal-louvers,IN::Standard:0.00 INR,,metal-louvers,luxury,package,standard-size-package,2026
louver-canopy-facade-2x1fl-trapf1,Pipe / duct shaft 2 ft wide × 1 floor (12 ft) · louver-canopy-facade | Woodenmax,Z louvers + 1 trap door per floor · 1.5 mm Z louver · 12 ft/floor · Live rates. Live package rate from WoodenMax calculator. GST 18% extra. Hyderabad factory. India-wide supply. Configure custom sizes on product page.,https://woodenmax.in/products/metal-louvers/louver-canopy-facade,https://woodenmax.in/images/products/Window%20Price%20Per%20Sqft/sliding-window-price-range-india-1200.webp,,in stock,26942.00 INR,,new,Woodenmax,,,no,Hardware > Building Materials,Home & Garden > metal-louvers,metal-louvers,IN::Standard:0.00 INR,,metal-louvers,luxury,package,standard-size-package,2026
louver-canopy-facade-2x2fl-notrapf2,Pipe / duct shaft 2 ft wide × 2 floor (24 ft) | Woodenmax,Z louvers only · 1.5 mm Z louver · 12 ft/floor · Live rates. Live package rate from WoodenMax calculator. GST 18% extra. Hyderabad factory. India-wide supply. Configure custom sizes on product page.,https://woodenmax.in/products/metal-louvers/louver-canopy-facade,https://woodenmax.in/images/products/Window%20Price%20Per%20Sqft/sliding-window-price-range-india-1200.webp,,in stock,30284.00 INR,,new,Woodenmax,,,no,Hardware > Building Materials,Home & Garden > metal-louvers,metal-louvers,IN::Standard:0.00 INR,,metal-louvers,luxury,package,standard-size-package,2026
louver-canopy-facade-2x2fl-trapf2,Pipe / duct shaft 2 ft wide × 2 floor (24 ft) · louver-canopy-facade | Woodenmax,Z louvers + 1 trap door per floor · 1.5 mm Z louver · 12 ft/floor · Live rates. Live package rate from WoodenMax calculator. GST 18% extra. Hyderabad factory. India-wide supply. Configure custom sizes on product page.,https://woodenmax.in/products/metal-louvers/louver-canopy-facade,https://woodenmax.in/images/products/Window%20Price%20Per%20Sqft/sliding-window-price-range-india-1200.webp,,in stock,53884.00 INR,,new,Woodenmax,,,no,Hardware > Building Materials,Home & Garden > metal-louvers,metal-louvers,IN::Standard:0.00 INR,,metal-louvers,luxury,package,standard-size-package,2026
louver-canopy-facade-2x3fl-notrapf3,Pipe / duct shaft 2 ft wide × 3 floor (36 ft) | Woodenmax,Z louvers only · 1.5 mm Z louver · 12 ft/floor · Live rates. Live package rate from WoodenMax calculator. GST 18% extra. Hyderabad factory. India-wide supply. Configure custom sizes on product page.,https://woodenmax.in/products/metal-louvers/louver-canopy-facade,https://woodenmax.in/images/products/Window%20Price%20Per%20Sqft/sliding-window-price-range-india-1200.webp,,in stock,45426.00 INR,,new,Woodenmax,,,no,Hardware > Building Materials,Home & Garden > metal-louvers,metal-louvers,IN::Standard:0.00 INR,,metal-louvers,luxury,package,standard-size-package,2026
louver-canopy-facade-2x3fl-trapf3,Pipe / duct shaft 2 ft wide × 3 floor (36 ft) · louver-canopy-facade | Woodenmax,Z louvers + 1 trap door per floor · 1.5 mm Z louver · 12 ft/floor · Live rates. Live package rate from WoodenMax calculator. GST 18% extra. Hyderabad factory. India-wide supply. Configure custom sizes on product page.,https://woodenmax.in/products/metal-louvers/louver-canopy-facade,https://woodenmax.in/images/products/Window%20Price%20Per%20Sqft/sliding-window-price-range-india-1200.webp,,in stock,80826.00 INR,,new,Woodenmax,,,no,Hardware > Building Materials,Home & Garden > metal-louvers,metal-louvers,IN::Standard:0.00 INR,,metal-louvers,luxury,package,standard-size-package,2026
louver-canopy-facade-2x4fl-notrapf4,Pipe / duct shaft 2 ft wide × 4 floor (48 ft) | Woodenmax,Z louvers only · 1.5 mm Z louver · 12 ft/floor · Live rates. Live package rate from WoodenMax calculator. GST 18% extra. Hyderabad factory. India-wide supply. Configure custom sizes on product page.,https://woodenmax.in/products/metal-louvers/louver-canopy-facade,https://woodenmax.in/images/products/Window%20Price%20Per%20Sqft/sliding-window-price-range-india-1200.webp,,in stock,60568.00 INR,,new,Woodenmax,,,no,Hardware > Building Materials,Home & Garden > metal-louvers,metal-louvers,IN::Standard:0.00 INR,,metal-louvers,luxury,package,standard-size-package,2026
louver-canopy-facade-2x4fl-trapf4,Pipe / duct shaft 2 ft wide × 4 floor (48 ft) · louver-canopy-facade | Woodenmax,Z louvers + 1 trap door per floor · 1.5 mm Z louver · 12 ft/floor · Live rates. Live package rate from WoodenMax calculator. GST 18% extra. Hyderabad factory. India-wide supply. Configure custom sizes on product page.,https://woodenmax.in/products/metal-louvers/louver-canopy-facade,https://woodenmax.in/images/products/Window%20Price%20Per%20Sqft/sliding-window-price-range-india-1200.webp,,in stock,107768.00 INR,,new,Woodenmax,,,no,Hardware > Building Materials,Home & Garden > metal-louvers,metal-louvers,IN::Standard:0.00 INR,,metal-louvers,luxury,package,standard-size-package,2026
louver-canopy-facade-2x5fl-notrapf5,Pipe / duct shaft 2 ft wide × 5 floor (60 ft) | Woodenmax,Z louvers only · 1.5 mm Z louver · 12 ft/floor · Live rates. Live package rate from WoodenMax calculator. GST 18% extra. Hyderabad factory. India-wide supply. Configure custom sizes on product page.,https://woodenmax.in/products/metal-louvers/louver-canopy-facade,https://woodenmax.in/images/products/Window%20Price%20Per%20Sqft/sliding-window-price-range-india-1200.webp,,in stock,75710.00 INR,,new,Woodenmax,,,no,Hardware > Building Materials,Home & Garden > metal-louvers,metal-louvers,IN::Standard:0.00 INR,,metal-louvers,luxury,package,standard-size-package,2026
louver-canopy-facade-2x5fl-trapf5,Pipe / duct shaft 2 ft wide × 5 floor (60 ft) · louver-canopy-facade | Woodenmax,Z louvers + 1 trap door per floor · 1.5 mm Z louver · 12 ft/floor · Live rates. Live package rate from WoodenMax calculator. GST 18% extra. Hyderabad factory. India-wide supply. Configure custom sizes on product page.,https://woodenmax.in/products/metal-louvers/louver-canopy-facade,https://woodenmax.in/images/products/Window%20Price%20Per%20Sqft/sliding-window-price-range-india-1200.webp,,in stock,134710.00 INR,,new,Woodenmax,,,no,Hardware > Building Materials,Home & Garden > metal-louvers,metal-louvers,IN::Standard:0.00 INR,,metal-louvers,luxury,package,standard-size-package,2026
louver-canopy-facade-3x1fl-notrapf1,Pipe / duct shaft 3 ft wide × 1 floor (12 ft) | Woodenmax,Z louvers only · 1.5 mm Z louver · 12 ft/floor · Live rates. Live package rate from WoodenMax calculator. GST 18% extra. Hyderabad factory. India-wide supply. Configure custom sizes on product page.,https://woodenmax.in/products/metal-louvers/louver-canopy-facade,https://woodenmax.in/images/products/Window%20Price%20Per%20Sqft/sliding-window-price-range-india-1200.webp,,in stock,22713.00 INR,,new,Woodenmax,,,no,Hardware > Building Materials,Home & Garden > metal-louvers,metal-louvers,IN::Standard:0.00 INR,,metal-louvers,luxury,package,standard-size-package,2026
louver-canopy-facade-3x1fl-trapf1,Pipe / duct shaft 3 ft wide × 1 floor (12 ft) · louver-canopy-facade | Woodenmax,Z louvers + 1 trap door per floor · 1.5 mm Z louver · 12 ft/floor · Live rates. Live package rate from WoodenMax calculator. GST 18% extra. Hyderabad factory. India-wide supply. Configure custom sizes on product page.,https://woodenmax.in/products/metal-louvers/louver-canopy-facade,https://woodenmax.in/images/products/Window%20Price%20Per%20Sqft/sliding-window-price-range-india-1200.webp,,in stock,34513.00 INR,,new,Woodenmax,,,no,Hardware > Building Materials,Home & Garden > metal-louvers,metal-louvers,IN::Standard:0.00 INR,,metal-louvers,luxury,package,standard-size-package,2026
louver-canopy-facade-3x2fl-notrapf2,Pipe / duct shaft 3 ft wide × 2 floor (24 ft) | Woodenmax,Z louvers only · 1.5 mm Z louver · 12 ft/floor · Live rates. Live package rate from WoodenMax calculator. GST 18% extra. Hyderabad factory. India-wide supply. Configure custom sizes on product page.,https://woodenmax.in/products/metal-louvers/louver-canopy-facade,https://woodenmax.in/images/products/Window%20Price%20Per%20Sqft/sliding-window-price-range-india-1200.webp,,in stock,45426.00 INR,,new,Woodenmax,,,no,Hardware > Building Materials,Home & Garden > metal-louvers,metal-louvers,IN::Standard:0.00 INR,,metal-louvers,luxury,package,standard-size-package,2026
louver-canopy-facade-3x2fl-trapf2,Pipe / duct shaft 3 ft wide × 2 floor (24 ft) · louver-canopy-facade | Woodenmax,Z louvers + 1 trap door per floor · 1.5 mm Z louver · 12 ft/floor · Live rates. Live package rate from WoodenMax calculator. GST 18% extra. Hyderabad factory. India-wide supply. Configure custom sizes on product page.,https://woodenmax.in/products/metal-louvers/louver-canopy-facade,https://woodenmax.in/images/products/Window%20Price%20Per%20Sqft/sliding-window-price-range-india-1200.webp,,in stock,69026.00 INR,,new,Woodenmax,,,no,Hardware > Building Materials,Home & Garden > metal-louvers,metal-louvers,IN::Standard:0.00 INR,,metal-louvers,luxury,package,standard-size-package,2026
louver-canopy-facade-3x3fl-notrapf3,Pipe / duct shaft 3 ft wide × 3 floor (36 ft) | Woodenmax,Z louvers only · 1.5 mm Z louver · 12 ft/floor · Live rates. Live package rate from WoodenMax calculator. GST 18% extra. Hyderabad factory. India-wide supply. Configure custom sizes on product page.,https://woodenmax.in/products/metal-louvers/louver-canopy-facade,https://woodenmax.in/images/products/Window%20Price%20Per%20Sqft/sliding-window-price-range-india-1200.webp,,in stock,68139.00 INR,,new,Woodenmax,,,no,Hardware > Building Materials,Home & Garden > metal-louvers,metal-louvers,IN::Standard:0.00 INR,,metal-louvers,luxury,package,standard-size-package,2026
louver-canopy-facade-3x3fl-trapf3,Pipe / duct shaft 3 ft wide × 3 floor (36 ft) · louver-canopy-facade | Woodenmax,Z louvers + 1 trap door per floor · 1.5 mm Z louver · 12 ft/floor · Live rates. Live package rate from WoodenMax calculator. GST 18% extra. Hyderabad factory. India-wide supply. Configure custom sizes on product page.,https://woodenmax.in/products/metal-louvers/louver-canopy-facade,https://woodenmax.in/images/products/Window%20Price%20Per%20Sqft/sliding-window-price-range-india-1200.webp,,in stock,103539.00 INR,,new,Woodenmax,,,no,Hardware > Building Materials,Home & Garden > metal-louvers,metal-louvers,IN::Standard:0.00 INR,,metal-louvers,luxury,package,standard-size-package,2026
louver-canopy-facade-3x4fl-notrapf4,Pipe / duct shaft 3 ft wide × 4 floor (48 ft) | Woodenmax,Z louvers only · 1.5 mm Z louver · 12 ft/floor · Live rates. Live package rate from WoodenMax calculator. GST 18% extra. Hyderabad factory. India-wide supply. Configure custom sizes on product page.,https://woodenmax.in/products/metal-louvers/louver-canopy-facade,https://woodenmax.in/images/products/Window%20Price%20Per%20Sqft/sliding-window-price-range-india-1200.webp,,in stock,90852.00 INR,,new,Woodenmax,,,no,Hardware > Building Materials,Home & Garden > metal-louvers,metal-louvers,IN::Standard:0.00 INR,,metal-louvers,luxury,package,standard-size-package,2026
louver-canopy-facade-3x4fl-trapf4,Pipe / duct shaft 3 ft wide × 4 floor (48 ft) · louver-canopy-facade | Woodenmax,Z louvers + 1 trap door per floor · 1.5 mm Z louver · 12 ft/floor · Live rates. Live package rate from WoodenMax calculator. GST 18% extra. Hyderabad factory. India-wide supply. Configure custom sizes on product page.,https://woodenmax.in/products/metal-louvers/louver-canopy-facade,https://woodenmax.in/images/products/Window%20Price%20Per%20Sqft/sliding-window-price-range-india-1200.webp,,in stock,138052.00 INR,,new,Woodenmax,,,no,Hardware > Building Materials,Home & Garden > metal-louvers,metal-louvers,IN::Standard:0.00 INR,,metal-louvers,luxury,package,standard-size-package,2026
louver-canopy-facade-3x5fl-notrapf5,Pipe / duct shaft 3 ft wide × 5 floor (60 ft) | Woodenmax,Z louvers only · 1.5 mm Z louver · 12 ft/floor · Live rates. Live package rate from WoodenMax calculator. GST 18% extra. Hyderabad factory. India-wide supply. Configure custom sizes on product page.,https://woodenmax.in/products/metal-louvers/louver-canopy-facade,https://woodenmax.in/images/products/Window%20Price%20Per%20Sqft/sliding-window-price-range-india-1200.webp,,in stock,113565.00 INR,,new,Woodenmax,,,no,Hardware > Building Materials,Home & Garden > metal-louvers,metal-louvers,IN::Standard:0.00 INR,,metal-louvers,luxury,package,standard-size-package,2026
louver-canopy-facade-3x5fl-trapf5,Pipe / duct shaft 3 ft wide × 5 floor (60 ft) · louver-canopy-facade | Woodenmax,Z louvers + 1 trap door per floor · 1.5 mm Z louver · 12 ft/floor · Live rates. Live package rate from WoodenMax calculator. GST 18% extra. Hyderabad factory. India-wide supply. Configure custom sizes on product page.,https://woodenmax.in/products/metal-louvers/louver-canopy-facade,https://woodenmax.in/images/products/Window%20Price%20Per%20Sqft/sliding-window-price-range-india-1200.webp,,in stock,172565.00 INR,,new,Woodenmax,,,no,Hardware > Building Materials,Home & Garden > metal-louvers,metal-louvers,IN::Standard:0.00 INR,,metal-louvers,luxury,package,standard-size-package,2026
louver-canopy-facade-3-5x1fl-notrapf1,Pipe / duct shaft 3.5 ft wide × 1 floor (12 ft) | Woodenmax,Z louvers only · 1.5 mm Z louver · 12 ft/floor · Live rates. Live package rate from WoodenMax calculator. GST 18% extra. Hyderabad factory. India-wide supply. Configure custom sizes on product page.,https://woodenmax.in/products/metal-louvers/louver-canopy-facade,https://woodenmax.in/images/products/Window%20Price%20Per%20Sqft/sliding-window-price-range-india-1200.webp,,in stock,26499.00 INR,,new,Woodenmax,,,no,Hardware > Building Materials,Home & Garden > metal-louvers,metal-louvers,IN::Standard:0.00 INR,,metal-louvers,luxury,package,standard-size-package,2026
louver-canopy-facade-3-5x1fl-trapf1,Pipe / duct shaft 3.5 ft wide × 1 floor (12 ft) · louver-canopy-facade | Woodenmax,Z louvers + 1 trap door per floor · 1.5 mm Z louver · 12 ft/floor · Live rates. Live package rate from WoodenMax calculator. GST 18% extra. Hyderabad factory. India-wide supply. Configure custom sizes on product page.,https://woodenmax.in/products/metal-louvers/louver-canopy-facade,https://woodenmax.in/images/products/Window%20Price%20Per%20Sqft/sliding-window-price-range-india-1200.webp,,in stock,38299.00 INR,,new,Woodenmax,,,no,Hardware > Building Materials,Home & Garden > metal-louvers,metal-louvers,IN::Standard:0.00 INR,,metal-louvers,luxury,package,standard-size-package,2026
louver-canopy-facade-3-5x2fl-notrapf2,Pipe / duct shaft 3.5 ft wide × 2 floor (24 ft) | Woodenmax,Z louvers only · 1.5 mm Z louver · 12 ft/floor · Live rates. Live package rate from WoodenMax calculator. GST 18% extra. Hyderabad factory. India-wide supply. Configure custom sizes on product page.,https://woodenmax.in/products/metal-louvers/louver-canopy-facade,https://woodenmax.in/images/products/Window%20Price%20Per%20Sqft/sliding-window-price-range-india-1200.webp,,in stock,52997.00 INR,,new,Woodenmax,,,no,Hardware > Building Materials,Home & Garden > metal-louvers,metal-louvers,IN::Standard:0.00 INR,,metal-louvers,luxury,package,standard-size-package,2026
louver-canopy-facade-3-5x2fl-trapf2,Pipe / duct shaft 3.5 ft wide × 2 floor (24 ft) · louver-canopy-facade | Woodenmax,Z louvers + 1 trap door per floor · 1.5 mm Z louver · 12 ft/floor · Live rates. Live package rate from WoodenMax calculator. GST 18% extra. Hyderabad factory. India-wide supply. Configure custom sizes on product page.,https://woodenmax.in/products/metal-louvers/louver-canopy-facade,https://woodenmax.in/images/products/Window%20Price%20Per%20Sqft/sliding-window-price-range-india-1200.webp,,in stock,76597.00 INR,,new,Woodenmax,,,no,Hardware > Building Materials,Home & Garden > metal-louvers,metal-louvers,IN::Standard:0.00 INR,,metal-louvers,luxury,package,standard-size-package,2026
louver-canopy-facade-3-5x3fl-notrapf3,Pipe / duct shaft 3.5 ft wide × 3 floor (36 ft) | Woodenmax,Z louvers only · 1.5 mm Z louver · 12 ft/floor · Live rates. Live package rate from WoodenMax calculator. GST 18% extra. Hyderabad factory. India-wide supply. Configure custom sizes on product page.,https://woodenmax.in/products/metal-louvers/louver-canopy-facade,https://woodenmax.in/images/products/Window%20Price%20Per%20Sqft/sliding-window-price-range-india-1200.webp,,in stock,79496.00 INR,,new,Woodenmax,,,no,Hardware > Building Materials,Home & Garden > metal-louvers,metal-louvers,IN::Standard:0.00 INR,,metal-louvers,luxury,package,standard-size-package,2026
louver-canopy-facade-3-5x3fl-trapf3,Pipe / duct shaft 3.5 ft wide × 3 floor (36 ft) · louver-canopy-facade | Woodenmax,Z louvers + 1 trap door per floor · 1.5 mm Z louver · 12 ft/floor · Live rates. Live package rate from WoodenMax calculator. GST 18% extra. Hyderabad factory. India-wide supply. Configure custom sizes on product page.,https://woodenmax.in/products/metal-louvers/louver-canopy-facade,https://woodenmax.in/images/products/Window%20Price%20Per%20Sqft/sliding-window-price-range-india-1200.webp,,in stock,114896.00 INR,,new,Woodenmax,,,no,Hardware > Building Materials,Home & Garden > metal-louvers,metal-louvers,IN::Standard:0.00 INR,,metal-louvers,luxury,package,standard-size-package,2026
louver-canopy-facade-3-5x4fl-notrapf4,Pipe / duct shaft 3.5 ft wide × 4 floor (48 ft) | Woodenmax,Z louvers only · 1.5 mm Z louver · 12 ft/floor · Live rates. Live package rate from WoodenMax calculator. GST 18% extra. Hyderabad factory. India-wide supply. Configure custom sizes on product page.,https://woodenmax.in/products/metal-louvers/louver-canopy-facade,https://woodenmax.in/images/products/Window%20Price%20Per%20Sqft/sliding-window-price-range-india-1200.webp,,in stock,105994.00 INR,,new,Woodenmax,,,no,Hardware > Building Materials,Home & Garden > metal-louvers,metal-louvers,IN::Standard:0.00 INR,,metal-louvers,luxury,package,standard-size-package,2026
louver-canopy-facade-3-5x4fl-trapf4,Pipe / duct shaft 3.5 ft wide × 4 floor (48 ft) · louver-canopy-facade | Woodenmax,Z louvers + 1 trap door per floor · 1.5 mm Z louver · 12 ft/floor · Live rates. Live package rate from WoodenMax calculator. GST 18% extra. Hyderabad factory. India-wide supply. Configure custom sizes on product page.,https://woodenmax.in/products/metal-louvers/louver-canopy-facade,https://woodenmax.in/images/products/Window%20Price%20Per%20Sqft/sliding-window-price-range-india-1200.webp,,in stock,153194.00 INR,,new,Woodenmax,,,no,Hardware > Building Materials,Home & Garden > metal-louvers,metal-louvers,IN::Standard:0.00 INR,,metal-louvers,luxury,package,standard-size-package,2026
louver-canopy-facade-3-5x5fl-notrapf5,Pipe / duct shaft 3.5 ft wide × 5 floor (60 ft) | Woodenmax,Z louvers only · 1.5 mm Z louver · 12 ft/floor · Live rates. Live package rate from WoodenMax calculator. GST 18% extra. Hyderabad factory. India-wide supply. Configure custom sizes on product page.,https://woodenmax.in/products/metal-louvers/louver-canopy-facade,https://woodenmax.in/images/products/Window%20Price%20Per%20Sqft/sliding-window-price-range-india-1200.webp,,in stock,132493.00 INR,,new,Woodenmax,,,no,Hardware > Building Materials,Home & Garden > metal-louvers,metal-louvers,IN::Standard:0.00 INR,,metal-louvers,luxury,package,standard-size-package,2026
louver-canopy-facade-3-5x5fl-trapf5,Pipe / duct shaft 3.5 ft wide × 5 floor (60 ft) · louver-canopy-facade | Woodenmax,Z louvers + 1 trap door per floor · 1.5 mm Z louver · 12 ft/floor · Live rates. Live package rate from WoodenMax calculator. GST 18% extra. Hyderabad factory. India-wide supply. Configure custom sizes on product page.,https://woodenmax.in/products/metal-louvers/louver-canopy-facade,https://woodenmax.in/images/products/Window%20Price%20Per%20Sqft/sliding-window-price-range-india-1200.webp,,in stock,191493.00 INR,,new,Woodenmax,,,no,Hardware > Building Materials,Home & Garden > metal-louvers,metal-louvers,IN::Standard:0.00 INR,,metal-louvers,luxury,package,standard-size-package,2026
louver-canopy-facade-4x1fl-notrapf1,Pipe / duct shaft 4 ft wide × 1 floor (12 ft) | Woodenmax,Z louvers only · 1.5 mm Z louver · 12 ft/floor · Live rates. Live package rate from WoodenMax calculator. GST 18% extra. Hyderabad factory. India-wide supply. Configure custom sizes on product page.,https://woodenmax.in/products/metal-louvers/louver-canopy-facade,https://woodenmax.in/images/products/Window%20Price%20Per%20Sqft/sliding-window-price-range-india-1200.webp,,in stock,30284.00 INR,,new,Woodenmax,,,no,Hardware > Building Materials,Home & Garden > metal-louvers,metal-louvers,IN::Standard:0.00 INR,,metal-louvers,luxury,package,standard-size-package,2026
louver-canopy-facade-4x1fl-trapf1,Pipe / duct shaft 4 ft wide × 1 floor (12 ft) · louver-canopy-facade | Woodenmax,Z louvers + 1 trap door per floor · 1.5 mm Z louver · 12 ft/floor · Live rates. Live package rate from WoodenMax calculator. GST 18% extra. Hyderabad factory. India-wide supply. Configure custom sizes on product page.,https://woodenmax.in/products/metal-louvers/louver-canopy-facade,https://woodenmax.in/images/products/Window%20Price%20Per%20Sqft/sliding-window-price-range-india-1200.webp,,in stock,42084.00 INR,,new,Woodenmax,,,no,Hardware > Building Materials,Home & Garden > metal-louvers,metal-louvers,IN::Standard:0.00 INR,,metal-louvers,luxury,package,standard-size-package,2026
louver-canopy-facade-4x2fl-notrapf2,Pipe / duct shaft 4 ft wide × 2 floor (24 ft) | Woodenmax,Z louvers only · 1.5 mm Z louver · 12 ft/floor · Live rates. Live package rate from WoodenMax calculator. GST 18% extra. Hyderabad factory. India-wide supply. Configure custom sizes on product page.,https://woodenmax.in/products/metal-louvers/louver-canopy-facade,https://woodenmax.in/images/products/Window%20Price%20Per%20Sqft/sliding-window-price-range-india-1200.webp,,in stock,60568.00 INR,,new,Woodenmax,,,no,Hardware > Building Materials,Home & Garden > metal-louvers,metal-louvers,IN::Standard:0.00 INR,,metal-louvers,luxury,package,standard-size-package,2026
louver-canopy-facade-4x2fl-trapf2,Pipe / duct shaft 4 ft wide × 2 floor (24 ft) · louver-canopy-facade | Woodenmax,Z louvers + 1 trap door per floor · 1.5 mm Z louver · 12 ft/floor · Live rates. Live package rate from WoodenMax calculator. GST 18% extra. Hyderabad factory. India-wide supply. Configure custom sizes on product page.,https://woodenmax.in/products/metal-louvers/louver-canopy-facade,https://woodenmax.in/images/products/Window%20Price%20Per%20Sqft/sliding-window-price-range-india-1200.webp,,in stock,84168.00 INR,,new,Woodenmax,,,no,Hardware > Building Materials,Home & Garden > metal-louvers,metal-louvers,IN::Standard:0.00 INR,,metal-louvers,luxury,package,standard-size-package,2026
louver-canopy-facade-4x3fl-notrapf3,Pipe / duct shaft 4 ft wide × 3 floor (36 ft) | Woodenmax,Z louvers only · 1.5 mm Z louver · 12 ft/floor · Live rates. Live package rate from WoodenMax calculator. GST 18% extra. Hyderabad factory. India-wide supply. Configure custom sizes on product page.,https://woodenmax.in/products/metal-louvers/louver-canopy-facade,https://woodenmax.in/images/products/Window%20Price%20Per%20Sqft/sliding-window-price-range-india-1200.webp,,in stock,90852.00 INR,,new,Woodenmax,,,no,Hardware > Building Materials,Home & Garden > metal-louvers,metal-louvers,IN::Standard:0.00 INR,,metal-louvers,luxury,package,standard-size-package,2026
louver-canopy-facade-4x3fl-trapf3,Pipe / duct shaft 4 ft wide × 3 floor (36 ft) · louver-canopy-facade | Woodenmax,Z louvers + 1 trap door per floor · 1.5 mm Z louver · 12 ft/floor · Live rates. Live package rate from WoodenMax calculator. GST 18% extra. Hyderabad factory. India-wide supply. Configure custom sizes on product page.,https://woodenmax.in/products/metal-louvers/louver-canopy-facade,https://woodenmax.in/images/products/Window%20Price%20Per%20Sqft/sliding-window-price-range-india-1200.webp,,in stock,126252.00 INR,,new,Woodenmax,,,no,Hardware > Building Materials,Home & Garden > metal-louvers,metal-louvers,IN::Standard:0.00 INR,,metal-louvers,luxury,package,standard-size-package,2026
louver-canopy-facade-4x4fl-notrapf4,Pipe / duct shaft 4 ft wide × 4 floor (48 ft) | Woodenmax,Z louvers only · 1.5 mm Z louver · 12 ft/floor · Live rates. Live package rate from WoodenMax calculator. GST 18% extra. Hyderabad factory. India-wide supply. Configure custom sizes on product page.,https://woodenmax.in/products/metal-louvers/louver-canopy-facade,https://woodenmax.in/images/products/Window%20Price%20Per%20Sqft/sliding-window-price-range-india-1200.webp,,in stock,121136.00 INR,,new,Woodenmax,,,no,Hardware > Building Materials,Home & Garden > metal-louvers,metal-louvers,IN::Standard:0.00 INR,,metal-louvers,luxury,package,standard-size-package,2026
louver-canopy-facade-4x4fl-trapf4,Pipe / duct shaft 4 ft wide × 4 floor (48 ft) · louver-canopy-facade | Woodenmax,Z louvers + 1 trap door per floor · 1.5 mm Z louver · 12 ft/floor · Live rates. Live package rate from WoodenMax calculator. GST 18% extra. Hyderabad factory. India-wide supply. Configure custom sizes on product page.,https://woodenmax.in/products/metal-louvers/louver-canopy-facade,https://woodenmax.in/images/products/Window%20Price%20Per%20Sqft/sliding-window-price-range-india-1200.webp,,in stock,168336.00 INR,,new,Woodenmax,,,no,Hardware > Building Materials,Home & Garden > metal-louvers,metal-louvers,IN::Standard:0.00 INR,,metal-louvers,luxury,package,standard-size-package,2026
louver-canopy-facade-4x5fl-notrapf5,Pipe / duct shaft 4 ft wide × 5 floor (60 ft) | Woodenmax,Z louvers only · 1.5 mm Z louver · 12 ft/floor · Live rates. Live package rate from WoodenMax calculator. GST 18% extra. Hyderabad factory. India-wide supply. Configure custom sizes on product page.,https://woodenmax.in/products/metal-louvers/louver-canopy-facade,https://woodenmax.in/images/products/Window%20Price%20Per%20Sqft/sliding-window-price-range-india-1200.webp,,in stock,151421.00 INR,,new,Woodenmax,,,no,Hardware > Building Materials,Home & Garden > metal-louvers,metal-louvers,IN::Standard:0.00 INR,,metal-louvers,luxury,package,standard-size-package,2026
louver-canopy-facade-4x5fl-trapf5,Pipe / duct shaft 4 ft wide × 5 floor (60 ft) · louver-canopy-facade | Woodenmax,Z louvers + 1 trap door per floor · 1.5 mm Z louver · 12 ft/floor · Live rates. Live package rate from WoodenMax calculator. GST 18% extra. Hyderabad factory. India-wide supply. Configure custom sizes on product page.,https://woodenmax.in/products/metal-louvers/louver-canopy-facade,https://woodenmax.in/images/products/Window%20Price%20Per%20Sqft/sliding-window-price-range-india-1200.webp,,in stock,210421.00 INR,,new,Woodenmax,,,no,Hardware > Building Materials,Home & Garden > metal-louvers,metal-louvers,IN::Standard:0.00 INR,,metal-louvers,luxury,package,standard-size-package,2026
louver-canopy-facade-4-5x1fl-notrapf1,Pipe / duct shaft 4.5 ft wide × 1 floor (12 ft) | Woodenmax,Z louvers only · 1.5 mm Z louver · 12 ft/floor · Live rates. Live package rate from WoodenMax calculator. GST 18% extra. Hyderabad factory. India-wide supply. Configure custom sizes on product page.,https://woodenmax.in/products/metal-louvers/louver-canopy-facade,https://woodenmax.in/images/products/Window%20Price%20Per%20Sqft/sliding-window-price-range-india-1200.webp,,in stock,34070.00 INR,,new,Woodenmax,,,no,Hardware > Building Materials,Home & Garden > metal-louvers,metal-louvers,IN::Standard:0.00 INR,,metal-louvers,luxury,package,standard-size-package,2026
louver-canopy-facade-4-5x1fl-trapf1,Pipe / duct shaft 4.5 ft wide × 1 floor (12 ft) · louver-canopy-facade | Woodenmax,Z louvers + 1 trap door per floor · 1.5 mm Z louver · 12 ft/floor · Live rates. Live package rate from WoodenMax calculator. GST 18% extra. Hyderabad factory. India-wide supply. Configure custom sizes on product page.,https://woodenmax.in/products/metal-louvers/louver-canopy-facade,https://woodenmax.in/images/products/Window%20Price%20Per%20Sqft/sliding-window-price-range-india-1200.webp,,in stock,45870.00 INR,,new,Woodenmax,,,no,Hardware > Building Materials,Home & Garden > metal-louvers,metal-louvers,IN::Standard:0.00 INR,,metal-louvers,luxury,package,standard-size-package,2026
louver-canopy-facade-4-5x2fl-notrapf2,Pipe / duct shaft 4.5 ft wide × 2 floor (24 ft) | Woodenmax,Z louvers only · 1.5 mm Z louver · 12 ft/floor · Live rates. Live package rate from WoodenMax calculator. GST 18% extra. Hyderabad factory. India-wide supply. Configure custom sizes on product page.,https://woodenmax.in/products/metal-louvers/louver-canopy-facade,https://woodenmax.in/images/products/Window%20Price%20Per%20Sqft/sliding-window-price-range-india-1200.webp,,in stock,68139.00 INR,,new,Woodenmax,,,no,Hardware > Building Materials,Home & Garden > metal-louvers,metal-louvers,IN::Standard:0.00 INR,,metal-louvers,luxury,package,standard-size-package,2026
louver-canopy-facade-4-5x2fl-trapf2,Pipe / duct shaft 4.5 ft wide × 2 floor (24 ft) · louver-canopy-facade | Woodenmax,Z louvers + 1 trap door per floor · 1.5 mm Z louver · 12 ft/floor · Live rates. Live package rate from WoodenMax calculator. GST 18% extra. Hyderabad factory. India-wide supply. Configure custom sizes on product page.,https://woodenmax.in/products/metal-louvers/louver-canopy-facade,https://woodenmax.in/images/products/Window%20Price%20Per%20Sqft/sliding-window-price-range-india-1200.webp,,in stock,91739.00 INR,,new,Woodenmax,,,no,Hardware > Building Materials,Home & Garden > metal-louvers,metal-louvers,IN::Standard:0.00 INR,,metal-louvers,luxury,package,standard-size-package,2026
louver-canopy-facade-4-5x3fl-notrapf3,Pipe / duct shaft 4.5 ft wide × 3 floor (36 ft) | Woodenmax,Z louvers only · 1.5 mm Z louver · 12 ft/floor · Live rates. Live package rate from WoodenMax calculator. GST 18% extra. Hyderabad factory. India-wide supply. Configure custom sizes on product page.,https://woodenmax.in/products/metal-louvers/louver-canopy-facade,https://woodenmax.in/images/products/Window%20Price%20Per%20Sqft/sliding-window-price-range-india-1200.webp,,in stock,102209.00 INR,,new,Woodenmax,,,no,Hardware > Building Materials,Home & Garden > metal-louvers,metal-louvers,IN::Standard:0.00 INR,,metal-louvers,luxury,package,standard-size-package,2026
louver-canopy-facade-4-5x3fl-trapf3,Pipe / duct shaft 4.5 ft wide × 3 floor (36 ft) · louver-canopy-facade | Woodenmax,Z louvers + 1 trap door per floor · 1.5 mm Z louver · 12 ft/floor · Live rates. Live package rate from WoodenMax calculator. GST 18% extra. Hyderabad factory. India-wide supply. Configure custom sizes on product page.,https://woodenmax.in/products/metal-louvers/louver-canopy-facade,https://woodenmax.in/images/products/Window%20Price%20Per%20Sqft/sliding-window-price-range-india-1200.webp,,in stock,137609.00 INR,,new,Woodenmax,,,no,Hardware > Building Materials,Home & Garden > metal-louvers,metal-louvers,IN::Standard:0.00 INR,,metal-louvers,luxury,package,standard-size-package,2026
louver-canopy-facade-4-5x4fl-notrapf4,Pipe / duct shaft 4.5 ft wide × 4 floor (48 ft) | Woodenmax,Z louvers only · 1.5 mm Z louver · 12 ft/floor · Live rates. Live package rate from WoodenMax calculator. GST 18% extra. Hyderabad factory. India-wide supply. Configure custom sizes on product page.,https://woodenmax.in/products/metal-louvers/louver-canopy-facade,https://woodenmax.in/images/products/Window%20Price%20Per%20Sqft/sliding-window-price-range-india-1200.webp,,in stock,136278.00 INR,,new,Woodenmax,,,no,Hardware > Building Materials,Home & Garden > metal-louvers,metal-louvers,IN::Standard:0.00 INR,,metal-louvers,luxury,package,standard-size-package,2026
louver-canopy-facade-4-5x4fl-trapf4,Pipe / duct shaft 4.5 ft wide × 4 floor (48 ft) · louver-canopy-facade | Woodenmax,Z louvers + 1 trap door per floor · 1.5 mm Z louver · 12 ft/floor · Live rates. Live package rate from WoodenMax calculator. GST 18% extra. Hyderabad factory. India-wide supply. Configure custom sizes on product page.,https://woodenmax.in/products/metal-louvers/louver-canopy-facade,https://woodenmax.in/images/products/Window%20Price%20Per%20Sqft/sliding-window-price-range-india-1200.webp,,in stock,183478.00 INR,,new,Woodenmax,,,no,Hardware > Building Materials,Home & Garden > metal-louvers,metal-louvers,IN::Standard:0.00 INR,,metal-louvers,luxury,package,standard-size-package,2026
louver-canopy-facade-4-5x5fl-notrapf5,Pipe / duct shaft 4.5 ft wide × 5 floor (60 ft) | Woodenmax,Z louvers only · 1.5 mm Z louver · 12 ft/floor · Live rates. Live package rate from WoodenMax calculator. GST 18% extra. Hyderabad factory. India-wide supply. Configure custom sizes on product page.,https://woodenmax.in/products/metal-louvers/louver-canopy-facade,https://woodenmax.in/images/products/Window%20Price%20Per%20Sqft/sliding-window-price-range-india-1200.webp,,in stock,170348.00 INR,,new,Woodenmax,,,no,Hardware > Building Materials,Home & Garden > metal-louvers,metal-louvers,IN::Standard:0.00 INR,,metal-louvers,luxury,package,standard-size-package,2026
louver-canopy-facade-4-5x5fl-trapf5,Pipe / duct shaft 4.5 ft wide × 5 floor (60 ft) · louver-canopy-facade | Woodenmax,Z louvers + 1 trap door per floor · 1.5 mm Z louver · 12 ft/floor · Live rates. Live package rate from WoodenMax calculator. GST 18% extra. Hyderabad factory. India-wide supply. Configure custom sizes on product page.,https://woodenmax.in/products/metal-louvers/louver-canopy-facade,https://woodenmax.in/images/products/Window%20Price%20Per%20Sqft/sliding-window-price-range-india-1200.webp,,in stock,229348.00 INR,,new,Woodenmax,,,no,Hardware > Building Materials,Home & Garden > metal-louvers,metal-louvers,IN::Standard:0.00 INR,,metal-louvers,luxury,package,standard-size-package,2026
frameless-shower-partition-4x7-hinged,Frameless Shower Partition 4×7 ft Hinged 2.5 ft Door · 10mm · Frameless | Woodenmax,Hinged 2.5 ft door + 1.5 ft fixed · 10mm clear toughened · Straight. Live package rate from WoodenMax calculator. GST 18% extra. Hyderabad factory. India-wide supply. Configure custom sizes on product page.,https://woodenmax.in/products/shower-partitions/frameless-shower-partition,https://woodenmax.in/images/products/Glass%20Shower%20Partition%20Price/glass-shower-partition-modern-bathroom-1200.webp,,in stock,17677.00 INR,,new,Woodenmax,,,no,Hardware > Building Materials,Home & Garden > shower-partitions,shower-partitions,IN::Standard:0.00 INR,,shower-partitions,luxury,package,standard-size-package,2026
frameless-shower-partition-4x7-sliding,Frameless Shower Partition 4×7 ft Sliding Half-Half · 10mm · Frameless | Woodenmax,Sliding half–half (2 + 2 ft) · 10mm clear toughened · Straight. Live package rate from WoodenMax calculator. GST 18% extra. Hyderabad factory. India-wide supply. Configure custom sizes on product page.,https://woodenmax.in/products/shower-partitions/frameless-shower-partition,https://woodenmax.in/images/products/Glass%20Shower%20Partition%20Price/glass-shower-partition-modern-bathroom-1200.webp,,in stock,22374.00 INR,,new,Woodenmax,,,no,Hardware > Building Materials,Home & Garden > shower-partitions,shower-partitions,IN::Standard:0.00 INR,,shower-partitions,luxury,package,standard-size-package,2026
frameless-shower-partition-5x7-hinged,Frameless Shower Partition 5×7 ft Hinged 2.5 ft Door · 10mm · Frameless | Woodenmax,Hinged 2.5 ft door + 2.5 ft fixed · 10mm clear toughened · Straight. Live package rate from WoodenMax calculator. GST 18% extra. Hyderabad factory. India-wide supply. Configure custom sizes on product page.,https://woodenmax.in/products/shower-partitions/frameless-shower-partition,https://woodenmax.in/images/products/Glass%20Shower%20Partition%20Price/glass-shower-partition-modern-bathroom-1200.webp,,in stock,20796.00 INR,,new,Woodenmax,,,no,Hardware > Building Materials,Home & Garden > shower-partitions,shower-partitions,IN::Standard:0.00 INR,,shower-partitions,luxury,package,standard-size-package,2026
frameless-shower-partition-5x7-sliding,Frameless Shower Partition 5×7 ft Sliding Half-Half · 10mm · Frameless | Woodenmax,Sliding half–half (2.5 + 2.5 ft) · 10mm clear toughened · Straight. Live package rate from WoodenMax calculator. GST 18% extra. Hyderabad factory. India-wide supply. Configure custom sizes on product page.,https://woodenmax.in/products/shower-partitions/frameless-shower-partition,https://woodenmax.in/images/products/Glass%20Shower%20Partition%20Price/glass-shower-partition-modern-bathroom-1200.webp,,in stock,26378.00 INR,,new,Woodenmax,,,no,Hardware > Building Materials,Home & Garden > shower-partitions,shower-partitions,IN::Standard:0.00 INR,,shower-partitions,luxury,package,standard-size-package,2026
frameless-shower-partition-6x7-hinged,Frameless Shower Partition 6×7 ft Hinged 2.5 ft Door · 10mm · Frameless | Woodenmax,Hinged 2.5 ft door + 3.5 ft fixed · 10mm clear toughened · Straight. Live package rate from WoodenMax calculator. GST 18% extra. Hyderabad factory. India-wide supply. Configure custom sizes on product page.,https://woodenmax.in/products/shower-partitions/frameless-shower-partition,https://woodenmax.in/images/products/Glass%20Shower%20Partition%20Price/glass-shower-partition-modern-bathroom-1200.webp,,in stock,23914.00 INR,,new,Woodenmax,,,no,Hardware > Building Materials,Home & Garden > shower-partitions,shower-partitions,IN::Standard:0.00 INR,,shower-partitions,luxury,package,standard-size-package,2026
frameless-shower-partition-6x7-sliding,Frameless Shower Partition 6×7 ft Sliding Half-Half · 10mm · Frameless | Woodenmax,Sliding half–half (3 + 3 ft) · 10mm clear toughened · Straight. Live package rate from WoodenMax calculator. GST 18% extra. Hyderabad factory. India-wide supply. Configure custom sizes on product page.,https://woodenmax.in/products/shower-partitions/frameless-shower-partition,https://woodenmax.in/images/products/Glass%20Shower%20Partition%20Price/glass-shower-partition-modern-bathroom-1200.webp,,in stock,30382.00 INR,,new,Woodenmax,,,no,Hardware > Building Materials,Home & Garden > shower-partitions,shower-partitions,IN::Standard:0.00 INR,,shower-partitions,luxury,package,standard-size-package,2026
frameless-shower-partition-7x7-hinged,Frameless Shower Partition 7×7 ft Hinged 2.5 ft Door · 10mm · Frameless | Woodenmax,Hinged 2.5 ft door + 4.5 ft fixed · 10mm clear toughened · Straight. Live package rate from WoodenMax calculator. GST 18% extra. Hyderabad factory. India-wide supply. Configure custom sizes on product page.,https://woodenmax.in/products/shower-partitions/frameless-shower-partition,https://woodenmax.in/images/products/Glass%20Shower%20Partition%20Price/glass-shower-partition-modern-bathroom-1200.webp,,in stock,27033.00 INR,,new,Woodenmax,,,no,Hardware > Building Materials,Home & Garden > shower-partitions,shower-partitions,IN::Standard:0.00 INR,,shower-partitions,luxury,package,standard-size-package,2026
frameless-shower-partition-7x7-sliding,Frameless Shower Partition 7×7 ft Sliding Half-Half · 10mm · Frameless | Woodenmax,Sliding half–half (3.5 + 3.5 ft) · 10mm clear toughened · Straight. Live package rate from WoodenMax calculator. GST 18% extra. Hyderabad factory. India-wide supply. Configure custom sizes on product page.,https://woodenmax.in/products/shower-partitions/frameless-shower-partition,https://woodenmax.in/images/products/Glass%20Shower%20Partition%20Price/glass-shower-partition-modern-bathroom-1200.webp,,in stock,34386.00 INR,,new,Woodenmax,,,no,Hardware > Building Materials,Home & Garden > shower-partitions,shower-partitions,IN::Standard:0.00 INR,,shower-partitions,luxury,package,standard-size-package,2026
premium-black-profile-shower-4x7-hinged,Black Profile Shower Partition 4×7 ft Hinged 2.5 ft Door · 10mm · With Profile | Woodenmax,Hinged 2.5 ft door + 1.5 ft fixed · 10mm clear toughened · Straight. Live package rate from WoodenMax calculator. GST 18% extra. Hyderabad factory. India-wide supply. Configure custom sizes on product page.,https://woodenmax.in/products/shower-partitions/premium-black-profile-shower,https://woodenmax.in/images/products/Glass%20Shower%20Partition%20Price/glass-shower-partition-modern-bathroom-1200.webp,,in stock,28334.00 INR,,new,Woodenmax,,,no,Hardware > Building Materials,Home & Garden > shower-partitions,shower-partitions,IN::Standard:0.00 INR,,shower-partitions,luxury,package,standard-size-package,2026
premium-black-profile-shower-5x7-hinged,Black Profile Shower Partition 5×7 ft Hinged 2.5 ft Door · 10mm · With Profile | Woodenmax,Hinged 2.5 ft door + 2.5 ft fixed · 10mm clear toughened · Straight. Live package rate from WoodenMax calculator. GST 18% extra. Hyderabad factory. India-wide supply. Configure custom sizes on product page.,https://woodenmax.in/products/shower-partitions/premium-black-profile-shower,https://woodenmax.in/images/products/Glass%20Shower%20Partition%20Price/glass-shower-partition-modern-bathroom-1200.webp,,in stock,34117.00 INR,,new,Woodenmax,,,no,Hardware > Building Materials,Home & Garden > shower-partitions,shower-partitions,IN::Standard:0.00 INR,,shower-partitions,luxury,package,standard-size-package,2026
premium-black-profile-shower-6x7-hinged,Black Profile Shower Partition 6×7 ft Hinged 2.5 ft Door · 10mm · With Profile | Woodenmax,Hinged 2.5 ft door + 3.5 ft fixed · 10mm clear toughened · Straight. Live package rate from WoodenMax calculator. GST 18% extra. Hyderabad factory. India-wide supply. Configure custom sizes on product page.,https://woodenmax.in/products/shower-partitions/premium-black-profile-shower,https://woodenmax.in/images/products/Glass%20Shower%20Partition%20Price/glass-shower-partition-modern-bathroom-1200.webp,,in stock,39899.00 INR,,new,Woodenmax,,,no,Hardware > Building Materials,Home & Garden > shower-partitions,shower-partitions,IN::Standard:0.00 INR,,shower-partitions,luxury,package,standard-size-package,2026
premium-black-profile-shower-7x7-hinged,Black Profile Shower Partition 7×7 ft Hinged 2.5 ft Door · 10mm · With Profile | Woodenmax,Hinged 2.5 ft door + 4.5 ft fixed · 10mm clear toughened · Straight. Live package rate from WoodenMax calculator. GST 18% extra. Hyderabad factory. India-wide supply. Configure custom sizes on product page.,https://woodenmax.in/products/shower-partitions/premium-black-profile-shower,https://woodenmax.in/images/products/Glass%20Shower%20Partition%20Price/glass-shower-partition-modern-bathroom-1200.webp,,in stock,45682.00 INR,,new,Woodenmax,,,no,Hardware > Building Materials,Home & Garden > shower-partitions,shower-partitions,IN::Standard:0.00 INR,,shower-partitions,luxury,package,standard-size-package,2026
black-profile-shower-partition-4x7-sliding,Black Profile Sliding Shower 4×7 ft Sliding Half-Half · 10mm · With Profile | Woodenmax,Sliding half–half (2 + 2 ft) · 10mm clear toughened · Straight. Live package rate from WoodenMax calculator. GST 18% extra. Hyderabad factory. India-wide supply. Configure custom sizes on product page.,https://woodenmax.in/products/shower-partitions/black-profile-shower-partition,https://woodenmax.in/images/products/Glass%20Shower%20Partition%20Price/glass-shower-partition-modern-bathroom-1200.webp,,in stock,30644.00 INR,,new,Woodenmax,,,no,Hardware > Building Materials,Home & Garden > shower-partitions,shower-partitions,IN::Standard:0.00 INR,,shower-partitions,luxury,package,standard-size-package,2026
black-profile-shower-partition-5x7-sliding,Black Profile Sliding Shower 5×7 ft Sliding Half-Half · 10mm · With Profile | Woodenmax,Sliding half–half (2.5 + 2.5 ft) · 10mm clear toughened · Straight. Live package rate from WoodenMax calculator. GST 18% extra. Hyderabad factory. India-wide supply. Configure custom sizes on product page.,https://woodenmax.in/products/shower-partitions/black-profile-shower-partition,https://woodenmax.in/images/products/Glass%20Shower%20Partition%20Price/glass-shower-partition-modern-bathroom-1200.webp,,in stock,36427.00 INR,,new,Woodenmax,,,no,Hardware > Building Materials,Home & Garden > shower-partitions,shower-partitions,IN::Standard:0.00 INR,,shower-partitions,luxury,package,standard-size-package,2026
black-profile-shower-partition-6x7-sliding,Black Profile Sliding Shower 6×7 ft Sliding Half-Half · 10mm · With Profile | Woodenmax,Sliding half–half (3 + 3 ft) · 10mm clear toughened · Straight. Live package rate from WoodenMax calculator. GST 18% extra. Hyderabad factory. India-wide supply. Configure custom sizes on product page.,https://woodenmax.in/products/shower-partitions/black-profile-shower-partition,https://woodenmax.in/images/products/Glass%20Shower%20Partition%20Price/glass-shower-partition-modern-bathroom-1200.webp,,in stock,42209.00 INR,,new,Woodenmax,,,no,Hardware > Building Materials,Home & Garden > shower-partitions,shower-partitions,IN::Standard:0.00 INR,,shower-partitions,luxury,package,standard-size-package,2026
black-profile-shower-partition-7x7-sliding,Black Profile Sliding Shower 7×7 ft Sliding Half-Half · 10mm · With Profile | Woodenmax,Sliding half–half (3.5 + 3.5 ft) · 10mm clear toughened · Straight. Live package rate from WoodenMax calculator. GST 18% extra. Hyderabad factory. India-wide supply. Configure custom sizes on product page.,https://woodenmax.in/products/shower-partitions/black-profile-shower-partition,https://woodenmax.in/images/products/Glass%20Shower%20Partition%20Price/glass-shower-partition-modern-bathroom-1200.webp,,in stock,47992.00 INR,,new,Woodenmax,,,no,Hardware > Building Materials,Home & Garden > shower-partitions,shower-partitions,IN::Standard:0.00 INR,,shower-partitions,luxury,package,standard-size-package,2026
frosted-glass-bathroom-door-4x7-fold-slide,Fold & Slide Bathroom Door 4×7 ft Fold & Slide · 10mm | Woodenmax,Fold & slide · 10mm clear toughened · Straight. Live package rate from WoodenMax calculator. GST 18% extra. Hyderabad factory. India-wide supply. Configure custom sizes on product page.,https://woodenmax.in/products/shower-partitions/frosted-glass-bathroom-door,https://woodenmax.in/images/products/Glass%20Shower%20Partition%20Price/glass-shower-partition-modern-bathroom-1200.webp,,in stock,55546.00 INR,,new,Woodenmax,,,no,Hardware > Building Materials,Home & Garden > shower-partitions,shower-partitions,IN::Standard:0.00 INR,,shower-partitions,luxury,package,standard-size-package,2026
frosted-glass-bathroom-door-5x7-fold-slide,Fold & Slide Bathroom Door 5×7 ft Fold & Slide · 10mm | Woodenmax,Fold & slide · 10mm clear toughened · Straight. Live package rate from WoodenMax calculator. GST 18% extra. Hyderabad factory. India-wide supply. Configure custom sizes on product page.,https://woodenmax.in/products/shower-partitions/frosted-glass-bathroom-door,https://woodenmax.in/images/products/Glass%20Shower%20Partition%20Price/glass-shower-partition-modern-bathroom-1200.webp,,in stock,66688.00 INR,,new,Woodenmax,,,no,Hardware > Building Materials,Home & Garden > shower-partitions,shower-partitions,IN::Standard:0.00 INR,,shower-partitions,luxury,package,standard-size-package,2026
frosted-glass-bathroom-door-6x7-fold-slide,Fold & Slide Bathroom Door 6×7 ft Fold & Slide · 10mm | Woodenmax,Fold & slide · 10mm clear toughened · Straight. Live package rate from WoodenMax calculator. GST 18% extra. Hyderabad factory. India-wide supply. Configure custom sizes on product page.,https://woodenmax.in/products/shower-partitions/frosted-glass-bathroom-door,https://woodenmax.in/images/products/Glass%20Shower%20Partition%20Price/glass-shower-partition-modern-bathroom-1200.webp,,in stock,77829.00 INR,,new,Woodenmax,,,no,Hardware > Building Materials,Home & Garden > shower-partitions,shower-partitions,IN::Standard:0.00 INR,,shower-partitions,luxury,package,standard-size-package,2026
frosted-glass-bathroom-door-7x7-fold-slide,Fold & Slide Bathroom Door 7×7 ft Fold & Slide · 10mm | Woodenmax,Fold & slide · 10mm clear toughened · Straight. Live package rate from WoodenMax calculator. GST 18% extra. Hyderabad factory. India-wide supply. Configure custom sizes on product page.,https://woodenmax.in/products/shower-partitions/frosted-glass-bathroom-door,https://woodenmax.in/images/products/Glass%20Shower%20Partition%20Price/glass-shower-partition-modern-bathroom-1200.webp,,in stock,88971.00 INR,,new,Woodenmax,,,no,Hardware > Building Materials,Home & Garden > shower-partitions,shower-partitions,IN::Standard:0.00 INR,,shower-partitions,luxury,package,standard-size-package,2026
slim-gold-profile-fluted-shower-4x7-hinged,Gold Profile Shower Partition 4×7 ft Hinged 2.5 ft Door · 10mm · With Profile | Woodenmax,Hinged 2.5 ft door + 1.5 ft fixed · 10mm clear toughened · Straight. Live package rate from WoodenMax calculator. GST 18% extra. Hyderabad factory. India-wide supply. Configure custom sizes on product page.,https://woodenmax.in/products/shower-partitions/slim-frame-shower-partition,https://woodenmax.in/images/products/Glass%20Shower%20Partition%20Price/glass-shower-partition-modern-bathroom-1200.webp,,in stock,38914.00 INR,,new,Woodenmax,,,no,Hardware > Building Materials,Home & Garden > shower-partitions,shower-partitions,IN::Standard:0.00 INR,,shower-partitions,luxury,package,standard-size-package,2026
slim-gold-profile-fluted-shower-4x7-sliding,Gold Profile Shower Partition 4×7 ft Sliding Half-Half · 10mm · With Profile | Woodenmax,Sliding half–half (2 + 2 ft) · 10mm clear toughened · Straight. Live package rate from WoodenMax calculator. GST 18% extra. Hyderabad factory. India-wide supply. Configure custom sizes on product page.,https://woodenmax.in/products/shower-partitions/slim-frame-shower-partition,https://woodenmax.in/images/products/Glass%20Shower%20Partition%20Price/glass-shower-partition-modern-bathroom-1200.webp,,in stock,38914.00 INR,,new,Woodenmax,,,no,Hardware > Building Materials,Home & Garden > shower-partitions,shower-partitions,IN::Standard:0.00 INR,,shower-partitions,luxury,package,standard-size-package,2026
slim-gold-profile-fluted-shower-5x7-hinged,Gold Profile Shower Partition 5×7 ft Hinged 2.5 ft Door · 10mm · With Profile | Woodenmax,Hinged 2.5 ft door + 2.5 ft fixed · 10mm clear toughened · Straight. Live package rate from WoodenMax calculator. GST 18% extra. Hyderabad factory. India-wide supply. Configure custom sizes on product page.,https://woodenmax.in/products/shower-partitions/slim-frame-shower-partition,https://woodenmax.in/images/products/Glass%20Shower%20Partition%20Price/glass-shower-partition-modern-bathroom-1200.webp,,in stock,46475.00 INR,,new,Woodenmax,,,no,Hardware > Building Materials,Home & Garden > shower-partitions,shower-partitions,IN::Standard:0.00 INR,,shower-partitions,luxury,package,standard-size-package,2026
slim-gold-profile-fluted-shower-5x7-sliding,Gold Profile Shower Partition 5×7 ft Sliding Half-Half · 10mm · With Profile | Woodenmax,Sliding half–half (2.5 + 2.5 ft) · 10mm clear toughened · Straight. Live package rate from WoodenMax calculator. GST 18% extra. Hyderabad factory. India-wide supply. Configure custom sizes on product page.,https://woodenmax.in/products/shower-partitions/slim-frame-shower-partition,https://woodenmax.in/images/products/Glass%20Shower%20Partition%20Price/glass-shower-partition-modern-bathroom-1200.webp,,in stock,46475.00 INR,,new,Woodenmax,,,no,Hardware > Building Materials,Home & Garden > shower-partitions,shower-partitions,IN::Standard:0.00 INR,,shower-partitions,luxury,package,standard-size-package,2026
slim-gold-profile-fluted-shower-6x7-hinged,Gold Profile Shower Partition 6×7 ft Hinged 2.5 ft Door · 10mm · With Profile | Woodenmax,Hinged 2.5 ft door + 3.5 ft fixed · 10mm clear toughened · Straight. Live package rate from WoodenMax calculator. GST 18% extra. Hyderabad factory. India-wide supply. Configure custom sizes on product page.,https://woodenmax.in/products/shower-partitions/slim-frame-shower-partition,https://woodenmax.in/images/products/Glass%20Shower%20Partition%20Price/glass-shower-partition-modern-bathroom-1200.webp,,in stock,54036.00 INR,,new,Woodenmax,,,no,Hardware > Building Materials,Home & Garden > shower-partitions,shower-partitions,IN::Standard:0.00 INR,,shower-partitions,luxury,package,standard-size-package,2026
slim-gold-profile-fluted-shower-6x7-sliding,Gold Profile Shower Partition 6×7 ft Sliding Half-Half · 10mm · With Profile | Woodenmax,Sliding half–half (3 + 3 ft) · 10mm clear toughened · Straight. Live package rate from WoodenMax calculator. GST 18% extra. Hyderabad factory. India-wide supply. Configure custom sizes on product page.,https://woodenmax.in/products/shower-partitions/slim-frame-shower-partition,https://woodenmax.in/images/products/Glass%20Shower%20Partition%20Price/glass-shower-partition-modern-bathroom-1200.webp,,in stock,54036.00 INR,,new,Woodenmax,,,no,Hardware > Building Materials,Home & Garden > shower-partitions,shower-partitions,IN::Standard:0.00 INR,,shower-partitions,luxury,package,standard-size-package,2026
slim-gold-profile-fluted-shower-7x7-hinged,Gold Profile Shower Partition 7×7 ft Hinged 2.5 ft Door · 10mm · With Profile | Woodenmax,Hinged 2.5 ft door + 4.5 ft fixed · 10mm clear toughened · Straight. Live package rate from WoodenMax calculator. GST 18% extra. Hyderabad factory. India-wide supply. Configure custom sizes on product page.,https://woodenmax.in/products/shower-partitions/slim-frame-shower-partition,https://woodenmax.in/images/products/Glass%20Shower%20Partition%20Price/glass-shower-partition-modern-bathroom-1200.webp,,in stock,61598.00 INR,,new,Woodenmax,,,no,Hardware > Building Materials,Home & Garden > shower-partitions,shower-partitions,IN::Standard:0.00 INR,,shower-partitions,luxury,package,standard-size-package,2026
slim-gold-profile-fluted-shower-7x7-sliding,Gold Profile Shower Partition 7×7 ft Sliding Half-Half · 10mm · With Profile | Woodenmax,Sliding half–half (3.5 + 3.5 ft) · 10mm clear toughened · Straight. Live package rate from WoodenMax calculator. GST 18% extra. Hyderabad factory. India-wide supply. Configure custom sizes on product page.,https://woodenmax.in/products/shower-partitions/slim-frame-shower-partition,https://woodenmax.in/images/products/Glass%20Shower%20Partition%20Price/glass-shower-partition-modern-bathroom-1200.webp,,in stock,61598.00 INR,,new,Woodenmax,,,no,Hardware > Building Materials,Home & Garden > shower-partitions,shower-partitions,IN::Standard:0.00 INR,,shower-partitions,luxury,package,standard-size-package,2026
hpl-exterior-cladding-100sqft-std,HPL Exterior Cladding & Ceiling 10×10 ft (100 sq.ft) | Woodenmax,Facade elevation band · Supply + typical install · Live rate from products.json. Live package rate from WoodenMax calculator. GST 18% extra. Hyderabad factory. India-wide supply. Configure custom sizes on product page.,https://woodenmax.in/products/elevation-cladding/hpl-exterior-cladding,https://woodenmax.in/images/products/Window%20Price%20Per%20Sqft/sliding-window-price-range-india-1200.webp,,in stock,57200.00 INR,,new,Woodenmax,,,no,Hardware > Building Materials,Home & Garden > elevation-cladding,elevation-cladding,IN::Standard:0.00 INR,,elevation-cladding,luxury,package,standard-size-package,2026
hpl-exterior-cladding-120sqft-std,HPL Exterior Cladding & Ceiling 12×10 ft (120 sq.ft) | Woodenmax,Facade elevation band · Supply + typical install · Live rate from products.json. Live package rate from WoodenMax calculator. GST 18% extra. Hyderabad factory. India-wide supply. Configure custom sizes on product page.,https://woodenmax.in/products/elevation-cladding/hpl-exterior-cladding,https://woodenmax.in/images/products/Window%20Price%20Per%20Sqft/sliding-window-price-range-india-1200.webp,,in stock,68640.00 INR,,new,Woodenmax,,,no,Hardware > Building Materials,Home & Garden > elevation-cladding,elevation-cladding,IN::Standard:0.00 INR,,elevation-cladding,luxury,package,standard-size-package,2026
hpl-exterior-cladding-180sqft-std,HPL Exterior Cladding & Ceiling 15×12 ft (180 sq.ft) | Woodenmax,Facade elevation band · Supply + typical install · Live rate from products.json. Live package rate from WoodenMax calculator. GST 18% extra. Hyderabad factory. India-wide supply. Configure custom sizes on product page.,https://woodenmax.in/products/elevation-cladding/hpl-exterior-cladding,https://woodenmax.in/images/products/Window%20Price%20Per%20Sqft/sliding-window-price-range-india-1200.webp,,in stock,102960.00 INR,,new,Woodenmax,,,no,Hardware > Building Materials,Home & Garden > elevation-cladding,elevation-cladding,IN::Standard:0.00 INR,,elevation-cladding,luxury,package,standard-size-package,2026
hpl-exterior-cladding-240sqft-std,HPL Exterior Cladding & Ceiling 20×12 ft (240 sq.ft) | Woodenmax,Facade elevation band · Supply + typical install · Live rate from products.json. Live package rate from WoodenMax calculator. GST 18% extra. Hyderabad factory. India-wide supply. Configure custom sizes on product page.,https://woodenmax.in/products/elevation-cladding/hpl-exterior-cladding,https://woodenmax.in/images/products/Window%20Price%20Per%20Sqft/sliding-window-price-range-india-1200.webp,,in stock,137280.00 INR,,new,Woodenmax,,,no,Hardware > Building Materials,Home & Garden > elevation-cladding,elevation-cladding,IN::Standard:0.00 INR,,elevation-cladding,luxury,package,standard-size-package,2026
hpl-exterior-cladding-375sqft-std,HPL Exterior Cladding & Ceiling 25×15 ft (375 sq.ft) | Woodenmax,Facade elevation band · Supply + typical install · Live rate from products.json. Live package rate from WoodenMax calculator. GST 18% extra. Hyderabad factory. India-wide supply. Configure custom sizes on product page.,https://woodenmax.in/products/elevation-cladding/hpl-exterior-cladding,https://woodenmax.in/images/products/Window%20Price%20Per%20Sqft/sliding-window-price-range-india-1200.webp,,in stock,214500.00 INR,,new,Woodenmax,,,no,Hardware > Building Materials,Home & Garden > elevation-cladding,elevation-cladding,IN::Standard:0.00 INR,,elevation-cladding,luxury,package,standard-size-package,2026
acp-elevation-100sqft-std,ACP Elevation Cladding 10×10 ft (100 sq.ft) | Woodenmax,Facade elevation band · Supply + typical install · Live rate from products.json. Live package rate from WoodenMax calculator. GST 18% extra. Hyderabad factory. India-wide supply. Configure custom sizes on product page.,https://woodenmax.in/products/elevation-cladding/hpl-acp-elevation-cladding,https://woodenmax.in/images/products/Window%20Price%20Per%20Sqft/sliding-window-price-range-india-1200.webp,,in stock,39490.00 INR,,new,Woodenmax,,,no,Hardware > Building Materials,Home & Garden > elevation-cladding,elevation-cladding,IN::Standard:0.00 INR,,elevation-cladding,luxury,package,standard-size-package,2026
acp-elevation-120sqft-std,ACP Elevation Cladding 12×10 ft (120 sq.ft) | Woodenmax,Facade elevation band · Supply + typical install · Live rate from products.json. Live package rate from WoodenMax calculator. GST 18% extra. Hyderabad factory. India-wide supply. Configure custom sizes on product page.,https://woodenmax.in/products/elevation-cladding/hpl-acp-elevation-cladding,https://woodenmax.in/images/products/Window%20Price%20Per%20Sqft/sliding-window-price-range-india-1200.webp,,in stock,47388.00 INR,,new,Woodenmax,,,no,Hardware > Building Materials,Home & Garden > elevation-cladding,elevation-cladding,IN::Standard:0.00 INR,,elevation-cladding,luxury,package,standard-size-package,2026
acp-elevation-180sqft-std,ACP Elevation Cladding 15×12 ft (180 sq.ft) | Woodenmax,Facade elevation band · Supply + typical install · Live rate from products.json. Live package rate from WoodenMax calculator. GST 18% extra. Hyderabad factory. India-wide supply. Configure custom sizes on product page.,https://woodenmax.in/products/elevation-cladding/hpl-acp-elevation-cladding,https://woodenmax.in/images/products/Window%20Price%20Per%20Sqft/sliding-window-price-range-india-1200.webp,,in stock,71082.00 INR,,new,Woodenmax,,,no,Hardware > Building Materials,Home & Garden > elevation-cladding,elevation-cladding,IN::Standard:0.00 INR,,elevation-cladding,luxury,package,standard-size-package,2026
acp-elevation-240sqft-std,ACP Elevation Cladding 20×12 ft (240 sq.ft) | Woodenmax,Facade elevation band · Supply + typical install · Live rate from products.json. Live package rate from WoodenMax calculator. GST 18% extra. Hyderabad factory. India-wide supply. Configure custom sizes on product page.,https://woodenmax.in/products/elevation-cladding/hpl-acp-elevation-cladding,https://woodenmax.in/images/products/Window%20Price%20Per%20Sqft/sliding-window-price-range-india-1200.webp,,in stock,94776.00 INR,,new,Woodenmax,,,no,Hardware > Building Materials,Home & Garden > elevation-cladding,elevation-cladding,IN::Standard:0.00 INR,,elevation-cladding,luxury,package,standard-size-package,2026
acp-elevation-375sqft-std,ACP Elevation Cladding 25×15 ft (375 sq.ft) | Woodenmax,Facade elevation band · Supply + typical install · Live rate from products.json. Live package rate from WoodenMax calculator. GST 18% extra. Hyderabad factory. India-wide supply. Configure custom sizes on product page.,https://woodenmax.in/products/elevation-cladding/hpl-acp-elevation-cladding,https://woodenmax.in/images/products/Window%20Price%20Per%20Sqft/sliding-window-price-range-india-1200.webp,,in stock,148088.00 INR,,new,Woodenmax,,,no,Hardware > Building Materials,Home & Garden > elevation-cladding,elevation-cladding,IN::Standard:0.00 INR,,elevation-cladding,luxury,package,standard-size-package,2026
glass-railing-balcony-8x2-std,Balcony Glass Railing System 2 ft glass × 8 ft run · 12mm | Woodenmax,121×45 heavy bottom rail · parapet wall · Glass area 16.0 sq.ft · Live calculator rate. Live package rate from WoodenMax calculator. GST 18% extra. Hyderabad factory. India-wide supply. Configure custom sizes on product page.,https://woodenmax.in/products/glass-railing/balcony-glass-railing,https://woodenmax.in/images/products/Window%20Price%20Per%20Sqft/sliding-window-price-range-india-1200.webp,,in stock,17171.00 INR,,new,Woodenmax,,,no,Hardware > Building Materials,Home & Garden > glass-railing,glass-railing,IN::Standard:0.00 INR,,glass-railing,luxury,package,standard-size-package,2026
glass-railing-balcony-8x2-5-std,Balcony Glass Railing System 2.5 ft glass × 8 ft run · 12mm | Woodenmax,121×45 heavy bottom rail · parapet wall · Glass area 20.0 sq.ft · Live calculator rate. Live package rate from WoodenMax calculator. GST 18% extra. Hyderabad factory. India-wide supply. Configure custom sizes on product page.,https://woodenmax.in/products/glass-railing/balcony-glass-railing,https://woodenmax.in/images/products/Window%20Price%20Per%20Sqft/sliding-window-price-range-india-1200.webp,,in stock,18443.00 INR,,new,Woodenmax,,,no,Hardware > Building Materials,Home & Garden > glass-railing,glass-railing,IN::Standard:0.00 INR,,glass-railing,luxury,package,standard-size-package,2026
glass-railing-balcony-8x3-std,Balcony Glass Railing System 3 ft glass × 8 ft run · 12mm | Woodenmax,121×45 heavy bottom rail · parapet wall · Glass area 24.0 sq.ft · Live calculator rate. Live package rate from WoodenMax calculator. GST 18% extra. Hyderabad factory. India-wide supply. Configure custom sizes on product page.,https://woodenmax.in/products/glass-railing/balcony-glass-railing,https://woodenmax.in/images/products/Window%20Price%20Per%20Sqft/sliding-window-price-range-india-1200.webp,,in stock,19714.00 INR,,new,Woodenmax,,,no,Hardware > Building Materials,Home & Garden > glass-railing,glass-railing,IN::Standard:0.00 INR,,glass-railing,luxury,package,standard-size-package,2026
glass-railing-balcony-8x3-5-std,Balcony Glass Railing System 3.5 ft glass × 8 ft run · 12mm | Woodenmax,121×45 heavy bottom rail · parapet wall · Glass area 28.0 sq.ft · Live calculator rate. Live package rate from WoodenMax calculator. GST 18% extra. Hyderabad factory. India-wide supply. Configure custom sizes on product page.,https://woodenmax.in/products/glass-railing/balcony-glass-railing,https://woodenmax.in/images/products/Window%20Price%20Per%20Sqft/sliding-window-price-range-india-1200.webp,,in stock,20986.00 INR,,new,Woodenmax,,,no,Hardware > Building Materials,Home & Garden > glass-railing,glass-railing,IN::Standard:0.00 INR,,glass-railing,luxury,package,standard-size-package,2026
glass-railing-balcony-8x4-std,Balcony Glass Railing System 4 ft commercial × 8 ft · 12mm | Woodenmax,Commercial facade (no parapet) · 121×45 heavy bottom · 4 ft glass height. Live package rate from WoodenMax calculator. GST 18% extra. Hyderabad factory. India-wide supply. Configure custom sizes on product page.,https://woodenmax.in/products/glass-railing/balcony-glass-railing,https://woodenmax.in/images/products/Window%20Price%20Per%20Sqft/sliding-window-price-range-india-1200.webp,,in stock,22258.00 INR,,new,Woodenmax,,,no,Hardware > Building Materials,Home & Garden > glass-railing,glass-railing,IN::Standard:0.00 INR,,glass-railing,luxury,package,standard-size-package,2026
glass-railing-balcony-10x2-std,Balcony Glass Railing System 2 ft glass × 10 ft run · 12mm | Woodenmax,121×45 heavy bottom rail · parapet wall · Glass area 20.0 sq.ft · Live calculator rate. Live package rate from WoodenMax calculator. GST 18% extra. Hyderabad factory. India-wide supply. Configure custom sizes on product page.,https://woodenmax.in/products/glass-railing/balcony-glass-railing,https://woodenmax.in/images/products/Window%20Price%20Per%20Sqft/sliding-window-price-range-india-1200.webp,,in stock,21464.00 INR,,new,Woodenmax,,,no,Hardware > Building Materials,Home & Garden > glass-railing,glass-railing,IN::Standard:0.00 INR,,glass-railing,luxury,package,standard-size-package,2026
glass-railing-balcony-10x2-5-std,Balcony Glass Railing System 2.5 ft glass × 10 ft run · 12mm | Woodenmax,121×45 heavy bottom rail · parapet wall · Glass area 25.0 sq.ft · Live calculator rate. Live package rate from WoodenMax calculator. GST 18% extra. Hyderabad factory. India-wide supply. Configure custom sizes on product page.,https://woodenmax.in/products/glass-railing/balcony-glass-railing,https://woodenmax.in/images/products/Window%20Price%20Per%20Sqft/sliding-window-price-range-india-1200.webp,,in stock,23054.00 INR,,new,Woodenmax,,,no,Hardware > Building Materials,Home & Garden > glass-railing,glass-railing,IN::Standard:0.00 INR,,glass-railing,luxury,package,standard-size-package,2026
glass-railing-balcony-10x3-std,Balcony Glass Railing System 3 ft glass × 10 ft run · 12mm | Woodenmax,121×45 heavy bottom rail · parapet wall · Glass area 30.0 sq.ft · Live calculator rate. Live package rate from WoodenMax calculator. GST 18% extra. Hyderabad factory. India-wide supply. Configure custom sizes on product page.,https://woodenmax.in/products/glass-railing/balcony-glass-railing,https://woodenmax.in/images/products/Window%20Price%20Per%20Sqft/sliding-window-price-range-india-1200.webp,,in stock,24643.00 INR,,new,Woodenmax,,,no,Hardware > Building Materials,Home & Garden > glass-railing,glass-railing,IN::Standard:0.00 INR,,glass-railing,luxury,package,standard-size-package,2026
glass-railing-balcony-10x3-5-std,Balcony Glass Railing System 3.5 ft glass × 10 ft run · 12mm | Woodenmax,121×45 heavy bottom rail · parapet wall · Glass area 35.0 sq.ft · Live calculator rate. Live package rate from WoodenMax calculator. GST 18% extra. Hyderabad factory. India-wide supply. Configure custom sizes on product page.,https://woodenmax.in/products/glass-railing/balcony-glass-railing,https://woodenmax.in/images/products/Window%20Price%20Per%20Sqft/sliding-window-price-range-india-1200.webp,,in stock,26233.00 INR,,new,Woodenmax,,,no,Hardware > Building Materials,Home & Garden > glass-railing,glass-railing,IN::Standard:0.00 INR,,glass-railing,luxury,package,standard-size-package,2026
glass-railing-balcony-10x4-std,Balcony Glass Railing System 4 ft commercial × 10 ft · 12mm | Woodenmax,Commercial facade (no parapet) · 121×45 heavy bottom · 4 ft glass height. Live package rate from WoodenMax calculator. GST 18% extra. Hyderabad factory. India-wide supply. Configure custom sizes on product page.,https://woodenmax.in/products/glass-railing/balcony-glass-railing,https://woodenmax.in/images/products/Window%20Price%20Per%20Sqft/sliding-window-price-range-india-1200.webp,,in stock,27822.00 INR,,new,Woodenmax,,,no,Hardware > Building Materials,Home & Garden > glass-railing,glass-railing,IN::Standard:0.00 INR,,glass-railing,luxury,package,standard-size-package,2026
glass-railing-balcony-12x2-std,Balcony Glass Railing System 2 ft glass × 12 ft run · 12mm | Woodenmax,121×45 heavy bottom rail · parapet wall · Glass area 24.0 sq.ft · Live calculator rate. Live package rate from WoodenMax calculator. GST 18% extra. Hyderabad factory. India-wide supply. Configure custom sizes on product page.,https://woodenmax.in/products/glass-railing/balcony-glass-railing,https://woodenmax.in/images/products/Window%20Price%20Per%20Sqft/sliding-window-price-range-india-1200.webp,,in stock,25757.00 INR,,new,Woodenmax,,,no,Hardware > Building Materials,Home & Garden > glass-railing,glass-railing,IN::Standard:0.00 INR,,glass-railing,luxury,package,standard-size-package,2026
glass-railing-balcony-12x2-5-std,Balcony Glass Railing System 2.5 ft glass × 12 ft run · 12mm | Woodenmax,121×45 heavy bottom rail · parapet wall · Glass area 30.0 sq.ft · Live calculator rate. Live package rate from WoodenMax calculator. GST 18% extra. Hyderabad factory. India-wide supply. Configure custom sizes on product page.,https://woodenmax.in/products/glass-railing/balcony-glass-railing,https://woodenmax.in/images/products/Window%20Price%20Per%20Sqft/sliding-window-price-range-india-1200.webp,,in stock,27664.00 INR,,new,Woodenmax,,,no,Hardware > Building Materials,Home & Garden > glass-railing,glass-railing,IN::Standard:0.00 INR,,glass-railing,luxury,package,standard-size-package,2026
glass-railing-balcony-12x3-std,Balcony Glass Railing System 3 ft glass × 12 ft run · 12mm | Woodenmax,121×45 heavy bottom rail · parapet wall · Glass area 36.0 sq.ft · Live calculator rate. Live package rate from WoodenMax calculator. GST 18% extra. Hyderabad factory. India-wide supply. Configure custom sizes on product page.,https://woodenmax.in/products/glass-railing/balcony-glass-railing,https://woodenmax.in/images/products/Window%20Price%20Per%20Sqft/sliding-window-price-range-india-1200.webp,,in stock,29572.00 INR,,new,Woodenmax,,,no,Hardware > Building Materials,Home & Garden > glass-railing,glass-railing,IN::Standard:0.00 INR,,glass-railing,luxury,package,standard-size-package,2026
glass-railing-balcony-12x3-5-std,Balcony Glass Railing System 3.5 ft glass × 12 ft run · 12mm | Woodenmax,121×45 heavy bottom rail · parapet wall · Glass area 42.0 sq.ft · Live calculator rate. Live package rate from WoodenMax calculator. GST 18% extra. Hyderabad factory. India-wide supply. Configure custom sizes on product page.,https://woodenmax.in/products/glass-railing/balcony-glass-railing,https://woodenmax.in/images/products/Window%20Price%20Per%20Sqft/sliding-window-price-range-india-1200.webp,,in stock,31479.00 INR,,new,Woodenmax,,,no,Hardware > Building Materials,Home & Garden > glass-railing,glass-railing,IN::Standard:0.00 INR,,glass-railing,luxury,package,standard-size-package,2026
glass-railing-balcony-12x4-std,Balcony Glass Railing System 4 ft commercial × 12 ft · 12mm | Woodenmax,Commercial facade (no parapet) · 121×45 heavy bottom · 4 ft glass height. Live package rate from WoodenMax calculator. GST 18% extra. Hyderabad factory. India-wide supply. Configure custom sizes on product page.,https://woodenmax.in/products/glass-railing/balcony-glass-railing,https://woodenmax.in/images/products/Window%20Price%20Per%20Sqft/sliding-window-price-range-india-1200.webp,,in stock,33386.00 INR,,new,Woodenmax,,,no,Hardware > Building Materials,Home & Garden > glass-railing,glass-railing,IN::Standard:0.00 INR,,glass-railing,luxury,package,standard-size-package,2026
glass-railing-balcony-14x2-std,Balcony Glass Railing System 2 ft glass × 14 ft run · 12mm | Woodenmax,121×45 heavy bottom rail · parapet wall · Glass area 28.0 sq.ft · Live calculator rate. Live package rate from WoodenMax calculator. GST 18% extra. Hyderabad factory. India-wide supply. Configure custom sizes on product page.,https://woodenmax.in/products/glass-railing/balcony-glass-railing,https://woodenmax.in/images/products/Window%20Price%20Per%20Sqft/sliding-window-price-range-india-1200.webp,,in stock,30050.00 INR,,new,Woodenmax,,,no,Hardware > Building Materials,Home & Garden > glass-railing,glass-railing,IN::Standard:0.00 INR,,glass-railing,luxury,package,standard-size-package,2026
glass-railing-balcony-14x2-5-std,Balcony Glass Railing System 2.5 ft glass × 14 ft run · 12mm | Woodenmax,121×45 heavy bottom rail · parapet wall · Glass area 35.0 sq.ft · Live calculator rate. Live package rate from WoodenMax calculator. GST 18% extra. Hyderabad factory. India-wide supply. Configure custom sizes on product page.,https://woodenmax.in/products/glass-railing/balcony-glass-railing,https://woodenmax.in/images/products/Window%20Price%20Per%20Sqft/sliding-window-price-range-india-1200.webp,,in stock,32275.00 INR,,new,Woodenmax,,,no,Hardware > Building Materials,Home & Garden > glass-railing,glass-railing,IN::Standard:0.00 INR,,glass-railing,luxury,package,standard-size-package,2026
glass-railing-balcony-14x3-std,Balcony Glass Railing System 3 ft glass × 14 ft run · 12mm | Woodenmax,121×45 heavy bottom rail · parapet wall · Glass area 42.0 sq.ft · Live calculator rate. Live package rate from WoodenMax calculator. GST 18% extra. Hyderabad factory. India-wide supply. Configure custom sizes on product page.,https://woodenmax.in/products/glass-railing/balcony-glass-railing,https://woodenmax.in/images/products/Window%20Price%20Per%20Sqft/sliding-window-price-range-india-1200.webp,,in stock,34500.00 INR,,new,Woodenmax,,,no,Hardware > Building Materials,Home & Garden > glass-railing,glass-railing,IN::Standard:0.00 INR,,glass-railing,luxury,package,standard-size-package,2026
glass-railing-balcony-14x3-5-std,Balcony Glass Railing System 3.5 ft glass × 14 ft run · 12mm | Woodenmax,121×45 heavy bottom rail · parapet wall · Glass area 49.0 sq.ft · Live calculator rate. Live package rate from WoodenMax calculator. GST 18% extra. Hyderabad factory. India-wide supply. Configure custom sizes on product page.,https://woodenmax.in/products/glass-railing/balcony-glass-railing,https://woodenmax.in/images/products/Window%20Price%20Per%20Sqft/sliding-window-price-range-india-1200.webp,,in stock,36726.00 INR,,new,Woodenmax,,,no,Hardware > Building Materials,Home & Garden > glass-railing,glass-railing,IN::Standard:0.00 INR,,glass-railing,luxury,package,standard-size-package,2026
glass-railing-balcony-14x4-std,Balcony Glass Railing System 4 ft commercial × 14 ft · 12mm | Woodenmax,Commercial facade (no parapet) · 121×45 heavy bottom · 4 ft glass height. Live package rate from WoodenMax calculator. GST 18% extra. Hyderabad factory. India-wide supply. Configure custom sizes on product page.,https://woodenmax.in/products/glass-railing/balcony-glass-railing,https://woodenmax.in/images/products/Window%20Price%20Per%20Sqft/sliding-window-price-range-india-1200.webp,,in stock,38951.00 INR,,new,Woodenmax,,,no,Hardware > Building Materials,Home & Garden > glass-railing,glass-railing,IN::Standard:0.00 INR,,glass-railing,luxury,package,standard-size-package,2026
glass-railing-balcony-16x2-std,Balcony Glass Railing System 2 ft glass × 16 ft run · 12mm | Woodenmax,121×45 heavy bottom rail · parapet wall · Glass area 32.0 sq.ft · Live calculator rate. Live package rate from WoodenMax calculator. GST 18% extra. Hyderabad factory. India-wide supply. Configure custom sizes on product page.,https://woodenmax.in/products/glass-railing/balcony-glass-railing,https://woodenmax.in/images/products/Window%20Price%20Per%20Sqft/sliding-window-price-range-india-1200.webp,,in stock,34342.00 INR,,new,Woodenmax,,,no,Hardware > Building Materials,Home & Garden > glass-railing,glass-railing,IN::Standard:0.00 INR,,glass-railing,luxury,package,standard-size-package,2026
glass-railing-balcony-16x2-5-std,Balcony Glass Railing System 2.5 ft glass × 16 ft run · 12mm | Woodenmax,121×45 heavy bottom rail · parapet wall · Glass area 40.0 sq.ft · Live calculator rate. Live package rate from WoodenMax calculator. GST 18% extra. Hyderabad factory. India-wide supply. Configure custom sizes on product page.,https://woodenmax.in/products/glass-railing/balcony-glass-railing,https://woodenmax.in/images/products/Window%20Price%20Per%20Sqft/sliding-window-price-range-india-1200.webp,,in stock,36886.00 INR,,new,Woodenmax,,,no,Hardware > Building Materials,Home & Garden > glass-railing,glass-railing,IN::Standard:0.00 INR,,glass-railing,luxury,package,standard-size-package,2026
glass-railing-balcony-16x3-std,Balcony Glass Railing System 3 ft glass × 16 ft run · 12mm | Woodenmax,121×45 heavy bottom rail · parapet wall · Glass area 48.0 sq.ft · Live calculator rate. Live package rate from WoodenMax calculator. GST 18% extra. Hyderabad factory. India-wide supply. Configure custom sizes on product page.,https://woodenmax.in/products/glass-railing/balcony-glass-railing,https://woodenmax.in/images/products/Window%20Price%20Per%20Sqft/sliding-window-price-range-india-1200.webp,,in stock,39429.00 INR,,new,Woodenmax,,,no,Hardware > Building Materials,Home & Garden > glass-railing,glass-railing,IN::Standard:0.00 INR,,glass-railing,luxury,package,standard-size-package,2026
glass-railing-balcony-16x3-5-std,Balcony Glass Railing System 3.5 ft glass × 16 ft run · 12mm | Woodenmax,121×45 heavy bottom rail · parapet wall · Glass area 56.0 sq.ft · Live calculator rate. Live package rate from WoodenMax calculator. GST 18% extra. Hyderabad factory. India-wide supply. Configure custom sizes on product page.,https://woodenmax.in/products/glass-railing/balcony-glass-railing,https://woodenmax.in/images/products/Window%20Price%20Per%20Sqft/sliding-window-price-range-india-1200.webp,,in stock,41972.00 INR,,new,Woodenmax,,,no,Hardware > Building Materials,Home & Garden > glass-railing,glass-railing,IN::Standard:0.00 INR,,glass-railing,luxury,package,standard-size-package,2026
glass-railing-balcony-16x4-std,Balcony Glass Railing System 4 ft commercial × 16 ft · 12mm | Woodenmax,Commercial facade (no parapet) · 121×45 heavy bottom · 4 ft glass height. Live package rate from WoodenMax calculator. GST 18% extra. Hyderabad factory. India-wide supply. Configure custom sizes on product page.,https://woodenmax.in/products/glass-railing/balcony-glass-railing,https://woodenmax.in/images/products/Window%20Price%20Per%20Sqft/sliding-window-price-range-india-1200.webp,,in stock,44515.00 INR,,new,Woodenmax,,,no,Hardware > Building Materials,Home & Garden > glass-railing,glass-railing,IN::Standard:0.00 INR,,glass-railing,luxury,package,standard-size-package,2026
glass-railing-balcony-18x2-std,Balcony Glass Railing System 2 ft glass × 18 ft run · 12mm | Woodenmax,121×45 heavy bottom rail · parapet wall · Glass area 36.0 sq.ft · Live calculator rate. Live package rate from WoodenMax calculator. GST 18% extra. Hyderabad factory. India-wide supply. Configure custom sizes on product page.,https://woodenmax.in/products/glass-railing/balcony-glass-railing,https://woodenmax.in/images/products/Window%20Price%20Per%20Sqft/sliding-window-price-range-india-1200.webp,,in stock,38635.00 INR,,new,Woodenmax,,,no,Hardware > Building Materials,Home & Garden > glass-railing,glass-railing,IN::Standard:0.00 INR,,glass-railing,luxury,package,standard-size-package,2026
glass-railing-balcony-18x2-5-std,Balcony Glass Railing System 2.5 ft glass × 18 ft run · 12mm | Woodenmax,121×45 heavy bottom rail · parapet wall · Glass area 45.0 sq.ft · Live calculator rate. Live package rate from WoodenMax calculator. GST 18% extra. Hyderabad factory. India-wide supply. Configure custom sizes on product page.,https://woodenmax.in/products/glass-railing/balcony-glass-railing,https://woodenmax.in/images/products/Window%20Price%20Per%20Sqft/sliding-window-price-range-india-1200.webp,,in stock,41496.00 INR,,new,Woodenmax,,,no,Hardware > Building Materials,Home & Garden > glass-railing,glass-railing,IN::Standard:0.00 INR,,glass-railing,luxury,package,standard-size-package,2026
glass-railing-balcony-18x3-std,Balcony Glass Railing System 3 ft glass × 18 ft run · 12mm | Woodenmax,121×45 heavy bottom rail · parapet wall · Glass area 54.0 sq.ft · Live calculator rate. Live package rate from WoodenMax calculator. GST 18% extra. Hyderabad factory. India-wide supply. Configure custom sizes on product page.,https://woodenmax.in/products/glass-railing/balcony-glass-railing,https://woodenmax.in/images/products/Window%20Price%20Per%20Sqft/sliding-window-price-range-india-1200.webp,,in stock,44357.00 INR,,new,Woodenmax,,,no,Hardware > Building Materials,Home & Garden > glass-railing,glass-railing,IN::Standard:0.00 INR,,glass-railing,luxury,package,standard-size-package,2026
glass-railing-balcony-18x3-5-std,Balcony Glass Railing System 3.5 ft glass × 18 ft run · 12mm | Woodenmax,121×45 heavy bottom rail · parapet wall · Glass area 63.0 sq.ft · Live calculator rate. Live package rate from WoodenMax calculator. GST 18% extra. Hyderabad factory. India-wide supply. Configure custom sizes on product page.,https://woodenmax.in/products/glass-railing/balcony-glass-railing,https://woodenmax.in/images/products/Window%20Price%20Per%20Sqft/sliding-window-price-range-india-1200.webp,,in stock,47219.00 INR,,new,Woodenmax,,,no,Hardware > Building Materials,Home & Garden > glass-railing,glass-railing,IN::Standard:0.00 INR,,glass-railing,luxury,package,standard-size-package,2026
glass-railing-balcony-18x4-std,Balcony Glass Railing System 4 ft commercial × 18 ft · 12mm | Woodenmax,Commercial facade (no parapet) · 121×45 heavy bottom · 4 ft glass height. Live package rate from WoodenMax calculator. GST 18% extra. Hyderabad factory. India-wide supply. Configure custom sizes on product page.,https://woodenmax.in/products/glass-railing/balcony-glass-railing,https://woodenmax.in/images/products/Window%20Price%20Per%20Sqft/sliding-window-price-range-india-1200.webp,,in stock,50080.00 INR,,new,Woodenmax,,,no,Hardware > Building Materials,Home & Garden > glass-railing,glass-railing,IN::Standard:0.00 INR,,glass-railing,luxury,package,standard-size-package,2026
glass-railing-balcony-20x2-std,Balcony Glass Railing System 2 ft glass × 20 ft run · 12mm | Woodenmax,121×45 heavy bottom rail · parapet wall · Glass area 40.0 sq.ft · Live calculator rate. Live package rate from WoodenMax calculator. GST 18% extra. Hyderabad factory. India-wide supply. Configure custom sizes on product page.,https://woodenmax.in/products/glass-railing/balcony-glass-railing,https://woodenmax.in/images/products/Window%20Price%20Per%20Sqft/sliding-window-price-range-india-1200.webp,,in stock,42928.00 INR,,new,Woodenmax,,,no,Hardware > Building Materials,Home & Garden > glass-railing,glass-railing,IN::Standard:0.00 INR,,glass-railing,luxury,package,standard-size-package,2026
glass-railing-balcony-20x2-5-std,Balcony Glass Railing System 2.5 ft glass × 20 ft run · 12mm | Woodenmax,121×45 heavy bottom rail · parapet wall · Glass area 50.0 sq.ft · Live calculator rate. Live package rate from WoodenMax calculator. GST 18% extra. Hyderabad factory. India-wide supply. Configure custom sizes on product page.,https://woodenmax.in/products/glass-railing/balcony-glass-railing,https://woodenmax.in/images/products/Window%20Price%20Per%20Sqft/sliding-window-price-range-india-1200.webp,,in stock,46107.00 INR,,new,Woodenmax,,,no,Hardware > Building Materials,Home & Garden > glass-railing,glass-railing,IN::Standard:0.00 INR,,glass-railing,luxury,package,standard-size-package,2026
glass-railing-balcony-20x3-std,Balcony Glass Railing System 3 ft glass × 20 ft run · 12mm | Woodenmax,121×45 heavy bottom rail · parapet wall · Glass area 60.0 sq.ft · Live calculator rate. Live package rate from WoodenMax calculator. GST 18% extra. Hyderabad factory. India-wide supply. Configure custom sizes on product page.,https://woodenmax.in/products/glass-railing/balcony-glass-railing,https://woodenmax.in/images/products/Window%20Price%20Per%20Sqft/sliding-window-price-range-india-1200.webp,,in stock,49286.00 INR,,new,Woodenmax,,,no,Hardware > Building Materials,Home & Garden > glass-railing,glass-railing,IN::Standard:0.00 INR,,glass-railing,luxury,package,standard-size-package,2026
glass-railing-balcony-20x3-5-std,Balcony Glass Railing System 3.5 ft glass × 20 ft run · 12mm | Woodenmax,121×45 heavy bottom rail · parapet wall · Glass area 70.0 sq.ft · Live calculator rate. Live package rate from WoodenMax calculator. GST 18% extra. Hyderabad factory. India-wide supply. Configure custom sizes on product page.,https://woodenmax.in/products/glass-railing/balcony-glass-railing,https://woodenmax.in/images/products/Window%20Price%20Per%20Sqft/sliding-window-price-range-india-1200.webp,,in stock,52465.00 INR,,new,Woodenmax,,,no,Hardware > Building Materials,Home & Garden > glass-railing,glass-railing,IN::Standard:0.00 INR,,glass-railing,luxury,package,standard-size-package,2026
glass-railing-balcony-20x4-std,Balcony Glass Railing System 4 ft commercial × 20 ft · 12mm | Woodenmax,Commercial facade (no parapet) · 121×45 heavy bottom · 4 ft glass height. Live package rate from WoodenMax calculator. GST 18% extra. Hyderabad factory. India-wide supply. Configure custom sizes on product page.,https://woodenmax.in/products/glass-railing/balcony-glass-railing,https://woodenmax.in/images/products/Window%20Price%20Per%20Sqft/sliding-window-price-range-india-1200.webp,,in stock,55644.00 INR,,new,Woodenmax,,,no,Hardware > Building Materials,Home & Garden > glass-railing,glass-railing,IN::Standard:0.00 INR,,glass-railing,luxury,package,standard-size-package,2026
glass-railing-staircase-8x2-std,Staircase Glass Railing System 2 ft glass × 8 ft run · 12mm | Woodenmax,SS pillar on treads · 25×25 handrail · Glass area 16.0 sq.ft · Live calculator rate. Live package rate from WoodenMax calculator. GST 18% extra. Hyderabad factory. India-wide supply. Configure custom sizes on product page.,https://woodenmax.in/products/glass-railing/staircase-glass-railing,https://woodenmax.in/images/products/Window%20Price%20Per%20Sqft/sliding-window-price-range-india-1200.webp,,in stock,13348.00 INR,,new,Woodenmax,,,no,Hardware > Building Materials,Home & Garden > glass-railing,glass-railing,IN::Standard:0.00 INR,,glass-railing,luxury,package,standard-size-package,2026
glass-railing-staircase-8x2-5-std,Staircase Glass Railing System 2.5 ft glass × 8 ft run · 12mm | Woodenmax,SS pillar on treads · 25×25 handrail · Glass area 20.0 sq.ft · Live calculator rate. Live package rate from WoodenMax calculator. GST 18% extra. Hyderabad factory. India-wide supply. Configure custom sizes on product page.,https://woodenmax.in/products/glass-railing/staircase-glass-railing,https://woodenmax.in/images/products/Window%20Price%20Per%20Sqft/sliding-window-price-range-india-1200.webp,,in stock,14874.00 INR,,new,Woodenmax,,,no,Hardware > Building Materials,Home & Garden > glass-railing,glass-railing,IN::Standard:0.00 INR,,glass-railing,luxury,package,standard-size-package,2026
glass-railing-staircase-8x3-std,Staircase Glass Railing System 3 ft glass × 8 ft run · 12mm | Woodenmax,SS pillar on treads · 25×25 handrail · Glass area 24.0 sq.ft · Live calculator rate. Live package rate from WoodenMax calculator. GST 18% extra. Hyderabad factory. India-wide supply. Configure custom sizes on product page.,https://woodenmax.in/products/glass-railing/staircase-glass-railing,https://woodenmax.in/images/products/Window%20Price%20Per%20Sqft/sliding-window-price-range-india-1200.webp,,in stock,16400.00 INR,,new,Woodenmax,,,no,Hardware > Building Materials,Home & Garden > glass-railing,glass-railing,IN::Standard:0.00 INR,,glass-railing,luxury,package,standard-size-package,2026
glass-railing-staircase-8x3-5-std,Staircase Glass Railing System 3.5 ft glass × 8 ft run · 12mm | Woodenmax,SS pillar on treads · 25×25 handrail · Glass area 28.0 sq.ft · Live calculator rate. Live package rate from WoodenMax calculator. GST 18% extra. Hyderabad factory. India-wide supply. Configure custom sizes on product page.,https://woodenmax.in/products/glass-railing/staircase-glass-railing,https://woodenmax.in/images/products/Window%20Price%20Per%20Sqft/sliding-window-price-range-india-1200.webp,,in stock,17926.00 INR,,new,Woodenmax,,,no,Hardware > Building Materials,Home & Garden > glass-railing,glass-railing,IN::Standard:0.00 INR,,glass-railing,luxury,package,standard-size-package,2026
glass-railing-staircase-10x2-std,Staircase Glass Railing System 2 ft glass × 10 ft run · 12mm | Woodenmax,SS pillar on treads · 25×25 handrail · Glass area 20.0 sq.ft · Live calculator rate. Live package rate from WoodenMax calculator. GST 18% extra. Hyderabad factory. India-wide supply. Configure custom sizes on product page.,https://woodenmax.in/products/glass-railing/staircase-glass-railing,https://woodenmax.in/images/products/Window%20Price%20Per%20Sqft/sliding-window-price-range-india-1200.webp,,in stock,15986.00 INR,,new,Woodenmax,,,no,Hardware > Building Materials,Home & Garden > glass-railing,glass-railing,IN::Standard:0.00 INR,,glass-railing,luxury,package,standard-size-package,2026
glass-railing-staircase-10x2-5-std,Staircase Glass Railing System 2.5 ft glass × 10 ft run · 12mm | Woodenmax,SS pillar on treads · 25×25 handrail · Glass area 25.0 sq.ft · Live calculator rate. Live package rate from WoodenMax calculator. GST 18% extra. Hyderabad factory. India-wide supply. Configure custom sizes on product page.,https://woodenmax.in/products/glass-railing/staircase-glass-railing,https://woodenmax.in/images/products/Window%20Price%20Per%20Sqft/sliding-window-price-range-india-1200.webp,,in stock,17893.00 INR,,new,Woodenmax,,,no,Hardware > Building Materials,Home & Garden > glass-railing,glass-railing,IN::Standard:0.00 INR,,glass-railing,luxury,package,standard-size-package,2026
glass-railing-staircase-10x3-std,Staircase Glass Railing System 3 ft glass × 10 ft run · 12mm | Woodenmax,SS pillar on treads · 25×25 handrail · Glass area 30.0 sq.ft · Live calculator rate. Live package rate from WoodenMax calculator. GST 18% extra. Hyderabad factory. India-wide supply. Configure custom sizes on product page.,https://woodenmax.in/products/glass-railing/staircase-glass-railing,https://woodenmax.in/images/products/Window%20Price%20Per%20Sqft/sliding-window-price-range-india-1200.webp,,in stock,19801.00 INR,,new,Woodenmax,,,no,Hardware > Building Materials,Home & Garden > glass-railing,glass-railing,IN::Standard:0.00 INR,,glass-railing,luxury,package,standard-size-package,2026
glass-railing-staircase-10x3-5-std,Staircase Glass Railing System 3.5 ft glass × 10 ft run · 12mm | Woodenmax,SS pillar on treads · 25×25 handrail · Glass area 35.0 sq.ft · Live calculator rate. Live package rate from WoodenMax calculator. GST 18% extra. Hyderabad factory. India-wide supply. Configure custom sizes on product page.,https://woodenmax.in/products/glass-railing/staircase-glass-railing,https://woodenmax.in/images/products/Window%20Price%20Per%20Sqft/sliding-window-price-range-india-1200.webp,,in stock,21708.00 INR,,new,Woodenmax,,,no,Hardware > Building Materials,Home & Garden > glass-railing,glass-railing,IN::Standard:0.00 INR,,glass-railing,luxury,package,standard-size-package,2026
glass-railing-staircase-12x2-std,Staircase Glass Railing System 2 ft glass × 12 ft run · 12mm | Woodenmax,SS pillar on treads · 25×25 handrail · Glass area 24.0 sq.ft · Live calculator rate. Live package rate from WoodenMax calculator. GST 18% extra. Hyderabad factory. India-wide supply. Configure custom sizes on product page.,https://woodenmax.in/products/glass-railing/staircase-glass-railing,https://woodenmax.in/images/products/Window%20Price%20Per%20Sqft/sliding-window-price-range-india-1200.webp,,in stock,19323.00 INR,,new,Woodenmax,,,no,Hardware > Building Materials,Home & Garden > glass-railing,glass-railing,IN::Standard:0.00 INR,,glass-railing,luxury,package,standard-size-package,2026
glass-railing-staircase-12x2-5-std,Staircase Glass Railing System 2.5 ft glass × 12 ft run · 12mm | Woodenmax,SS pillar on treads · 25×25 handrail · Glass area 30.0 sq.ft · Live calculator rate. Live package rate from WoodenMax calculator. GST 18% extra. Hyderabad factory. India-wide supply. Configure custom sizes on product page.,https://woodenmax.in/products/glass-railing/staircase-glass-railing,https://woodenmax.in/images/products/Window%20Price%20Per%20Sqft/sliding-window-price-range-india-1200.webp,,in stock,21612.00 INR,,new,Woodenmax,,,no,Hardware > Building Materials,Home & Garden > glass-railing,glass-railing,IN::Standard:0.00 INR,,glass-railing,luxury,package,standard-size-package,2026
glass-railing-staircase-12x3-std,Staircase Glass Railing System 3 ft glass × 12 ft run · 12mm | Woodenmax,SS pillar on treads · 25×25 handrail · Glass area 36.0 sq.ft · Live calculator rate. Live package rate from WoodenMax calculator. GST 18% extra. Hyderabad factory. India-wide supply. Configure custom sizes on product page.,https://woodenmax.in/products/glass-railing/staircase-glass-railing,https://woodenmax.in/images/products/Window%20Price%20Per%20Sqft/sliding-window-price-range-india-1200.webp,,in stock,23901.00 INR,,new,Woodenmax,,,no,Hardware > Building Materials,Home & Garden > glass-railing,glass-railing,IN::Standard:0.00 INR,,glass-railing,luxury,package,standard-size-package,2026
glass-railing-staircase-12x3-5-std,Staircase Glass Railing System 3.5 ft glass × 12 ft run · 12mm | Woodenmax,SS pillar on treads · 25×25 handrail · Glass area 42.0 sq.ft · Live calculator rate. Live package rate from WoodenMax calculator. GST 18% extra. Hyderabad factory. India-wide supply. Configure custom sizes on product page.,https://woodenmax.in/products/glass-railing/staircase-glass-railing,https://woodenmax.in/images/products/Window%20Price%20Per%20Sqft/sliding-window-price-range-india-1200.webp,,in stock,26190.00 INR,,new,Woodenmax,,,no,Hardware > Building Materials,Home & Garden > glass-railing,glass-railing,IN::Standard:0.00 INR,,glass-railing,luxury,package,standard-size-package,2026
glass-railing-staircase-14x2-std,Staircase Glass Railing System 2 ft glass × 14 ft run · 12mm | Woodenmax,SS pillar on treads · 25×25 handrail · Glass area 28.0 sq.ft · Live calculator rate. Live package rate from WoodenMax calculator. GST 18% extra. Hyderabad factory. India-wide supply. Configure custom sizes on product page.,https://woodenmax.in/products/glass-railing/staircase-glass-railing,https://woodenmax.in/images/products/Window%20Price%20Per%20Sqft/sliding-window-price-range-india-1200.webp,,in stock,22660.00 INR,,new,Woodenmax,,,no,Hardware > Building Materials,Home & Garden > glass-railing,glass-railing,IN::Standard:0.00 INR,,glass-railing,luxury,package,standard-size-package,2026
glass-railing-staircase-14x2-5-std,Staircase Glass Railing System 2.5 ft glass × 14 ft run · 12mm | Woodenmax,SS pillar on treads · 25×25 handrail · Glass area 35.0 sq.ft · Live calculator rate. Live package rate from WoodenMax calculator. GST 18% extra. Hyderabad factory. India-wide supply. Configure custom sizes on product page.,https://woodenmax.in/products/glass-railing/staircase-glass-railing,https://woodenmax.in/images/products/Window%20Price%20Per%20Sqft/sliding-window-price-range-india-1200.webp,,in stock,25331.00 INR,,new,Woodenmax,,,no,Hardware > Building Materials,Home & Garden > glass-railing,glass-railing,IN::Standard:0.00 INR,,glass-railing,luxury,package,standard-size-package,2026
glass-railing-staircase-14x3-std,Staircase Glass Railing System 3 ft glass × 14 ft run · 12mm | Woodenmax,SS pillar on treads · 25×25 handrail · Glass area 42.0 sq.ft · Live calculator rate. Live package rate from WoodenMax calculator. GST 18% extra. Hyderabad factory. India-wide supply. Configure custom sizes on product page.,https://woodenmax.in/products/glass-railing/staircase-glass-railing,https://woodenmax.in/images/products/Window%20Price%20Per%20Sqft/sliding-window-price-range-india-1200.webp,,in stock,28001.00 INR,,new,Woodenmax,,,no,Hardware > Building Materials,Home & Garden > glass-railing,glass-railing,IN::Standard:0.00 INR,,glass-railing,luxury,package,standard-size-package,2026
glass-railing-staircase-14x3-5-std,Staircase Glass Railing System 3.5 ft glass × 14 ft run · 12mm | Woodenmax,SS pillar on treads · 25×25 handrail · Glass area 49.0 sq.ft · Live calculator rate. Live package rate from WoodenMax calculator. GST 18% extra. Hyderabad factory. India-wide supply. Configure custom sizes on product page.,https://woodenmax.in/products/glass-railing/staircase-glass-railing,https://woodenmax.in/images/products/Window%20Price%20Per%20Sqft/sliding-window-price-range-india-1200.webp,,in stock,30671.00 INR,,new,Woodenmax,,,no,Hardware > Building Materials,Home & Garden > glass-railing,glass-railing,IN::Standard:0.00 INR,,glass-railing,luxury,package,standard-size-package,2026
glass-railing-staircase-16x2-std,Staircase Glass Railing System 2 ft glass × 16 ft run · 12mm | Woodenmax,SS pillar on treads · 25×25 handrail · Glass area 32.0 sq.ft · Live calculator rate. Live package rate from WoodenMax calculator. GST 18% extra. Hyderabad factory. India-wide supply. Configure custom sizes on product page.,https://woodenmax.in/products/glass-railing/staircase-glass-railing,https://woodenmax.in/images/products/Window%20Price%20Per%20Sqft/sliding-window-price-range-india-1200.webp,,in stock,25997.00 INR,,new,Woodenmax,,,no,Hardware > Building Materials,Home & Garden > glass-railing,glass-railing,IN::Standard:0.00 INR,,glass-railing,luxury,package,standard-size-package,2026
glass-railing-staircase-16x2-5-std,Staircase Glass Railing System 2.5 ft glass × 16 ft run · 12mm | Woodenmax,SS pillar on treads · 25×25 handrail · Glass area 40.0 sq.ft · Live calculator rate. Live package rate from WoodenMax calculator. GST 18% extra. Hyderabad factory. India-wide supply. Configure custom sizes on product page.,https://woodenmax.in/products/glass-railing/staircase-glass-railing,https://woodenmax.in/images/products/Window%20Price%20Per%20Sqft/sliding-window-price-range-india-1200.webp,,in stock,29049.00 INR,,new,Woodenmax,,,no,Hardware > Building Materials,Home & Garden > glass-railing,glass-railing,IN::Standard:0.00 INR,,glass-railing,luxury,package,standard-size-package,2026
glass-railing-staircase-16x3-std,Staircase Glass Railing System 3 ft glass × 16 ft run · 12mm | Woodenmax,SS pillar on treads · 25×25 handrail · Glass area 48.0 sq.ft · Live calculator rate. Live package rate from WoodenMax calculator. GST 18% extra. Hyderabad factory. India-wide supply. Configure custom sizes on product page.,https://woodenmax.in/products/glass-railing/staircase-glass-railing,https://woodenmax.in/images/products/Window%20Price%20Per%20Sqft/sliding-window-price-range-india-1200.webp,,in stock,32101.00 INR,,new,Woodenmax,,,no,Hardware > Building Materials,Home & Garden > glass-railing,glass-railing,IN::Standard:0.00 INR,,glass-railing,luxury,package,standard-size-package,2026
glass-railing-staircase-16x3-5-std,Staircase Glass Railing System 3.5 ft glass × 16 ft run · 12mm | Woodenmax,SS pillar on treads · 25×25 handrail · Glass area 56.0 sq.ft · Live calculator rate. Live package rate from WoodenMax calculator. GST 18% extra. Hyderabad factory. India-wide supply. Configure custom sizes on product page.,https://woodenmax.in/products/glass-railing/staircase-glass-railing,https://woodenmax.in/images/products/Window%20Price%20Per%20Sqft/sliding-window-price-range-india-1200.webp,,in stock,35153.00 INR,,new,Woodenmax,,,no,Hardware > Building Materials,Home & Garden > glass-railing,glass-railing,IN::Standard:0.00 INR,,glass-railing,luxury,package,standard-size-package,2026
glass-railing-staircase-18x2-std,Staircase Glass Railing System 2 ft glass × 18 ft run · 12mm | Woodenmax,SS pillar on treads · 25×25 handrail · Glass area 36.0 sq.ft · Live calculator rate. Live package rate from WoodenMax calculator. GST 18% extra. Hyderabad factory. India-wide supply. Configure custom sizes on product page.,https://woodenmax.in/products/glass-railing/staircase-glass-railing,https://woodenmax.in/images/products/Window%20Price%20Per%20Sqft/sliding-window-price-range-india-1200.webp,,in stock,29334.00 INR,,new,Woodenmax,,,no,Hardware > Building Materials,Home & Garden > glass-railing,glass-railing,IN::Standard:0.00 INR,,glass-railing,luxury,package,standard-size-package,2026
glass-railing-staircase-18x2-5-std,Staircase Glass Railing System 2.5 ft glass × 18 ft run · 12mm | Woodenmax,SS pillar on treads · 25×25 handrail · Glass area 45.0 sq.ft · Live calculator rate. Live package rate from WoodenMax calculator. GST 18% extra. Hyderabad factory. India-wide supply. Configure custom sizes on product page.,https://woodenmax.in/products/glass-railing/staircase-glass-railing,https://woodenmax.in/images/products/Window%20Price%20Per%20Sqft/sliding-window-price-range-india-1200.webp,,in stock,32768.00 INR,,new,Woodenmax,,,no,Hardware > Building Materials,Home & Garden > glass-railing,glass-railing,IN::Standard:0.00 INR,,glass-railing,luxury,package,standard-size-package,2026
glass-railing-staircase-18x3-std,Staircase Glass Railing System 3 ft glass × 18 ft run · 12mm | Woodenmax,SS pillar on treads · 25×25 handrail · Glass area 54.0 sq.ft · Live calculator rate. Live package rate from WoodenMax calculator. GST 18% extra. Hyderabad factory. India-wide supply. Configure custom sizes on product page.,https://woodenmax.in/products/glass-railing/staircase-glass-railing,https://woodenmax.in/images/products/Window%20Price%20Per%20Sqft/sliding-window-price-range-india-1200.webp,,in stock,36201.00 INR,,new,Woodenmax,,,no,Hardware > Building Materials,Home & Garden > glass-railing,glass-railing,IN::Standard:0.00 INR,,glass-railing,luxury,package,standard-size-package,2026
glass-railing-staircase-18x3-5-std,Staircase Glass Railing System 3.5 ft glass × 18 ft run · 12mm | Woodenmax,SS pillar on treads · 25×25 handrail · Glass area 63.0 sq.ft · Live calculator rate. Live package rate from WoodenMax calculator. GST 18% extra. Hyderabad factory. India-wide supply. Configure custom sizes on product page.,https://woodenmax.in/products/glass-railing/staircase-glass-railing,https://woodenmax.in/images/products/Window%20Price%20Per%20Sqft/sliding-window-price-range-india-1200.webp,,in stock,39634.00 INR,,new,Woodenmax,,,no,Hardware > Building Materials,Home & Garden > glass-railing,glass-railing,IN::Standard:0.00 INR,,glass-railing,luxury,package,standard-size-package,2026
glass-railing-staircase-20x2-std,Staircase Glass Railing System 2 ft glass × 20 ft run · 12mm | Woodenmax,SS pillar on treads · 25×25 handrail · Glass area 40.0 sq.ft · Live calculator rate. Live package rate from WoodenMax calculator. GST 18% extra. Hyderabad factory. India-wide supply. Configure custom sizes on product page.,https://woodenmax.in/products/glass-railing/staircase-glass-railing,https://woodenmax.in/images/products/Window%20Price%20Per%20Sqft/sliding-window-price-range-india-1200.webp,,in stock,31972.00 INR,,new,Woodenmax,,,no,Hardware > Building Materials,Home & Garden > glass-railing,glass-railing,IN::Standard:0.00 INR,,glass-railing,luxury,package,standard-size-package,2026
glass-railing-staircase-20x2-5-std,Staircase Glass Railing System 2.5 ft glass × 20 ft run · 12mm | Woodenmax,SS pillar on treads · 25×25 handrail · Glass area 50.0 sq.ft · Live calculator rate. Live package rate from WoodenMax calculator. GST 18% extra. Hyderabad factory. India-wide supply. Configure custom sizes on product page.,https://woodenmax.in/products/glass-railing/staircase-glass-railing,https://woodenmax.in/images/products/Window%20Price%20Per%20Sqft/sliding-window-price-range-india-1200.webp,,in stock,35787.00 INR,,new,Woodenmax,,,no,Hardware > Building Materials,Home & Garden > glass-railing,glass-railing,IN::Standard:0.00 INR,,glass-railing,luxury,package,standard-size-package,2026
glass-railing-staircase-20x3-std,Staircase Glass Railing System 3 ft glass × 20 ft run · 12mm | Woodenmax,SS pillar on treads · 25×25 handrail · Glass area 60.0 sq.ft · Live calculator rate. Live package rate from WoodenMax calculator. GST 18% extra. Hyderabad factory. India-wide supply. Configure custom sizes on product page.,https://woodenmax.in/products/glass-railing/staircase-glass-railing,https://woodenmax.in/images/products/Window%20Price%20Per%20Sqft/sliding-window-price-range-india-1200.webp,,in stock,39602.00 INR,,new,Woodenmax,,,no,Hardware > Building Materials,Home & Garden > glass-railing,glass-railing,IN::Standard:0.00 INR,,glass-railing,luxury,package,standard-size-package,2026
glass-railing-staircase-20x3-5-std,Staircase Glass Railing System 3.5 ft glass × 20 ft run · 12mm | Woodenmax,SS pillar on treads · 25×25 handrail · Glass area 70.0 sq.ft · Live calculator rate. Live package rate from WoodenMax calculator. GST 18% extra. Hyderabad factory. India-wide supply. Configure custom sizes on product page.,https://woodenmax.in/products/glass-railing/staircase-glass-railing,https://woodenmax.in/images/products/Window%20Price%20Per%20Sqft/sliding-window-price-range-india-1200.webp,,in stock,43416.00 INR,,new,Woodenmax,,,no,Hardware > Building Materials,Home & Garden > glass-railing,glass-railing,IN::Standard:0.00 INR,,glass-railing,luxury,package,standard-size-package,2026
mirror-bevel-modular-1-5x2-std,LED Mirror 1.5×2 ft · Without Profile · Without LED | Woodenmax,Bevel modular package · Live mirror rates · Without Profile · Without LED. Live package rate from WoodenMax calculator. GST 18% extra. Hyderabad factory. India-wide supply. Configure custom sizes on product page.,https://woodenmax.in/products/mirror-profiles/mirror-profile-price-per-foot,https://woodenmax.in/images/products/mirror-profiles/aluminium-mirror-profile-price-per-foot-india.webp,,in stock,2805.00 INR,,new,Woodenmax,,,no,Hardware > Building Materials,Home & Garden > mirror-profiles,mirror-profiles,IN::Standard:0.00 INR,,mirror-profiles,luxury,package,standard-size-package,2026
mirror-bevel-modular-1-5x2-std-prof,LED Mirror 1.5×2 ft · With Profile · Without LED | Woodenmax,Bevel modular package · Live mirror rates · With Profile · Without LED. Live package rate from WoodenMax calculator. GST 18% extra. Hyderabad factory. India-wide supply. Configure custom sizes on product page.,https://woodenmax.in/products/mirror-profiles/mirror-profile-price-per-foot,https://woodenmax.in/images/products/mirror-profiles/aluminium-mirror-profile-price-per-foot-india.webp,,in stock,3630.00 INR,,new,Woodenmax,,,no,Hardware > Building Materials,Home & Garden > mirror-profiles,mirror-profiles,IN::Standard:0.00 INR,,mirror-profiles,luxury,package,standard-size-package,2026
mirror-bevel-modular-1-5x2-std-led,LED Mirror 1.5×2 ft · Without Profile · With LED | Woodenmax,Bevel modular package · Live mirror rates · Without Profile · With LED. Live package rate from WoodenMax calculator. GST 18% extra. Hyderabad factory. India-wide supply. Configure custom sizes on product page.,https://woodenmax.in/products/mirror-profiles/mirror-profile-price-per-foot,https://woodenmax.in/images/products/mirror-profiles/aluminium-mirror-profile-price-per-foot-india.webp,,in stock,3201.00 INR,,new,Woodenmax,,,no,Hardware > Building Materials,Home & Garden > mirror-profiles,mirror-profiles,IN::Standard:0.00 INR,,mirror-profiles,luxury,package,standard-size-package,2026
mirror-bevel-modular-1-5x2-std-prof-led,LED Mirror 1.5×2 ft · With Profile · With LED | Woodenmax,Bevel modular package · Live mirror rates · With Profile · With LED. Live package rate from WoodenMax calculator. GST 18% extra. Hyderabad factory. India-wide supply. Configure custom sizes on product page.,https://woodenmax.in/products/mirror-profiles/mirror-profile-price-per-foot,https://woodenmax.in/images/products/mirror-profiles/aluminium-mirror-profile-price-per-foot-india.webp,,in stock,4026.00 INR,,new,Woodenmax,,,no,Hardware > Building Materials,Home & Garden > mirror-profiles,mirror-profiles,IN::Standard:0.00 INR,,mirror-profiles,luxury,package,standard-size-package,2026
mirror-bevel-modular-2x2-std,LED Mirror 2×2 ft · Without Profile · Without LED | Woodenmax,Bevel modular package · Live mirror rates · Without Profile · Without LED. Live package rate from WoodenMax calculator. GST 18% extra. Hyderabad factory. India-wide supply. Configure custom sizes on product page.,https://woodenmax.in/products/mirror-profiles/mirror-profile-price-per-foot,https://woodenmax.in/images/products/mirror-profiles/aluminium-mirror-profile-price-per-foot-india.webp,,in stock,3740.00 INR,,new,Woodenmax,,,no,Hardware > Building Materials,Home & Garden > mirror-profiles,mirror-profiles,IN::Standard:0.00 INR,,mirror-profiles,luxury,package,standard-size-package,2026
mirror-bevel-modular-2x2-std-prof,LED Mirror 2×2 ft · With Profile · Without LED | Woodenmax,Bevel modular package · Live mirror rates · With Profile · Without LED. Live package rate from WoodenMax calculator. GST 18% extra. Hyderabad factory. India-wide supply. Configure custom sizes on product page.,https://woodenmax.in/products/mirror-profiles/mirror-profile-price-per-foot,https://woodenmax.in/images/products/mirror-profiles/aluminium-mirror-profile-price-per-foot-india.webp,,in stock,4840.00 INR,,new,Woodenmax,,,no,Hardware > Building Materials,Home & Garden > mirror-profiles,mirror-profiles,IN::Standard:0.00 INR,,mirror-profiles,luxury,package,standard-size-package,2026
mirror-bevel-modular-2x2-std-led,LED Mirror 2×2 ft · Without Profile · With LED | Woodenmax,Bevel modular package · Live mirror rates · Without Profile · With LED. Live package rate from WoodenMax calculator. GST 18% extra. Hyderabad factory. India-wide supply. Configure custom sizes on product page.,https://woodenmax.in/products/mirror-profiles/mirror-profile-price-per-foot,https://woodenmax.in/images/products/mirror-profiles/aluminium-mirror-profile-price-per-foot-india.webp,,in stock,4268.00 INR,,new,Woodenmax,,,no,Hardware > Building Materials,Home & Garden > mirror-profiles,mirror-profiles,IN::Standard:0.00 INR,,mirror-profiles,luxury,package,standard-size-package,2026
mirror-bevel-modular-2x2-std-prof-led,LED Mirror 2×2 ft · With Profile · With LED | Woodenmax,Bevel modular package · Live mirror rates · With Profile · With LED. Live package rate from WoodenMax calculator. GST 18% extra. Hyderabad factory. India-wide supply. Configure custom sizes on product page.,https://woodenmax.in/products/mirror-profiles/mirror-profile-price-per-foot,https://woodenmax.in/images/products/mirror-profiles/aluminium-mirror-profile-price-per-foot-india.webp,,in stock,5368.00 INR,,new,Woodenmax,,,no,Hardware > Building Materials,Home & Garden > mirror-profiles,mirror-profiles,IN::Standard:0.00 INR,,mirror-profiles,luxury,package,standard-size-package,2026
mirror-bevel-modular-2-5x3-std,LED Mirror 2.5×3 ft · Without Profile · Without LED | Woodenmax,Bevel modular package · Live mirror rates · Without Profile · Without LED. Live package rate from WoodenMax calculator. GST 18% extra. Hyderabad factory. India-wide supply. Configure custom sizes on product page.,https://woodenmax.in/products/mirror-profiles/mirror-profile-price-per-foot,https://woodenmax.in/images/products/mirror-profiles/aluminium-mirror-profile-price-per-foot-india.webp,,in stock,7013.00 INR,,new,Woodenmax,,,no,Hardware > Building Materials,Home & Garden > mirror-profiles,mirror-profiles,IN::Standard:0.00 INR,,mirror-profiles,luxury,package,standard-size-package,2026
mirror-bevel-modular-2-5x3-std-prof,LED Mirror 2.5×3 ft · With Profile · Without LED | Woodenmax,Bevel modular package · Live mirror rates · With Profile · Without LED. Live package rate from WoodenMax calculator. GST 18% extra. Hyderabad factory. India-wide supply. Configure custom sizes on product page.,https://woodenmax.in/products/mirror-profiles/mirror-profile-price-per-foot,https://woodenmax.in/images/products/mirror-profiles/aluminium-mirror-profile-price-per-foot-india.webp,,in stock,9075.00 INR,,new,Woodenmax,,,no,Hardware > Building Materials,Home & Garden > mirror-profiles,mirror-profiles,IN::Standard:0.00 INR,,mirror-profiles,luxury,package,standard-size-package,2026
mirror-bevel-modular-2-5x3-std-led,LED Mirror 2.5×3 ft · Without Profile · With LED | Woodenmax,Bevel modular package · Live mirror rates · Without Profile · With LED. Live package rate from WoodenMax calculator. GST 18% extra. Hyderabad factory. India-wide supply. Configure custom sizes on product page.,https://woodenmax.in/products/mirror-profiles/mirror-profile-price-per-foot,https://woodenmax.in/images/products/mirror-profiles/aluminium-mirror-profile-price-per-foot-india.webp,,in stock,8003.00 INR,,new,Woodenmax,,,no,Hardware > Building Materials,Home & Garden > mirror-profiles,mirror-profiles,IN::Standard:0.00 INR,,mirror-profiles,luxury,package,standard-size-package,2026
mirror-bevel-modular-2-5x3-std-prof-led,LED Mirror 2.5×3 ft · With Profile · With LED | Woodenmax,Bevel modular package · Live mirror rates · With Profile · With LED. Live package rate from WoodenMax calculator. GST 18% extra. Hyderabad factory. India-wide supply. Configure custom sizes on product page.,https://woodenmax.in/products/mirror-profiles/mirror-profile-price-per-foot,https://woodenmax.in/images/products/mirror-profiles/aluminium-mirror-profile-price-per-foot-india.webp,,in stock,10065.00 INR,,new,Woodenmax,,,no,Hardware > Building Materials,Home & Garden > mirror-profiles,mirror-profiles,IN::Standard:0.00 INR,,mirror-profiles,luxury,package,standard-size-package,2026
